/home/tstanley/miniconda3/envs/vmamba_copy/lib/python3.10/site-packages/requests/__init__.py:113: RequestsDependencyWarning: urllib3 (1.26.20) or chardet (7.0.1)/charset_normalizer (3.1.0) doesn't match a supported version!
  warnings.warn(
/home/tstanley/miniconda3/envs/vmamba_copy/lib/python3.10/site-packages/requests/__init__.py:113: RequestsDependencyWarning: urllib3 (1.26.20) or chardet (7.0.1)/charset_normalizer (3.1.0) doesn't match a supported version!
  warnings.warn(
2026-03-24 16:59:17 | INFO     | __main__:131 - DDP launch: use_ddp=True, rank=1, world_size=2, local_gpu=0, launched_with_env=True
2026-03-24 16:59:17 | INFO     | __main__:131 - DDP launch: use_ddp=True, rank=0, world_size=2, local_gpu=0, launched_with_env=True
[rank1]:[W324 16:59:18.773303415 ProcessGroupNCCL.cpp:5138] Guessing device ID based on global rank. This can cause a hang if rank to GPU mapping is heterogeneous. You can specify device_id in init_process_group()
[rank0]:[W324 16:59:28.912523863 ProcessGroupNCCL.cpp:5138] Guessing device ID based on global rank. This can cause a hang if rank to GPU mapping is heterogeneous. You can specify device_id in init_process_group()
2026-03-24 17:00:13 | INFO     | __main__:157 - geolang(
  (backbone): CLIP(
    (visual): VSSM(
      (patch_embed): Sequential(
        (0): Conv2d(3, 64, kernel_size=(3, 3), stride=(2, 2), padding=(1, 1))
        (1): Permute()
        (2): LayerNorm((64,), eps=1e-05, elementwise_affine=True)
        (3): Permute()
        (4): GELU(approximate='none')
        (5): Conv2d(64, 128, kernel_size=(3, 3), stride=(2, 2), padding=(1, 1))
        (6): Permute()
        (7): LayerNorm((128,), eps=1e-05, elementwise_affine=True)
      )
      (layers): ModuleList(
        (0): Sequential(
          (blocks): Sequential(
            (0): VSSBlock(
              (norm): LayerNorm((128,), eps=1e-05, elementwise_affine=True)
              (op): SS2D(
                (out_norm): LayerNorm((256,), eps=1e-05, elementwise_affine=True)
                (in_proj): Linear(in_features=128, out_features=256, bias=False)
                (act): SiLU()
                (conv2d): Conv2d(256, 256, kernel_size=(3, 3), stride=(1, 1), padding=(1, 1), groups=256, bias=False)
                (out_proj): Linear(in_features=256, out_features=128, bias=False)
                (dropout): Identity()
              )
              (drop_path): timm.DropPath(0.0)
              (norm2): LayerNorm((128,), eps=1e-05, elementwise_affine=True)
              (mlp): Mlp(
                (fc1): Linear(in_features=128, out_features=512, bias=True)
                (act): GELU(approximate='none')
                (fc2): Linear(in_features=512, out_features=128, bias=True)
                (drop): Dropout(p=0.0, inplace=False)
              )
            )
            (1): VSSBlock(
              (norm): LayerNorm((128,), eps=1e-05, elementwise_affine=True)
              (op): SS2D(
                (out_norm): LayerNorm((256,), eps=1e-05, elementwise_affine=True)
                (in_proj): Linear(in_features=128, out_features=256, bias=False)
                (act): SiLU()
                (conv2d): Conv2d(256, 256, kernel_size=(3, 3), stride=(1, 1), padding=(1, 1), groups=256, bias=False)
                (out_proj): Linear(in_features=256, out_features=128, bias=False)
                (dropout): Identity()
              )
              (drop_path): timm.DropPath(0.030000001192092896)
              (norm2): LayerNorm((128,), eps=1e-05, elementwise_affine=True)
              (mlp): Mlp(
                (fc1): Linear(in_features=128, out_features=512, bias=True)
                (act): GELU(approximate='none')
                (fc2): Linear(in_features=512, out_features=128, bias=True)
                (drop): Dropout(p=0.0, inplace=False)
              )
            )
          )
          (downsample): Sequential(
            (0): Permute()
            (1): Conv2d(128, 256, kernel_size=(3, 3), stride=(2, 2), padding=(1, 1))
            (2): Permute()
            (3): LayerNorm((256,), eps=1e-05, elementwise_affine=True)
          )
        )
        (1): Sequential(
          (blocks): Sequential(
            (0): VSSBlock(
              (norm): LayerNorm((256,), eps=1e-05, elementwise_affine=True)
              (op): SS2D(
                (out_norm): LayerNorm((512,), eps=1e-05, elementwise_affine=True)
                (in_proj): Linear(in_features=256, out_features=512, bias=False)
                (act): SiLU()
                (conv2d): Conv2d(512, 512, kernel_size=(3, 3), stride=(1, 1), padding=(1, 1), groups=512, bias=False)
                (out_proj): Linear(in_features=512, out_features=256, bias=False)
                (dropout): Identity()
              )
              (drop_path): timm.DropPath(0.06000000238418579)
              (norm2): LayerNorm((256,), eps=1e-05, elementwise_affine=True)
              (mlp): Mlp(
                (fc1): Linear(in_features=256, out_features=1024, bias=True)
                (act): GELU(approximate='none')
                (fc2): Linear(in_features=1024, out_features=256, bias=True)
                (drop): Dropout(p=0.0, inplace=False)
              )
            )
            (1): VSSBlock(
              (norm): LayerNorm((256,), eps=1e-05, elementwise_affine=True)
              (op): SS2D(
                (out_norm): LayerNorm((512,), eps=1e-05, elementwise_affine=True)
                (in_proj): Linear(in_features=256, out_features=512, bias=False)
                (act): SiLU()
                (conv2d): Conv2d(512, 512, kernel_size=(3, 3), stride=(1, 1), padding=(1, 1), groups=512, bias=False)
                (out_proj): Linear(in_features=512, out_features=256, bias=False)
                (dropout): Identity()
              )
              (drop_path): timm.DropPath(0.09000000357627869)
              (norm2): LayerNorm((256,), eps=1e-05, elementwise_affine=True)
              (mlp): Mlp(
                (fc1): Linear(in_features=256, out_features=1024, bias=True)
                (act): GELU(approximate='none')
                (fc2): Linear(in_features=1024, out_features=256, bias=True)
                (drop): Dropout(p=0.0, inplace=False)
              )
            )
          )
          (downsample): Sequential(
            (0): Permute()
            (1): Conv2d(256, 512, kernel_size=(3, 3), stride=(2, 2), padding=(1, 1))
            (2): Permute()
            (3): LayerNorm((512,), eps=1e-05, elementwise_affine=True)
          )
        )
        (2): Sequential(
          (blocks): Sequential(
            (0): VSSBlock(
              (norm): LayerNorm((512,), eps=1e-05, elementwise_affine=True)
              (op): SS2D(
                (out_norm): LayerNorm((1024,), eps=1e-05, elementwise_affine=True)
                (in_proj): Linear(in_features=512, out_features=1024, bias=False)
                (act): SiLU()
                (conv2d): Conv2d(1024, 1024, kernel_size=(3, 3), stride=(1, 1), padding=(1, 1), groups=1024, bias=False)
                (out_proj): Linear(in_features=1024, out_features=512, bias=False)
                (dropout): Identity()
              )
              (drop_path): timm.DropPath(0.12000000476837158)
              (norm2): LayerNorm((512,), eps=1e-05, elementwise_affine=True)
              (mlp): Mlp(
                (fc1): Linear(in_features=512, out_features=2048, bias=True)
                (act): GELU(approximate='none')
                (fc2): Linear(in_features=2048, out_features=512, bias=True)
                (drop): Dropout(p=0.0, inplace=False)
              )
            )
            (1): VSSBlock(
              (norm): LayerNorm((512,), eps=1e-05, elementwise_affine=True)
              (op): SS2D(
                (out_norm): LayerNorm((1024,), eps=1e-05, elementwise_affine=True)
                (in_proj): Linear(in_features=512, out_features=1024, bias=False)
                (act): SiLU()
                (conv2d): Conv2d(1024, 1024, kernel_size=(3, 3), stride=(1, 1), padding=(1, 1), groups=1024, bias=False)
                (out_proj): Linear(in_features=1024, out_features=512, bias=False)
                (dropout): Identity()
              )
              (drop_path): timm.DropPath(0.15000000596046448)
              (norm2): LayerNorm((512,), eps=1e-05, elementwise_affine=True)
              (mlp): Mlp(
                (fc1): Linear(in_features=512, out_features=2048, bias=True)
                (act): GELU(approximate='none')
                (fc2): Linear(in_features=2048, out_features=512, bias=True)
                (drop): Dropout(p=0.0, inplace=False)
              )
            )
            (2): VSSBlock(
              (norm): LayerNorm((512,), eps=1e-05, elementwise_affine=True)
              (op): SS2D(
                (out_norm): LayerNorm((1024,), eps=1e-05, elementwise_affine=True)
                (in_proj): Linear(in_features=512, out_features=1024, bias=False)
                (act): SiLU()
                (conv2d): Conv2d(1024, 1024, kernel_size=(3, 3), stride=(1, 1), padding=(1, 1), groups=1024, bias=False)
                (out_proj): Linear(in_features=1024, out_features=512, bias=False)
                (dropout): Identity()
              )
              (drop_path): timm.DropPath(0.18000000715255737)
              (norm2): LayerNorm((512,), eps=1e-05, elementwise_affine=True)
              (mlp): Mlp(
                (fc1): Linear(in_features=512, out_features=2048, bias=True)
                (act): GELU(approximate='none')
                (fc2): Linear(in_features=2048, out_features=512, bias=True)
                (drop): Dropout(p=0.0, inplace=False)
              )
            )
            (3): VSSBlock(
              (norm): LayerNorm((512,), eps=1e-05, elementwise_affine=True)
              (op): SS2D(
                (out_norm): LayerNorm((1024,), eps=1e-05, elementwise_affine=True)
                (in_proj): Linear(in_features=512, out_features=1024, bias=False)
                (act): SiLU()
                (conv2d): Conv2d(1024, 1024, kernel_size=(3, 3), stride=(1, 1), padding=(1, 1), groups=1024, bias=False)
                (out_proj): Linear(in_features=1024, out_features=512, bias=False)
                (dropout): Identity()
              )
              (drop_path): timm.DropPath(0.21000000834465027)
              (norm2): LayerNorm((512,), eps=1e-05, elementwise_affine=True)
              (mlp): Mlp(
                (fc1): Linear(in_features=512, out_features=2048, bias=True)
                (act): GELU(approximate='none')
                (fc2): Linear(in_features=2048, out_features=512, bias=True)
                (drop): Dropout(p=0.0, inplace=False)
              )
            )
            (4): VSSBlock(
              (norm): LayerNorm((512,), eps=1e-05, elementwise_affine=True)
              (op): SS2D(
                (out_norm): LayerNorm((1024,), eps=1e-05, elementwise_affine=True)
                (in_proj): Linear(in_features=512, out_features=1024, bias=False)
                (act): SiLU()
                (conv2d): Conv2d(1024, 1024, kernel_size=(3, 3), stride=(1, 1), padding=(1, 1), groups=1024, bias=False)
                (out_proj): Linear(in_features=1024, out_features=512, bias=False)
                (dropout): Identity()
              )
              (drop_path): timm.DropPath(0.24000000953674316)
              (norm2): LayerNorm((512,), eps=1e-05, elementwise_affine=True)
              (mlp): Mlp(
                (fc1): Linear(in_features=512, out_features=2048, bias=True)
                (act): GELU(approximate='none')
                (fc2): Linear(in_features=2048, out_features=512, bias=True)
                (drop): Dropout(p=0.0, inplace=False)
              )
            )
            (5): VSSBlock(
              (norm): LayerNorm((512,), eps=1e-05, elementwise_affine=True)
              (op): SS2D(
                (out_norm): LayerNorm((1024,), eps=1e-05, elementwise_affine=True)
                (in_proj): Linear(in_features=512, out_features=1024, bias=False)
                (act): SiLU()
                (conv2d): Conv2d(1024, 1024, kernel_size=(3, 3), stride=(1, 1), padding=(1, 1), groups=1024, bias=False)
                (out_proj): Linear(in_features=1024, out_features=512, bias=False)
                (dropout): Identity()
              )
              (drop_path): timm.DropPath(0.27000001072883606)
              (norm2): LayerNorm((512,), eps=1e-05, elementwise_affine=True)
              (mlp): Mlp(
                (fc1): Linear(in_features=512, out_features=2048, bias=True)
                (act): GELU(approximate='none')
                (fc2): Linear(in_features=2048, out_features=512, bias=True)
                (drop): Dropout(p=0.0, inplace=False)
              )
            )
            (6): VSSBlock(
              (norm): LayerNorm((512,), eps=1e-05, elementwise_affine=True)
              (op): SS2D(
                (out_norm): LayerNorm((1024,), eps=1e-05, elementwise_affine=True)
                (in_proj): Linear(in_features=512, out_features=1024, bias=False)
                (act): SiLU()
                (conv2d): Conv2d(1024, 1024, kernel_size=(3, 3), stride=(1, 1), padding=(1, 1), groups=1024, bias=False)
                (out_proj): Linear(in_features=1024, out_features=512, bias=False)
                (dropout): Identity()
              )
              (drop_path): timm.DropPath(0.30000001192092896)
              (norm2): LayerNorm((512,), eps=1e-05, elementwise_affine=True)
              (mlp): Mlp(
                (fc1): Linear(in_features=512, out_features=2048, bias=True)
                (act): GELU(approximate='none')
                (fc2): Linear(in_features=2048, out_features=512, bias=True)
                (drop): Dropout(p=0.0, inplace=False)
              )
            )
            (7): VSSBlock(
              (norm): LayerNorm((512,), eps=1e-05, elementwise_affine=True)
              (op): SS2D(
                (out_norm): LayerNorm((1024,), eps=1e-05, elementwise_affine=True)
                (in_proj): Linear(in_features=512, out_features=1024, bias=False)
                (act): SiLU()
                (conv2d): Conv2d(1024, 1024, kernel_size=(3, 3), stride=(1, 1), padding=(1, 1), groups=1024, bias=False)
                (out_proj): Linear(in_features=1024, out_features=512, bias=False)
                (dropout): Identity()
              )
              (drop_path): timm.DropPath(0.33000001311302185)
              (norm2): LayerNorm((512,), eps=1e-05, elementwise_affine=True)
              (mlp): Mlp(
                (fc1): Linear(in_features=512, out_features=2048, bias=True)
                (act): GELU(approximate='none')
                (fc2): Linear(in_features=2048, out_features=512, bias=True)
                (drop): Dropout(p=0.0, inplace=False)
              )
            )
            (8): VSSBlock(
              (norm): LayerNorm((512,), eps=1e-05, elementwise_affine=True)
              (op): SS2D(
                (out_norm): LayerNorm((1024,), eps=1e-05, elementwise_affine=True)
                (in_proj): Linear(in_features=512, out_features=1024, bias=False)
                (act): SiLU()
                (conv2d): Conv2d(1024, 1024, kernel_size=(3, 3), stride=(1, 1), padding=(1, 1), groups=1024, bias=False)
                (out_proj): Linear(in_features=1024, out_features=512, bias=False)
                (dropout): Identity()
              )
              (drop_path): timm.DropPath(0.36000001430511475)
              (norm2): LayerNorm((512,), eps=1e-05, elementwise_affine=True)
              (mlp): Mlp(
                (fc1): Linear(in_features=512, out_features=2048, bias=True)
                (act): GELU(approximate='none')
                (fc2): Linear(in_features=2048, out_features=512, bias=True)
                (drop): Dropout(p=0.0, inplace=False)
              )
            )
            (9): VSSBlock(
              (norm): LayerNorm((512,), eps=1e-05, elementwise_affine=True)
              (op): SS2D(
                (out_norm): LayerNorm((1024,), eps=1e-05, elementwise_affine=True)
                (in_proj): Linear(in_features=512, out_features=1024, bias=False)
                (act): SiLU()
                (conv2d): Conv2d(1024, 1024, kernel_size=(3, 3), stride=(1, 1), padding=(1, 1), groups=1024, bias=False)
                (out_proj): Linear(in_features=1024, out_features=512, bias=False)
                (dropout): Identity()
              )
              (drop_path): timm.DropPath(0.39000001549720764)
              (norm2): LayerNorm((512,), eps=1e-05, elementwise_affine=True)
              (mlp): Mlp(
                (fc1): Linear(in_features=512, out_features=2048, bias=True)
                (act): GELU(approximate='none')
                (fc2): Linear(in_features=2048, out_features=512, bias=True)
                (drop): Dropout(p=0.0, inplace=False)
              )
            )
            (10): VSSBlock(
              (norm): LayerNorm((512,), eps=1e-05, elementwise_affine=True)
              (op): SS2D(
                (out_norm): LayerNorm((1024,), eps=1e-05, elementwise_affine=True)
                (in_proj): Linear(in_features=512, out_features=1024, bias=False)
                (act): SiLU()
                (conv2d): Conv2d(1024, 1024, kernel_size=(3, 3), stride=(1, 1), padding=(1, 1), groups=1024, bias=False)
                (out_proj): Linear(in_features=1024, out_features=512, bias=False)
                (dropout): Identity()
              )
              (drop_path): timm.DropPath(0.42000001668930054)
              (norm2): LayerNorm((512,), eps=1e-05, elementwise_affine=True)
              (mlp): Mlp(
                (fc1): Linear(in_features=512, out_features=2048, bias=True)
                (act): GELU(approximate='none')
                (fc2): Linear(in_features=2048, out_features=512, bias=True)
                (drop): Dropout(p=0.0, inplace=False)
              )
            )
            (11): VSSBlock(
              (norm): LayerNorm((512,), eps=1e-05, elementwise_affine=True)
              (op): SS2D(
                (out_norm): LayerNorm((1024,), eps=1e-05, elementwise_affine=True)
                (in_proj): Linear(in_features=512, out_features=1024, bias=False)
                (act): SiLU()
                (conv2d): Conv2d(1024, 1024, kernel_size=(3, 3), stride=(1, 1), padding=(1, 1), groups=1024, bias=False)
                (out_proj): Linear(in_features=1024, out_features=512, bias=False)
                (dropout): Identity()
              )
              (drop_path): timm.DropPath(0.45000001788139343)
              (norm2): LayerNorm((512,), eps=1e-05, elementwise_affine=True)
              (mlp): Mlp(
                (fc1): Linear(in_features=512, out_features=2048, bias=True)
                (act): GELU(approximate='none')
                (fc2): Linear(in_features=2048, out_features=512, bias=True)
                (drop): Dropout(p=0.0, inplace=False)
              )
            )
            (12): VSSBlock(
              (norm): LayerNorm((512,), eps=1e-05, elementwise_affine=True)
              (op): SS2D(
                (out_norm): LayerNorm((1024,), eps=1e-05, elementwise_affine=True)
                (in_proj): Linear(in_features=512, out_features=1024, bias=False)
                (act): SiLU()
                (conv2d): Conv2d(1024, 1024, kernel_size=(3, 3), stride=(1, 1), padding=(1, 1), groups=1024, bias=False)
                (out_proj): Linear(in_features=1024, out_features=512, bias=False)
                (dropout): Identity()
              )
              (drop_path): timm.DropPath(0.48000001907348633)
              (norm2): LayerNorm((512,), eps=1e-05, elementwise_affine=True)
              (mlp): Mlp(
                (fc1): Linear(in_features=512, out_features=2048, bias=True)
                (act): GELU(approximate='none')
                (fc2): Linear(in_features=2048, out_features=512, bias=True)
                (drop): Dropout(p=0.0, inplace=False)
              )
            )
            (13): VSSBlock(
              (norm): LayerNorm((512,), eps=1e-05, elementwise_affine=True)
              (op): SS2D(
                (out_norm): LayerNorm((1024,), eps=1e-05, elementwise_affine=True)
                (in_proj): Linear(in_features=512, out_features=1024, bias=False)
                (act): SiLU()
                (conv2d): Conv2d(1024, 1024, kernel_size=(3, 3), stride=(1, 1), padding=(1, 1), groups=1024, bias=False)
                (out_proj): Linear(in_features=1024, out_features=512, bias=False)
                (dropout): Identity()
              )
              (drop_path): timm.DropPath(0.5099999904632568)
              (norm2): LayerNorm((512,), eps=1e-05, elementwise_affine=True)
              (mlp): Mlp(
                (fc1): Linear(in_features=512, out_features=2048, bias=True)
                (act): GELU(approximate='none')
                (fc2): Linear(in_features=2048, out_features=512, bias=True)
                (drop): Dropout(p=0.0, inplace=False)
              )
            )
            (14): VSSBlock(
              (norm): LayerNorm((512,), eps=1e-05, elementwise_affine=True)
              (op): SS2D(
                (out_norm): LayerNorm((1024,), eps=1e-05, elementwise_affine=True)
                (in_proj): Linear(in_features=512, out_features=1024, bias=False)
                (act): SiLU()
                (conv2d): Conv2d(1024, 1024, kernel_size=(3, 3), stride=(1, 1), padding=(1, 1), groups=1024, bias=False)
                (out_proj): Linear(in_features=1024, out_features=512, bias=False)
                (dropout): Identity()
              )
              (drop_path): timm.DropPath(0.5400000214576721)
              (norm2): LayerNorm((512,), eps=1e-05, elementwise_affine=True)
              (mlp): Mlp(
                (fc1): Linear(in_features=512, out_features=2048, bias=True)
                (act): GELU(approximate='none')
                (fc2): Linear(in_features=2048, out_features=512, bias=True)
                (drop): Dropout(p=0.0, inplace=False)
              )
            )
          )
          (downsample): Sequential(
            (0): Permute()
            (1): Conv2d(512, 1024, kernel_size=(3, 3), stride=(2, 2), padding=(1, 1))
            (2): Permute()
            (3): LayerNorm((1024,), eps=1e-05, elementwise_affine=True)
          )
        )
        (3): Sequential(
          (blocks): Sequential(
            (0): VSSBlock(
              (norm): LayerNorm((1024,), eps=1e-05, elementwise_affine=True)
              (op): SS2D(
                (out_norm): LayerNorm((2048,), eps=1e-05, elementwise_affine=True)
                (in_proj): Linear(in_features=1024, out_features=2048, bias=False)
                (act): SiLU()
                (conv2d): Conv2d(2048, 2048, kernel_size=(3, 3), stride=(1, 1), padding=(1, 1), groups=2048, bias=False)
                (out_proj): Linear(in_features=2048, out_features=1024, bias=False)
                (dropout): Identity()
              )
              (drop_path): timm.DropPath(0.5700000524520874)
              (norm2): LayerNorm((1024,), eps=1e-05, elementwise_affine=True)
              (mlp): Mlp(
                (fc1): Linear(in_features=1024, out_features=4096, bias=True)
                (act): GELU(approximate='none')
                (fc2): Linear(in_features=4096, out_features=1024, bias=True)
                (drop): Dropout(p=0.0, inplace=False)
              )
            )
            (1): VSSBlock(
              (norm): LayerNorm((1024,), eps=1e-05, elementwise_affine=True)
              (op): SS2D(
                (out_norm): LayerNorm((2048,), eps=1e-05, elementwise_affine=True)
                (in_proj): Linear(in_features=1024, out_features=2048, bias=False)
                (act): SiLU()
                (conv2d): Conv2d(2048, 2048, kernel_size=(3, 3), stride=(1, 1), padding=(1, 1), groups=2048, bias=False)
                (out_proj): Linear(in_features=2048, out_features=1024, bias=False)
                (dropout): Identity()
              )
              (drop_path): timm.DropPath(0.6000000238418579)
              (norm2): LayerNorm((1024,), eps=1e-05, elementwise_affine=True)
              (mlp): Mlp(
                (fc1): Linear(in_features=1024, out_features=4096, bias=True)
                (act): GELU(approximate='none')
                (fc2): Linear(in_features=4096, out_features=1024, bias=True)
                (drop): Dropout(p=0.0, inplace=False)
              )
            )
          )
          (downsample): Identity()
        )
      )
      (classifier): Sequential(
        (norm): LayerNorm((1024,), eps=1e-05, elementwise_affine=True)
        (permute): Permute()
        (avgpool): AdaptiveAvgPool2d(output_size=1)
        (flatten): Flatten(start_dim=1, end_dim=-1)
        (head): Identity()
      )
    )
    (visual_e): VSSM(
      (patch_embed): Sequential(
        (0): Conv2d(3, 64, kernel_size=(3, 3), stride=(2, 2), padding=(1, 1))
        (1): Permute()
        (2): LayerNorm((64,), eps=1e-05, elementwise_affine=True)
        (3): Permute()
        (4): GELU(approximate='none')
        (5): Conv2d(64, 128, kernel_size=(3, 3), stride=(2, 2), padding=(1, 1))
        (6): Permute()
        (7): LayerNorm((128,), eps=1e-05, elementwise_affine=True)
      )
      (layers): ModuleList(
        (0): Sequential(
          (blocks): Sequential(
            (0): VSSBlock(
              (norm): LayerNorm((128,), eps=1e-05, elementwise_affine=True)
              (op): SS2D(
                (out_norm): LayerNorm((256,), eps=1e-05, elementwise_affine=True)
                (in_proj): Linear(in_features=128, out_features=256, bias=False)
                (act): SiLU()
                (conv2d): Conv2d(256, 256, kernel_size=(3, 3), stride=(1, 1), padding=(1, 1), groups=256, bias=False)
                (out_proj): Linear(in_features=256, out_features=128, bias=False)
                (dropout): Identity()
              )
              (drop_path): timm.DropPath(0.0)
              (norm2): LayerNorm((128,), eps=1e-05, elementwise_affine=True)
              (mlp): Mlp(
                (fc1): Linear(in_features=128, out_features=512, bias=True)
                (act): GELU(approximate='none')
                (fc2): Linear(in_features=512, out_features=128, bias=True)
                (drop): Dropout(p=0.0, inplace=False)
              )
            )
            (1): VSSBlock(
              (norm): LayerNorm((128,), eps=1e-05, elementwise_affine=True)
              (op): SS2D(
                (out_norm): LayerNorm((256,), eps=1e-05, elementwise_affine=True)
                (in_proj): Linear(in_features=128, out_features=256, bias=False)
                (act): SiLU()
                (conv2d): Conv2d(256, 256, kernel_size=(3, 3), stride=(1, 1), padding=(1, 1), groups=256, bias=False)
                (out_proj): Linear(in_features=256, out_features=128, bias=False)
                (dropout): Identity()
              )
              (drop_path): timm.DropPath(0.030000001192092896)
              (norm2): LayerNorm((128,), eps=1e-05, elementwise_affine=True)
              (mlp): Mlp(
                (fc1): Linear(in_features=128, out_features=512, bias=True)
                (act): GELU(approximate='none')
                (fc2): Linear(in_features=512, out_features=128, bias=True)
                (drop): Dropout(p=0.0, inplace=False)
              )
            )
          )
          (downsample): Sequential(
            (0): Permute()
            (1): Conv2d(128, 256, kernel_size=(3, 3), stride=(2, 2), padding=(1, 1))
            (2): Permute()
            (3): LayerNorm((256,), eps=1e-05, elementwise_affine=True)
          )
        )
        (1): Sequential(
          (blocks): Sequential(
            (0): VSSBlock(
              (norm): LayerNorm((256,), eps=1e-05, elementwise_affine=True)
              (op): SS2D(
                (out_norm): LayerNorm((512,), eps=1e-05, elementwise_affine=True)
                (in_proj): Linear(in_features=256, out_features=512, bias=False)
                (act): SiLU()
                (conv2d): Conv2d(512, 512, kernel_size=(3, 3), stride=(1, 1), padding=(1, 1), groups=512, bias=False)
                (out_proj): Linear(in_features=512, out_features=256, bias=False)
                (dropout): Identity()
              )
              (drop_path): timm.DropPath(0.06000000238418579)
              (norm2): LayerNorm((256,), eps=1e-05, elementwise_affine=True)
              (mlp): Mlp(
                (fc1): Linear(in_features=256, out_features=1024, bias=True)
                (act): GELU(approximate='none')
                (fc2): Linear(in_features=1024, out_features=256, bias=True)
                (drop): Dropout(p=0.0, inplace=False)
              )
            )
            (1): VSSBlock(
              (norm): LayerNorm((256,), eps=1e-05, elementwise_affine=True)
              (op): SS2D(
                (out_norm): LayerNorm((512,), eps=1e-05, elementwise_affine=True)
                (in_proj): Linear(in_features=256, out_features=512, bias=False)
                (act): SiLU()
                (conv2d): Conv2d(512, 512, kernel_size=(3, 3), stride=(1, 1), padding=(1, 1), groups=512, bias=False)
                (out_proj): Linear(in_features=512, out_features=256, bias=False)
                (dropout): Identity()
              )
              (drop_path): timm.DropPath(0.09000000357627869)
              (norm2): LayerNorm((256,), eps=1e-05, elementwise_affine=True)
              (mlp): Mlp(
                (fc1): Linear(in_features=256, out_features=1024, bias=True)
                (act): GELU(approximate='none')
                (fc2): Linear(in_features=1024, out_features=256, bias=True)
                (drop): Dropout(p=0.0, inplace=False)
              )
            )
          )
          (downsample): Sequential(
            (0): Permute()
            (1): Conv2d(256, 512, kernel_size=(3, 3), stride=(2, 2), padding=(1, 1))
            (2): Permute()
            (3): LayerNorm((512,), eps=1e-05, elementwise_affine=True)
          )
        )
        (2): Sequential(
          (blocks): Sequential(
            (0): VSSBlock(
              (norm): LayerNorm((512,), eps=1e-05, elementwise_affine=True)
              (op): SS2D(
                (out_norm): LayerNorm((1024,), eps=1e-05, elementwise_affine=True)
                (in_proj): Linear(in_features=512, out_features=1024, bias=False)
                (act): SiLU()
                (conv2d): Conv2d(1024, 1024, kernel_size=(3, 3), stride=(1, 1), padding=(1, 1), groups=1024, bias=False)
                (out_proj): Linear(in_features=1024, out_features=512, bias=False)
                (dropout): Identity()
              )
              (drop_path): timm.DropPath(0.12000000476837158)
              (norm2): LayerNorm((512,), eps=1e-05, elementwise_affine=True)
              (mlp): Mlp(
                (fc1): Linear(in_features=512, out_features=2048, bias=True)
                (act): GELU(approximate='none')
                (fc2): Linear(in_features=2048, out_features=512, bias=True)
                (drop): Dropout(p=0.0, inplace=False)
              )
            )
            (1): VSSBlock(
              (norm): LayerNorm((512,), eps=1e-05, elementwise_affine=True)
              (op): SS2D(
                (out_norm): LayerNorm((1024,), eps=1e-05, elementwise_affine=True)
                (in_proj): Linear(in_features=512, out_features=1024, bias=False)
                (act): SiLU()
                (conv2d): Conv2d(1024, 1024, kernel_size=(3, 3), stride=(1, 1), padding=(1, 1), groups=1024, bias=False)
                (out_proj): Linear(in_features=1024, out_features=512, bias=False)
                (dropout): Identity()
              )
              (drop_path): timm.DropPath(0.15000000596046448)
              (norm2): LayerNorm((512,), eps=1e-05, elementwise_affine=True)
              (mlp): Mlp(
                (fc1): Linear(in_features=512, out_features=2048, bias=True)
                (act): GELU(approximate='none')
                (fc2): Linear(in_features=2048, out_features=512, bias=True)
                (drop): Dropout(p=0.0, inplace=False)
              )
            )
            (2): VSSBlock(
              (norm): LayerNorm((512,), eps=1e-05, elementwise_affine=True)
              (op): SS2D(
                (out_norm): LayerNorm((1024,), eps=1e-05, elementwise_affine=True)
                (in_proj): Linear(in_features=512, out_features=1024, bias=False)
                (act): SiLU()
                (conv2d): Conv2d(1024, 1024, kernel_size=(3, 3), stride=(1, 1), padding=(1, 1), groups=1024, bias=False)
                (out_proj): Linear(in_features=1024, out_features=512, bias=False)
                (dropout): Identity()
              )
              (drop_path): timm.DropPath(0.18000000715255737)
              (norm2): LayerNorm((512,), eps=1e-05, elementwise_affine=True)
              (mlp): Mlp(
                (fc1): Linear(in_features=512, out_features=2048, bias=True)
                (act): GELU(approximate='none')
                (fc2): Linear(in_features=2048, out_features=512, bias=True)
                (drop): Dropout(p=0.0, inplace=False)
              )
            )
            (3): VSSBlock(
              (norm): LayerNorm((512,), eps=1e-05, elementwise_affine=True)
              (op): SS2D(
                (out_norm): LayerNorm((1024,), eps=1e-05, elementwise_affine=True)
                (in_proj): Linear(in_features=512, out_features=1024, bias=False)
                (act): SiLU()
                (conv2d): Conv2d(1024, 1024, kernel_size=(3, 3), stride=(1, 1), padding=(1, 1), groups=1024, bias=False)
                (out_proj): Linear(in_features=1024, out_features=512, bias=False)
                (dropout): Identity()
              )
              (drop_path): timm.DropPath(0.21000000834465027)
              (norm2): LayerNorm((512,), eps=1e-05, elementwise_affine=True)
              (mlp): Mlp(
                (fc1): Linear(in_features=512, out_features=2048, bias=True)
                (act): GELU(approximate='none')
                (fc2): Linear(in_features=2048, out_features=512, bias=True)
                (drop): Dropout(p=0.0, inplace=False)
              )
            )
            (4): VSSBlock(
              (norm): LayerNorm((512,), eps=1e-05, elementwise_affine=True)
              (op): SS2D(
                (out_norm): LayerNorm((1024,), eps=1e-05, elementwise_affine=True)
                (in_proj): Linear(in_features=512, out_features=1024, bias=False)
                (act): SiLU()
                (conv2d): Conv2d(1024, 1024, kernel_size=(3, 3), stride=(1, 1), padding=(1, 1), groups=1024, bias=False)
                (out_proj): Linear(in_features=1024, out_features=512, bias=False)
                (dropout): Identity()
              )
              (drop_path): timm.DropPath(0.24000000953674316)
              (norm2): LayerNorm((512,), eps=1e-05, elementwise_affine=True)
              (mlp): Mlp(
                (fc1): Linear(in_features=512, out_features=2048, bias=True)
                (act): GELU(approximate='none')
                (fc2): Linear(in_features=2048, out_features=512, bias=True)
                (drop): Dropout(p=0.0, inplace=False)
              )
            )
            (5): VSSBlock(
              (norm): LayerNorm((512,), eps=1e-05, elementwise_affine=True)
              (op): SS2D(
                (out_norm): LayerNorm((1024,), eps=1e-05, elementwise_affine=True)
                (in_proj): Linear(in_features=512, out_features=1024, bias=False)
                (act): SiLU()
                (conv2d): Conv2d(1024, 1024, kernel_size=(3, 3), stride=(1, 1), padding=(1, 1), groups=1024, bias=False)
                (out_proj): Linear(in_features=1024, out_features=512, bias=False)
                (dropout): Identity()
              )
              (drop_path): timm.DropPath(0.27000001072883606)
              (norm2): LayerNorm((512,), eps=1e-05, elementwise_affine=True)
              (mlp): Mlp(
                (fc1): Linear(in_features=512, out_features=2048, bias=True)
                (act): GELU(approximate='none')
                (fc2): Linear(in_features=2048, out_features=512, bias=True)
                (drop): Dropout(p=0.0, inplace=False)
              )
            )
            (6): VSSBlock(
              (norm): LayerNorm((512,), eps=1e-05, elementwise_affine=True)
              (op): SS2D(
                (out_norm): LayerNorm((1024,), eps=1e-05, elementwise_affine=True)
                (in_proj): Linear(in_features=512, out_features=1024, bias=False)
                (act): SiLU()
                (conv2d): Conv2d(1024, 1024, kernel_size=(3, 3), stride=(1, 1), padding=(1, 1), groups=1024, bias=False)
                (out_proj): Linear(in_features=1024, out_features=512, bias=False)
                (dropout): Identity()
              )
              (drop_path): timm.DropPath(0.30000001192092896)
              (norm2): LayerNorm((512,), eps=1e-05, elementwise_affine=True)
              (mlp): Mlp(
                (fc1): Linear(in_features=512, out_features=2048, bias=True)
                (act): GELU(approximate='none')
                (fc2): Linear(in_features=2048, out_features=512, bias=True)
                (drop): Dropout(p=0.0, inplace=False)
              )
            )
            (7): VSSBlock(
              (norm): LayerNorm((512,), eps=1e-05, elementwise_affine=True)
              (op): SS2D(
                (out_norm): LayerNorm((1024,), eps=1e-05, elementwise_affine=True)
                (in_proj): Linear(in_features=512, out_features=1024, bias=False)
                (act): SiLU()
                (conv2d): Conv2d(1024, 1024, kernel_size=(3, 3), stride=(1, 1), padding=(1, 1), groups=1024, bias=False)
                (out_proj): Linear(in_features=1024, out_features=512, bias=False)
                (dropout): Identity()
              )
              (drop_path): timm.DropPath(0.33000001311302185)
              (norm2): LayerNorm((512,), eps=1e-05, elementwise_affine=True)
              (mlp): Mlp(
                (fc1): Linear(in_features=512, out_features=2048, bias=True)
                (act): GELU(approximate='none')
                (fc2): Linear(in_features=2048, out_features=512, bias=True)
                (drop): Dropout(p=0.0, inplace=False)
              )
            )
            (8): VSSBlock(
              (norm): LayerNorm((512,), eps=1e-05, elementwise_affine=True)
              (op): SS2D(
                (out_norm): LayerNorm((1024,), eps=1e-05, elementwise_affine=True)
                (in_proj): Linear(in_features=512, out_features=1024, bias=False)
                (act): SiLU()
                (conv2d): Conv2d(1024, 1024, kernel_size=(3, 3), stride=(1, 1), padding=(1, 1), groups=1024, bias=False)
                (out_proj): Linear(in_features=1024, out_features=512, bias=False)
                (dropout): Identity()
              )
              (drop_path): timm.DropPath(0.36000001430511475)
              (norm2): LayerNorm((512,), eps=1e-05, elementwise_affine=True)
              (mlp): Mlp(
                (fc1): Linear(in_features=512, out_features=2048, bias=True)
                (act): GELU(approximate='none')
                (fc2): Linear(in_features=2048, out_features=512, bias=True)
                (drop): Dropout(p=0.0, inplace=False)
              )
            )
            (9): VSSBlock(
              (norm): LayerNorm((512,), eps=1e-05, elementwise_affine=True)
              (op): SS2D(
                (out_norm): LayerNorm((1024,), eps=1e-05, elementwise_affine=True)
                (in_proj): Linear(in_features=512, out_features=1024, bias=False)
                (act): SiLU()
                (conv2d): Conv2d(1024, 1024, kernel_size=(3, 3), stride=(1, 1), padding=(1, 1), groups=1024, bias=False)
                (out_proj): Linear(in_features=1024, out_features=512, bias=False)
                (dropout): Identity()
              )
              (drop_path): timm.DropPath(0.39000001549720764)
              (norm2): LayerNorm((512,), eps=1e-05, elementwise_affine=True)
              (mlp): Mlp(
                (fc1): Linear(in_features=512, out_features=2048, bias=True)
                (act): GELU(approximate='none')
                (fc2): Linear(in_features=2048, out_features=512, bias=True)
                (drop): Dropout(p=0.0, inplace=False)
              )
            )
            (10): VSSBlock(
              (norm): LayerNorm((512,), eps=1e-05, elementwise_affine=True)
              (op): SS2D(
                (out_norm): LayerNorm((1024,), eps=1e-05, elementwise_affine=True)
                (in_proj): Linear(in_features=512, out_features=1024, bias=False)
                (act): SiLU()
                (conv2d): Conv2d(1024, 1024, kernel_size=(3, 3), stride=(1, 1), padding=(1, 1), groups=1024, bias=False)
                (out_proj): Linear(in_features=1024, out_features=512, bias=False)
                (dropout): Identity()
              )
              (drop_path): timm.DropPath(0.42000001668930054)
              (norm2): LayerNorm((512,), eps=1e-05, elementwise_affine=True)
              (mlp): Mlp(
                (fc1): Linear(in_features=512, out_features=2048, bias=True)
                (act): GELU(approximate='none')
                (fc2): Linear(in_features=2048, out_features=512, bias=True)
                (drop): Dropout(p=0.0, inplace=False)
              )
            )
            (11): VSSBlock(
              (norm): LayerNorm((512,), eps=1e-05, elementwise_affine=True)
              (op): SS2D(
                (out_norm): LayerNorm((1024,), eps=1e-05, elementwise_affine=True)
                (in_proj): Linear(in_features=512, out_features=1024, bias=False)
                (act): SiLU()
                (conv2d): Conv2d(1024, 1024, kernel_size=(3, 3), stride=(1, 1), padding=(1, 1), groups=1024, bias=False)
                (out_proj): Linear(in_features=1024, out_features=512, bias=False)
                (dropout): Identity()
              )
              (drop_path): timm.DropPath(0.45000001788139343)
              (norm2): LayerNorm((512,), eps=1e-05, elementwise_affine=True)
              (mlp): Mlp(
                (fc1): Linear(in_features=512, out_features=2048, bias=True)
                (act): GELU(approximate='none')
                (fc2): Linear(in_features=2048, out_features=512, bias=True)
                (drop): Dropout(p=0.0, inplace=False)
              )
            )
            (12): VSSBlock(
              (norm): LayerNorm((512,), eps=1e-05, elementwise_affine=True)
              (op): SS2D(
                (out_norm): LayerNorm((1024,), eps=1e-05, elementwise_affine=True)
                (in_proj): Linear(in_features=512, out_features=1024, bias=False)
                (act): SiLU()
                (conv2d): Conv2d(1024, 1024, kernel_size=(3, 3), stride=(1, 1), padding=(1, 1), groups=1024, bias=False)
                (out_proj): Linear(in_features=1024, out_features=512, bias=False)
                (dropout): Identity()
              )
              (drop_path): timm.DropPath(0.48000001907348633)
              (norm2): LayerNorm((512,), eps=1e-05, elementwise_affine=True)
              (mlp): Mlp(
                (fc1): Linear(in_features=512, out_features=2048, bias=True)
                (act): GELU(approximate='none')
                (fc2): Linear(in_features=2048, out_features=512, bias=True)
                (drop): Dropout(p=0.0, inplace=False)
              )
            )
            (13): VSSBlock(
              (norm): LayerNorm((512,), eps=1e-05, elementwise_affine=True)
              (op): SS2D(
                (out_norm): LayerNorm((1024,), eps=1e-05, elementwise_affine=True)
                (in_proj): Linear(in_features=512, out_features=1024, bias=False)
                (act): SiLU()
                (conv2d): Conv2d(1024, 1024, kernel_size=(3, 3), stride=(1, 1), padding=(1, 1), groups=1024, bias=False)
                (out_proj): Linear(in_features=1024, out_features=512, bias=False)
                (dropout): Identity()
              )
              (drop_path): timm.DropPath(0.5099999904632568)
              (norm2): LayerNorm((512,), eps=1e-05, elementwise_affine=True)
              (mlp): Mlp(
                (fc1): Linear(in_features=512, out_features=2048, bias=True)
                (act): GELU(approximate='none')
                (fc2): Linear(in_features=2048, out_features=512, bias=True)
                (drop): Dropout(p=0.0, inplace=False)
              )
            )
            (14): VSSBlock(
              (norm): LayerNorm((512,), eps=1e-05, elementwise_affine=True)
              (op): SS2D(
                (out_norm): LayerNorm((1024,), eps=1e-05, elementwise_affine=True)
                (in_proj): Linear(in_features=512, out_features=1024, bias=False)
                (act): SiLU()
                (conv2d): Conv2d(1024, 1024, kernel_size=(3, 3), stride=(1, 1), padding=(1, 1), groups=1024, bias=False)
                (out_proj): Linear(in_features=1024, out_features=512, bias=False)
                (dropout): Identity()
              )
              (drop_path): timm.DropPath(0.5400000214576721)
              (norm2): LayerNorm((512,), eps=1e-05, elementwise_affine=True)
              (mlp): Mlp(
                (fc1): Linear(in_features=512, out_features=2048, bias=True)
                (act): GELU(approximate='none')
                (fc2): Linear(in_features=2048, out_features=512, bias=True)
                (drop): Dropout(p=0.0, inplace=False)
              )
            )
          )
          (downsample): Sequential(
            (0): Permute()
            (1): Conv2d(512, 1024, kernel_size=(3, 3), stride=(2, 2), padding=(1, 1))
            (2): Permute()
            (3): LayerNorm((1024,), eps=1e-05, elementwise_affine=True)
          )
        )
        (3): Sequential(
          (blocks): Sequential(
            (0): VSSBlock(
              (norm): LayerNorm((1024,), eps=1e-05, elementwise_affine=True)
              (op): SS2D(
                (out_norm): LayerNorm((2048,), eps=1e-05, elementwise_affine=True)
                (in_proj): Linear(in_features=1024, out_features=2048, bias=False)
                (act): SiLU()
                (conv2d): Conv2d(2048, 2048, kernel_size=(3, 3), stride=(1, 1), padding=(1, 1), groups=2048, bias=False)
                (out_proj): Linear(in_features=2048, out_features=1024, bias=False)
                (dropout): Identity()
              )
              (drop_path): timm.DropPath(0.5700000524520874)
              (norm2): LayerNorm((1024,), eps=1e-05, elementwise_affine=True)
              (mlp): Mlp(
                (fc1): Linear(in_features=1024, out_features=4096, bias=True)
                (act): GELU(approximate='none')
                (fc2): Linear(in_features=4096, out_features=1024, bias=True)
                (drop): Dropout(p=0.0, inplace=False)
              )
            )
            (1): VSSBlock(
              (norm): LayerNorm((1024,), eps=1e-05, elementwise_affine=True)
              (op): SS2D(
                (out_norm): LayerNorm((2048,), eps=1e-05, elementwise_affine=True)
                (in_proj): Linear(in_features=1024, out_features=2048, bias=False)
                (act): SiLU()
                (conv2d): Conv2d(2048, 2048, kernel_size=(3, 3), stride=(1, 1), padding=(1, 1), groups=2048, bias=False)
                (out_proj): Linear(in_features=2048, out_features=1024, bias=False)
                (dropout): Identity()
              )
              (drop_path): timm.DropPath(0.6000000238418579)
              (norm2): LayerNorm((1024,), eps=1e-05, elementwise_affine=True)
              (mlp): Mlp(
                (fc1): Linear(in_features=1024, out_features=4096, bias=True)
                (act): GELU(approximate='none')
                (fc2): Linear(in_features=4096, out_features=1024, bias=True)
                (drop): Dropout(p=0.0, inplace=False)
              )
            )
          )
          (downsample): Identity()
        )
      )
      (classifier): Sequential(
        (norm): LayerNorm((1024,), eps=1e-05, elementwise_affine=True)
        (permute): Permute()
        (avgpool): AdaptiveAvgPool2d(output_size=1)
        (flatten): Flatten(start_dim=1, end_dim=-1)
        (head): Identity()
      )
    )
    (transformer): Transformer(
      (resblocks): Sequential(
        (0): ResidualAttentionBlock(
          (attn): MultiheadAttention(
            (out_proj): NonDynamicallyQuantizableLinear(in_features=512, out_features=512, bias=True)
          )
          (ln_1): LayerNorm((512,), eps=1e-05, elementwise_affine=True)
          (mlp): Sequential(
            (c_fc): Linear(in_features=512, out_features=2048, bias=True)
            (gelu): QuickGELU()
            (c_proj): Linear(in_features=2048, out_features=512, bias=True)
          )
          (ln_2): LayerNorm((512,), eps=1e-05, elementwise_affine=True)
        )
        (1): ResidualAttentionBlock(
          (attn): MultiheadAttention(
            (out_proj): NonDynamicallyQuantizableLinear(in_features=512, out_features=512, bias=True)
          )
          (ln_1): LayerNorm((512,), eps=1e-05, elementwise_affine=True)
          (mlp): Sequential(
            (c_fc): Linear(in_features=512, out_features=2048, bias=True)
            (gelu): QuickGELU()
            (c_proj): Linear(in_features=2048, out_features=512, bias=True)
          )
          (ln_2): LayerNorm((512,), eps=1e-05, elementwise_affine=True)
        )
        (2): ResidualAttentionBlock(
          (attn): MultiheadAttention(
            (out_proj): NonDynamicallyQuantizableLinear(in_features=512, out_features=512, bias=True)
          )
          (ln_1): LayerNorm((512,), eps=1e-05, elementwise_affine=True)
          (mlp): Sequential(
            (c_fc): Linear(in_features=512, out_features=2048, bias=True)
            (gelu): QuickGELU()
            (c_proj): Linear(in_features=2048, out_features=512, bias=True)
          )
          (ln_2): LayerNorm((512,), eps=1e-05, elementwise_affine=True)
        )
        (3): ResidualAttentionBlock(
          (attn): MultiheadAttention(
            (out_proj): NonDynamicallyQuantizableLinear(in_features=512, out_features=512, bias=True)
          )
          (ln_1): LayerNorm((512,), eps=1e-05, elementwise_affine=True)
          (mlp): Sequential(
            (c_fc): Linear(in_features=512, out_features=2048, bias=True)
            (gelu): QuickGELU()
            (c_proj): Linear(in_features=2048, out_features=512, bias=True)
          )
          (ln_2): LayerNorm((512,), eps=1e-05, elementwise_affine=True)
        )
        (4): ResidualAttentionBlock(
          (attn): MultiheadAttention(
            (out_proj): NonDynamicallyQuantizableLinear(in_features=512, out_features=512, bias=True)
          )
          (ln_1): LayerNorm((512,), eps=1e-05, elementwise_affine=True)
          (mlp): Sequential(
            (c_fc): Linear(in_features=512, out_features=2048, bias=True)
            (gelu): QuickGELU()
            (c_proj): Linear(in_features=2048, out_features=512, bias=True)
          )
          (ln_2): LayerNorm((512,), eps=1e-05, elementwise_affine=True)
        )
        (5): ResidualAttentionBlock(
          (attn): MultiheadAttention(
            (out_proj): NonDynamicallyQuantizableLinear(in_features=512, out_features=512, bias=True)
          )
          (ln_1): LayerNorm((512,), eps=1e-05, elementwise_affine=True)
          (mlp): Sequential(
            (c_fc): Linear(in_features=512, out_features=2048, bias=True)
            (gelu): QuickGELU()
            (c_proj): Linear(in_features=2048, out_features=512, bias=True)
          )
          (ln_2): LayerNorm((512,), eps=1e-05, elementwise_affine=True)
        )
        (6): ResidualAttentionBlock(
          (attn): MultiheadAttention(
            (out_proj): NonDynamicallyQuantizableLinear(in_features=512, out_features=512, bias=True)
          )
          (ln_1): LayerNorm((512,), eps=1e-05, elementwise_affine=True)
          (mlp): Sequential(
            (c_fc): Linear(in_features=512, out_features=2048, bias=True)
            (gelu): QuickGELU()
            (c_proj): Linear(in_features=2048, out_features=512, bias=True)
          )
          (ln_2): LayerNorm((512,), eps=1e-05, elementwise_affine=True)
        )
        (7): ResidualAttentionBlock(
          (attn): MultiheadAttention(
            (out_proj): NonDynamicallyQuantizableLinear(in_features=512, out_features=512, bias=True)
          )
          (ln_1): LayerNorm((512,), eps=1e-05, elementwise_affine=True)
          (mlp): Sequential(
            (c_fc): Linear(in_features=512, out_features=2048, bias=True)
            (gelu): QuickGELU()
            (c_proj): Linear(in_features=2048, out_features=512, bias=True)
          )
          (ln_2): LayerNorm((512,), eps=1e-05, elementwise_affine=True)
        )
        (8): ResidualAttentionBlock(
          (attn): MultiheadAttention(
            (out_proj): NonDynamicallyQuantizableLinear(in_features=512, out_features=512, bias=True)
          )
          (ln_1): LayerNorm((512,), eps=1e-05, elementwise_affine=True)
          (mlp): Sequential(
            (c_fc): Linear(in_features=512, out_features=2048, bias=True)
            (gelu): QuickGELU()
            (c_proj): Linear(in_features=2048, out_features=512, bias=True)
          )
          (ln_2): LayerNorm((512,), eps=1e-05, elementwise_affine=True)
        )
        (9): ResidualAttentionBlock(
          (attn): MultiheadAttention(
            (out_proj): NonDynamicallyQuantizableLinear(in_features=512, out_features=512, bias=True)
          )
          (ln_1): LayerNorm((512,), eps=1e-05, elementwise_affine=True)
          (mlp): Sequential(
            (c_fc): Linear(in_features=512, out_features=2048, bias=True)
            (gelu): QuickGELU()
            (c_proj): Linear(in_features=2048, out_features=512, bias=True)
          )
          (ln_2): LayerNorm((512,), eps=1e-05, elementwise_affine=True)
        )
        (10): ResidualAttentionBlock(
          (attn): MultiheadAttention(
            (out_proj): NonDynamicallyQuantizableLinear(in_features=512, out_features=512, bias=True)
          )
          (ln_1): LayerNorm((512,), eps=1e-05, elementwise_affine=True)
          (mlp): Sequential(
            (c_fc): Linear(in_features=512, out_features=2048, bias=True)
            (gelu): QuickGELU()
            (c_proj): Linear(in_features=2048, out_features=512, bias=True)
          )
          (ln_2): LayerNorm((512,), eps=1e-05, elementwise_affine=True)
        )
        (11): ResidualAttentionBlock(
          (attn): MultiheadAttention(
            (out_proj): NonDynamicallyQuantizableLinear(in_features=512, out_features=512, bias=True)
          )
          (ln_1): LayerNorm((512,), eps=1e-05, elementwise_affine=True)
          (mlp): Sequential(
            (c_fc): Linear(in_features=512, out_features=2048, bias=True)
            (gelu): QuickGELU()
            (c_proj): Linear(in_features=2048, out_features=512, bias=True)
          )
          (ln_2): LayerNorm((512,), eps=1e-05, elementwise_affine=True)
        )
      )
    )
    (transformer_e): Transformer(
      (resblocks): Sequential(
        (0): ResidualAttentionBlock(
          (attn): MultiheadAttention(
            (out_proj): NonDynamicallyQuantizableLinear(in_features=512, out_features=512, bias=True)
          )
          (ln_1): LayerNorm((512,), eps=1e-05, elementwise_affine=True)
          (mlp): Sequential(
            (c_fc): Linear(in_features=512, out_features=2048, bias=True)
            (gelu): QuickGELU()
            (c_proj): Linear(in_features=2048, out_features=512, bias=True)
          )
          (ln_2): LayerNorm((512,), eps=1e-05, elementwise_affine=True)
        )
        (1): ResidualAttentionBlock(
          (attn): MultiheadAttention(
            (out_proj): NonDynamicallyQuantizableLinear(in_features=512, out_features=512, bias=True)
          )
          (ln_1): LayerNorm((512,), eps=1e-05, elementwise_affine=True)
          (mlp): Sequential(
            (c_fc): Linear(in_features=512, out_features=2048, bias=True)
            (gelu): QuickGELU()
            (c_proj): Linear(in_features=2048, out_features=512, bias=True)
          )
          (ln_2): LayerNorm((512,), eps=1e-05, elementwise_affine=True)
        )
        (2): ResidualAttentionBlock(
          (attn): MultiheadAttention(
            (out_proj): NonDynamicallyQuantizableLinear(in_features=512, out_features=512, bias=True)
          )
          (ln_1): LayerNorm((512,), eps=1e-05, elementwise_affine=True)
          (mlp): Sequential(
            (c_fc): Linear(in_features=512, out_features=2048, bias=True)
            (gelu): QuickGELU()
            (c_proj): Linear(in_features=2048, out_features=512, bias=True)
          )
          (ln_2): LayerNorm((512,), eps=1e-05, elementwise_affine=True)
        )
        (3): ResidualAttentionBlock(
          (attn): MultiheadAttention(
            (out_proj): NonDynamicallyQuantizableLinear(in_features=512, out_features=512, bias=True)
          )
          (ln_1): LayerNorm((512,), eps=1e-05, elementwise_affine=True)
          (mlp): Sequential(
            (c_fc): Linear(in_features=512, out_features=2048, bias=True)
            (gelu): QuickGELU()
            (c_proj): Linear(in_features=2048, out_features=512, bias=True)
          )
          (ln_2): LayerNorm((512,), eps=1e-05, elementwise_affine=True)
        )
        (4): ResidualAttentionBlock(
          (attn): MultiheadAttention(
            (out_proj): NonDynamicallyQuantizableLinear(in_features=512, out_features=512, bias=True)
          )
          (ln_1): LayerNorm((512,), eps=1e-05, elementwise_affine=True)
          (mlp): Sequential(
            (c_fc): Linear(in_features=512, out_features=2048, bias=True)
            (gelu): QuickGELU()
            (c_proj): Linear(in_features=2048, out_features=512, bias=True)
          )
          (ln_2): LayerNorm((512,), eps=1e-05, elementwise_affine=True)
        )
        (5): ResidualAttentionBlock(
          (attn): MultiheadAttention(
            (out_proj): NonDynamicallyQuantizableLinear(in_features=512, out_features=512, bias=True)
          )
          (ln_1): LayerNorm((512,), eps=1e-05, elementwise_affine=True)
          (mlp): Sequential(
            (c_fc): Linear(in_features=512, out_features=2048, bias=True)
            (gelu): QuickGELU()
            (c_proj): Linear(in_features=2048, out_features=512, bias=True)
          )
          (ln_2): LayerNorm((512,), eps=1e-05, elementwise_affine=True)
        )
        (6): ResidualAttentionBlock(
          (attn): MultiheadAttention(
            (out_proj): NonDynamicallyQuantizableLinear(in_features=512, out_features=512, bias=True)
          )
          (ln_1): LayerNorm((512,), eps=1e-05, elementwise_affine=True)
          (mlp): Sequential(
            (c_fc): Linear(in_features=512, out_features=2048, bias=True)
            (gelu): QuickGELU()
            (c_proj): Linear(in_features=2048, out_features=512, bias=True)
          )
          (ln_2): LayerNorm((512,), eps=1e-05, elementwise_affine=True)
        )
        (7): ResidualAttentionBlock(
          (attn): MultiheadAttention(
            (out_proj): NonDynamicallyQuantizableLinear(in_features=512, out_features=512, bias=True)
          )
          (ln_1): LayerNorm((512,), eps=1e-05, elementwise_affine=True)
          (mlp): Sequential(
            (c_fc): Linear(in_features=512, out_features=2048, bias=True)
            (gelu): QuickGELU()
            (c_proj): Linear(in_features=2048, out_features=512, bias=True)
          )
          (ln_2): LayerNorm((512,), eps=1e-05, elementwise_affine=True)
        )
        (8): ResidualAttentionBlock(
          (attn): MultiheadAttention(
            (out_proj): NonDynamicallyQuantizableLinear(in_features=512, out_features=512, bias=True)
          )
          (ln_1): LayerNorm((512,), eps=1e-05, elementwise_affine=True)
          (mlp): Sequential(
            (c_fc): Linear(in_features=512, out_features=2048, bias=True)
            (gelu): QuickGELU()
            (c_proj): Linear(in_features=2048, out_features=512, bias=True)
          )
          (ln_2): LayerNorm((512,), eps=1e-05, elementwise_affine=True)
        )
        (9): ResidualAttentionBlock(
          (attn): MultiheadAttention(
            (out_proj): NonDynamicallyQuantizableLinear(in_features=512, out_features=512, bias=True)
          )
          (ln_1): LayerNorm((512,), eps=1e-05, elementwise_affine=True)
          (mlp): Sequential(
            (c_fc): Linear(in_features=512, out_features=2048, bias=True)
            (gelu): QuickGELU()
            (c_proj): Linear(in_features=2048, out_features=512, bias=True)
          )
          (ln_2): LayerNorm((512,), eps=1e-05, elementwise_affine=True)
        )
        (10): ResidualAttentionBlock(
          (attn): MultiheadAttention(
            (out_proj): NonDynamicallyQuantizableLinear(in_features=512, out_features=512, bias=True)
          )
          (ln_1): LayerNorm((512,), eps=1e-05, elementwise_affine=True)
          (mlp): Sequential(
            (c_fc): Linear(in_features=512, out_features=2048, bias=True)
            (gelu): QuickGELU()
            (c_proj): Linear(in_features=2048, out_features=512, bias=True)
          )
          (ln_2): LayerNorm((512,), eps=1e-05, elementwise_affine=True)
        )
        (11): ResidualAttentionBlock(
          (attn): MultiheadAttention(
            (out_proj): NonDynamicallyQuantizableLinear(in_features=512, out_features=512, bias=True)
          )
          (ln_1): LayerNorm((512,), eps=1e-05, elementwise_affine=True)
          (mlp): Sequential(
            (c_fc): Linear(in_features=512, out_features=2048, bias=True)
            (gelu): QuickGELU()
            (c_proj): Linear(in_features=2048, out_features=512, bias=True)
          )
          (ln_2): LayerNorm((512,), eps=1e-05, elementwise_affine=True)
        )
      )
    )
    (token_embedding): Embedding(49408, 512)
    (ln_final): LayerNorm((512,), eps=1e-05, elementwise_affine=True)
    (token_embedding_e): Embedding(49408, 512)
    (ln_final_e): LayerNorm((512,), eps=1e-05, elementwise_affine=True)
  )
  (adci): ADCI(
    (align_convs): ModuleList(
      (0): Sequential(
        (0): Conv2d(512, 512, kernel_size=(1, 1), stride=(1, 1), bias=False)
        (1): BatchNorm2d(512, eps=1e-05, momentum=0.1, affine=True, track_running_stats=True)
        (2): ReLU(inplace=True)
      )
      (1-2): 2 x Sequential(
        (0): Conv2d(1024, 512, kernel_size=(1, 1), stride=(1, 1), bias=False)
        (1): BatchNorm2d(512, eps=1e-05, momentum=0.1, affine=True, track_running_stats=True)
        (2): ReLU(inplace=True)
      )
    )
    (gating_mlps): ModuleList(
      (0): Sequential(
        (0): Linear(in_features=512, out_features=128, bias=True)
        (1): ReLU(inplace=True)
        (2): Linear(in_features=128, out_features=1, bias=True)
      )
      (1-2): 2 x Sequential(
        (0): Linear(in_features=1024, out_features=256, bias=True)
        (1): ReLU(inplace=True)
        (2): Linear(in_features=256, out_features=1, bias=True)
      )
    )
    (final_mlp): Sequential(
      (0): Conv2d(1024, 512, kernel_size=(1, 1), stride=(1, 1), bias=False)
      (1): BatchNorm2d(512, eps=1e-05, momentum=0.1, affine=True, track_running_stats=True)
      (2): ReLU(inplace=True)
      (3): Conv2d(512, 512, kernel_size=(1, 1), stride=(1, 1))
    )
  )
  (adci_to_v4): Sequential(
    (0): Conv2d(512, 512, kernel_size=(1, 1), stride=(1, 1), bias=False)
    (1): BatchNorm2d(512, eps=1e-05, momentum=0.1, affine=True, track_running_stats=True)
    (2): ReLU(inplace=True)
  )
  (neck): FPN(
    (txt_proj): Sequential(
      (0): Linear(in_features=512, out_features=512, bias=False)
      (1): BatchNorm1d(512, eps=1e-05, momentum=0.1, affine=True, track_running_stats=True)
      (2): ReLU(inplace=True)
    )
    (vis_proj): Sequential(
      (0): Conv2d(512, 512, kernel_size=(1, 1), stride=(1, 1), bias=False)
      (1): BatchNorm2d(512, eps=1e-05, momentum=0.1, affine=True, track_running_stats=True)
      (2): ReLU(inplace=True)
    )
    (norm_layer): Sequential(
      (0): BatchNorm2d(512, eps=1e-05, momentum=0.1, affine=True, track_running_stats=True)
      (1): ReLU(inplace=True)
    )
    (coordconv): Sequential(
      (0): CoordConv(
        (conv1): Sequential(
          (0): Conv2d(514, 512, kernel_size=(3, 3), stride=(1, 1), padding=(1, 1), bias=False)
          (1): BatchNorm2d(512, eps=1e-05, momentum=0.1, affine=True, track_running_stats=True)
          (2): ReLU(inplace=True)
        )
      )
      (1): Sequential(
        (0): Conv2d(512, 512, kernel_size=(3, 3), stride=(1, 1), padding=(1, 1), bias=False)
        (1): BatchNorm2d(512, eps=1e-05, momentum=0.1, affine=True, track_running_stats=True)
        (2): ReLU(inplace=True)
      )
    )
  )
  (fpn_to_decoder): Identity()
  (decoder): TransformerDecoder(
    (layers): ModuleList(
      (0-2): 3 x TransformerDecoderLayer(
        (self_attn_norm): LayerNorm((512,), eps=1e-05, elementwise_affine=True)
        (cross_attn_norm): LayerNorm((512,), eps=1e-05, elementwise_affine=True)
        (self_attn): MultiheadAttention(
          (out_proj): NonDynamicallyQuantizableLinear(in_features=512, out_features=512, bias=True)
        )
        (multihead_attn): MultiheadAttention(
          (out_proj): NonDynamicallyQuantizableLinear(in_features=512, out_features=512, bias=True)
        )
        (ffn): Sequential(
          (0): Linear(in_features=512, out_features=2048, bias=True)
          (1): ReLU(inplace=True)
          (2): Dropout(p=0.1, inplace=False)
          (3): LayerNorm((2048,), eps=1e-05, elementwise_affine=True)
          (4): Linear(in_features=2048, out_features=512, bias=True)
        )
        (norm1): LayerNorm((512,), eps=1e-05, elementwise_affine=True)
        (norm2): LayerNorm((512,), eps=1e-05, elementwise_affine=True)
        (norm3): LayerNorm((512,), eps=1e-05, elementwise_affine=True)
        (dropout1): Dropout(p=0.1, inplace=False)
        (dropout2): Dropout(p=0.1, inplace=False)
        (dropout3): Dropout(p=0.1, inplace=False)
      )
    )
    (norm): LayerNorm((512,), eps=1e-05, elementwise_affine=True)
  )
  (proj): MultiTaskProjector(
    (vis): Sequential(
      (0): Upsample(scale_factor=2.0, mode='bilinear')
      (1): Sequential(
        (0): Conv2d(512, 512, kernel_size=(3, 3), stride=(1, 1), padding=(1, 1), bias=False)
        (1): BatchNorm2d(512, eps=1e-05, momentum=0.1, affine=True, track_running_stats=True)
        (2): ReLU(inplace=True)
      )
      (2): Upsample(scale_factor=2.0, mode='bilinear')
      (3): Sequential(
        (0): Conv2d(512, 256, kernel_size=(3, 3), stride=(1, 1), padding=(1, 1), bias=False)
        (1): BatchNorm2d(256, eps=1e-05, momentum=0.1, affine=True, track_running_stats=True)
        (2): ReLU(inplace=True)
      )
      (4): Conv2d(256, 1280, kernel_size=(1, 1), stride=(1, 1))
    )
    (txt): Linear(in_features=512, out_features=2305, bias=True)
  )
)
2026-03-24 17:00:13 | INFO     | __main__:158 - adci_align_channels: 512
adci_groups: 1
adci_out_channels: 512
base_lr: 0.0001
batch_size: 8
batch_size_val: 8
clip_pretrain: /scratch/tstanley/HAGRID/geolang/pretrain/RN50.pt
dataset: OCID-VLG
detect_anomaly: False
dggm_max_tokens: 4096
dim_ffn: 2048
dist_backend: nccl
dist_url: tcp://localhost:3681
dropout: 0.1
epochs: 50
evaluate: True
exp_name: CROG_multiple_R50
fpn_in: [512]
fpn_out: [512]
gpu: 0
input_size: 416
intermediate: False
launched_with_env: True
lr_decay: 0.1
lr_multi: 0.1
mamba_clip_pretrain: /scratch/tstanley/HAGRID/VMamba_B_clip.pt
manual_seed: 0
max_norm: 1.0
milestones: [35]
multiprocessing_distributed: True
ngpus_per_node: 1
num_head: 8
num_layers: 3
output_dir: exp/OCID-VLG_multiple/CROG_multiple_R50
output_folder: exp/OCID-VLG_multiple
print_freq: 100
rank: 0
resume: None
root_path: ./datasets/OCID-VLG
save_freq: 1
start_epoch: 0
sync_bn: False
test_split: val-test
train_split: train
use_adci: True
use_contrastive: True
use_dggm: False
use_grasp_masks: True
use_pretrained_clip: True
use_pretrained_mamba_clip: True
use_wandb: True
val_split: val
version: multiple
vis_dim: 512
visualize: False
wandb_mode: offline
wandb_project: Geolang
weight: None
weight_decay: 0.0
word_dim: 512
word_len: 77
workers: 1
workers_val: 1
world_size: 2
2026-03-24 17:00:14 | INFO     | __main__:157 - geolang(
  (backbone): CLIP(
    (visual): VSSM(
      (patch_embed): Sequential(
        (0): Conv2d(3, 64, kernel_size=(3, 3), stride=(2, 2), padding=(1, 1))
        (1): Permute()
        (2): LayerNorm((64,), eps=1e-05, elementwise_affine=True)
        (3): Permute()
        (4): GELU(approximate='none')
        (5): Conv2d(64, 128, kernel_size=(3, 3), stride=(2, 2), padding=(1, 1))
        (6): Permute()
        (7): LayerNorm((128,), eps=1e-05, elementwise_affine=True)
      )
      (layers): ModuleList(
        (0): Sequential(
          (blocks): Sequential(
            (0): VSSBlock(
              (norm): LayerNorm((128,), eps=1e-05, elementwise_affine=True)
              (op): SS2D(
                (out_norm): LayerNorm((256,), eps=1e-05, elementwise_affine=True)
                (in_proj): Linear(in_features=128, out_features=256, bias=False)
                (act): SiLU()
                (conv2d): Conv2d(256, 256, kernel_size=(3, 3), stride=(1, 1), padding=(1, 1), groups=256, bias=False)
                (out_proj): Linear(in_features=256, out_features=128, bias=False)
                (dropout): Identity()
              )
              (drop_path): timm.DropPath(0.0)
              (norm2): LayerNorm((128,), eps=1e-05, elementwise_affine=True)
              (mlp): Mlp(
                (fc1): Linear(in_features=128, out_features=512, bias=True)
                (act): GELU(approximate='none')
                (fc2): Linear(in_features=512, out_features=128, bias=True)
                (drop): Dropout(p=0.0, inplace=False)
              )
            )
            (1): VSSBlock(
              (norm): LayerNorm((128,), eps=1e-05, elementwise_affine=True)
              (op): SS2D(
                (out_norm): LayerNorm((256,), eps=1e-05, elementwise_affine=True)
                (in_proj): Linear(in_features=128, out_features=256, bias=False)
                (act): SiLU()
                (conv2d): Conv2d(256, 256, kernel_size=(3, 3), stride=(1, 1), padding=(1, 1), groups=256, bias=False)
                (out_proj): Linear(in_features=256, out_features=128, bias=False)
                (dropout): Identity()
              )
              (drop_path): timm.DropPath(0.030000001192092896)
              (norm2): LayerNorm((128,), eps=1e-05, elementwise_affine=True)
              (mlp): Mlp(
                (fc1): Linear(in_features=128, out_features=512, bias=True)
                (act): GELU(approximate='none')
                (fc2): Linear(in_features=512, out_features=128, bias=True)
                (drop): Dropout(p=0.0, inplace=False)
              )
            )
          )
          (downsample): Sequential(
            (0): Permute()
            (1): Conv2d(128, 256, kernel_size=(3, 3), stride=(2, 2), padding=(1, 1))
            (2): Permute()
            (3): LayerNorm((256,), eps=1e-05, elementwise_affine=True)
          )
        )
        (1): Sequential(
          (blocks): Sequential(
            (0): VSSBlock(
              (norm): LayerNorm((256,), eps=1e-05, elementwise_affine=True)
              (op): SS2D(
                (out_norm): LayerNorm((512,), eps=1e-05, elementwise_affine=True)
                (in_proj): Linear(in_features=256, out_features=512, bias=False)
                (act): SiLU()
                (conv2d): Conv2d(512, 512, kernel_size=(3, 3), stride=(1, 1), padding=(1, 1), groups=512, bias=False)
                (out_proj): Linear(in_features=512, out_features=256, bias=False)
                (dropout): Identity()
              )
              (drop_path): timm.DropPath(0.06000000238418579)
              (norm2): LayerNorm((256,), eps=1e-05, elementwise_affine=True)
              (mlp): Mlp(
                (fc1): Linear(in_features=256, out_features=1024, bias=True)
                (act): GELU(approximate='none')
                (fc2): Linear(in_features=1024, out_features=256, bias=True)
                (drop): Dropout(p=0.0, inplace=False)
              )
            )
            (1): VSSBlock(
              (norm): LayerNorm((256,), eps=1e-05, elementwise_affine=True)
              (op): SS2D(
                (out_norm): LayerNorm((512,), eps=1e-05, elementwise_affine=True)
                (in_proj): Linear(in_features=256, out_features=512, bias=False)
                (act): SiLU()
                (conv2d): Conv2d(512, 512, kernel_size=(3, 3), stride=(1, 1), padding=(1, 1), groups=512, bias=False)
                (out_proj): Linear(in_features=512, out_features=256, bias=False)
                (dropout): Identity()
              )
              (drop_path): timm.DropPath(0.09000000357627869)
              (norm2): LayerNorm((256,), eps=1e-05, elementwise_affine=True)
              (mlp): Mlp(
                (fc1): Linear(in_features=256, out_features=1024, bias=True)
                (act): GELU(approximate='none')
                (fc2): Linear(in_features=1024, out_features=256, bias=True)
                (drop): Dropout(p=0.0, inplace=False)
              )
            )
          )
          (downsample): Sequential(
            (0): Permute()
            (1): Conv2d(256, 512, kernel_size=(3, 3), stride=(2, 2), padding=(1, 1))
            (2): Permute()
            (3): LayerNorm((512,), eps=1e-05, elementwise_affine=True)
          )
        )
        (2): Sequential(
          (blocks): Sequential(
            (0): VSSBlock(
              (norm): LayerNorm((512,), eps=1e-05, elementwise_affine=True)
              (op): SS2D(
                (out_norm): LayerNorm((1024,), eps=1e-05, elementwise_affine=True)
                (in_proj): Linear(in_features=512, out_features=1024, bias=False)
                (act): SiLU()
                (conv2d): Conv2d(1024, 1024, kernel_size=(3, 3), stride=(1, 1), padding=(1, 1), groups=1024, bias=False)
                (out_proj): Linear(in_features=1024, out_features=512, bias=False)
                (dropout): Identity()
              )
              (drop_path): timm.DropPath(0.12000000476837158)
              (norm2): LayerNorm((512,), eps=1e-05, elementwise_affine=True)
              (mlp): Mlp(
                (fc1): Linear(in_features=512, out_features=2048, bias=True)
                (act): GELU(approximate='none')
                (fc2): Linear(in_features=2048, out_features=512, bias=True)
                (drop): Dropout(p=0.0, inplace=False)
              )
            )
            (1): VSSBlock(
              (norm): LayerNorm((512,), eps=1e-05, elementwise_affine=True)
              (op): SS2D(
                (out_norm): LayerNorm((1024,), eps=1e-05, elementwise_affine=True)
                (in_proj): Linear(in_features=512, out_features=1024, bias=False)
                (act): SiLU()
                (conv2d): Conv2d(1024, 1024, kernel_size=(3, 3), stride=(1, 1), padding=(1, 1), groups=1024, bias=False)
                (out_proj): Linear(in_features=1024, out_features=512, bias=False)
                (dropout): Identity()
              )
              (drop_path): timm.DropPath(0.15000000596046448)
              (norm2): LayerNorm((512,), eps=1e-05, elementwise_affine=True)
              (mlp): Mlp(
                (fc1): Linear(in_features=512, out_features=2048, bias=True)
                (act): GELU(approximate='none')
                (fc2): Linear(in_features=2048, out_features=512, bias=True)
                (drop): Dropout(p=0.0, inplace=False)
              )
            )
            (2): VSSBlock(
              (norm): LayerNorm((512,), eps=1e-05, elementwise_affine=True)
              (op): SS2D(
                (out_norm): LayerNorm((1024,), eps=1e-05, elementwise_affine=True)
                (in_proj): Linear(in_features=512, out_features=1024, bias=False)
                (act): SiLU()
                (conv2d): Conv2d(1024, 1024, kernel_size=(3, 3), stride=(1, 1), padding=(1, 1), groups=1024, bias=False)
                (out_proj): Linear(in_features=1024, out_features=512, bias=False)
                (dropout): Identity()
              )
              (drop_path): timm.DropPath(0.18000000715255737)
              (norm2): LayerNorm((512,), eps=1e-05, elementwise_affine=True)
              (mlp): Mlp(
                (fc1): Linear(in_features=512, out_features=2048, bias=True)
                (act): GELU(approximate='none')
                (fc2): Linear(in_features=2048, out_features=512, bias=True)
                (drop): Dropout(p=0.0, inplace=False)
              )
            )
            (3): VSSBlock(
              (norm): LayerNorm((512,), eps=1e-05, elementwise_affine=True)
              (op): SS2D(
                (out_norm): LayerNorm((1024,), eps=1e-05, elementwise_affine=True)
                (in_proj): Linear(in_features=512, out_features=1024, bias=False)
                (act): SiLU()
                (conv2d): Conv2d(1024, 1024, kernel_size=(3, 3), stride=(1, 1), padding=(1, 1), groups=1024, bias=False)
                (out_proj): Linear(in_features=1024, out_features=512, bias=False)
                (dropout): Identity()
              )
              (drop_path): timm.DropPath(0.21000000834465027)
              (norm2): LayerNorm((512,), eps=1e-05, elementwise_affine=True)
              (mlp): Mlp(
                (fc1): Linear(in_features=512, out_features=2048, bias=True)
                (act): GELU(approximate='none')
                (fc2): Linear(in_features=2048, out_features=512, bias=True)
                (drop): Dropout(p=0.0, inplace=False)
              )
            )
            (4): VSSBlock(
              (norm): LayerNorm((512,), eps=1e-05, elementwise_affine=True)
              (op): SS2D(
                (out_norm): LayerNorm((1024,), eps=1e-05, elementwise_affine=True)
                (in_proj): Linear(in_features=512, out_features=1024, bias=False)
                (act): SiLU()
                (conv2d): Conv2d(1024, 1024, kernel_size=(3, 3), stride=(1, 1), padding=(1, 1), groups=1024, bias=False)
                (out_proj): Linear(in_features=1024, out_features=512, bias=False)
                (dropout): Identity()
              )
              (drop_path): timm.DropPath(0.24000000953674316)
              (norm2): LayerNorm((512,), eps=1e-05, elementwise_affine=True)
              (mlp): Mlp(
                (fc1): Linear(in_features=512, out_features=2048, bias=True)
                (act): GELU(approximate='none')
                (fc2): Linear(in_features=2048, out_features=512, bias=True)
                (drop): Dropout(p=0.0, inplace=False)
              )
            )
            (5): VSSBlock(
              (norm): LayerNorm((512,), eps=1e-05, elementwise_affine=True)
              (op): SS2D(
                (out_norm): LayerNorm((1024,), eps=1e-05, elementwise_affine=True)
                (in_proj): Linear(in_features=512, out_features=1024, bias=False)
                (act): SiLU()
                (conv2d): Conv2d(1024, 1024, kernel_size=(3, 3), stride=(1, 1), padding=(1, 1), groups=1024, bias=False)
                (out_proj): Linear(in_features=1024, out_features=512, bias=False)
                (dropout): Identity()
              )
              (drop_path): timm.DropPath(0.27000001072883606)
              (norm2): LayerNorm((512,), eps=1e-05, elementwise_affine=True)
              (mlp): Mlp(
                (fc1): Linear(in_features=512, out_features=2048, bias=True)
                (act): GELU(approximate='none')
                (fc2): Linear(in_features=2048, out_features=512, bias=True)
                (drop): Dropout(p=0.0, inplace=False)
              )
            )
            (6): VSSBlock(
              (norm): LayerNorm((512,), eps=1e-05, elementwise_affine=True)
              (op): SS2D(
                (out_norm): LayerNorm((1024,), eps=1e-05, elementwise_affine=True)
                (in_proj): Linear(in_features=512, out_features=1024, bias=False)
                (act): SiLU()
                (conv2d): Conv2d(1024, 1024, kernel_size=(3, 3), stride=(1, 1), padding=(1, 1), groups=1024, bias=False)
                (out_proj): Linear(in_features=1024, out_features=512, bias=False)
                (dropout): Identity()
              )
              (drop_path): timm.DropPath(0.30000001192092896)
              (norm2): LayerNorm((512,), eps=1e-05, elementwise_affine=True)
              (mlp): Mlp(
                (fc1): Linear(in_features=512, out_features=2048, bias=True)
                (act): GELU(approximate='none')
                (fc2): Linear(in_features=2048, out_features=512, bias=True)
                (drop): Dropout(p=0.0, inplace=False)
              )
            )
            (7): VSSBlock(
              (norm): LayerNorm((512,), eps=1e-05, elementwise_affine=True)
              (op): SS2D(
                (out_norm): LayerNorm((1024,), eps=1e-05, elementwise_affine=True)
                (in_proj): Linear(in_features=512, out_features=1024, bias=False)
                (act): SiLU()
                (conv2d): Conv2d(1024, 1024, kernel_size=(3, 3), stride=(1, 1), padding=(1, 1), groups=1024, bias=False)
                (out_proj): Linear(in_features=1024, out_features=512, bias=False)
                (dropout): Identity()
              )
              (drop_path): timm.DropPath(0.33000001311302185)
              (norm2): LayerNorm((512,), eps=1e-05, elementwise_affine=True)
              (mlp): Mlp(
                (fc1): Linear(in_features=512, out_features=2048, bias=True)
                (act): GELU(approximate='none')
                (fc2): Linear(in_features=2048, out_features=512, bias=True)
                (drop): Dropout(p=0.0, inplace=False)
              )
            )
            (8): VSSBlock(
              (norm): LayerNorm((512,), eps=1e-05, elementwise_affine=True)
              (op): SS2D(
                (out_norm): LayerNorm((1024,), eps=1e-05, elementwise_affine=True)
                (in_proj): Linear(in_features=512, out_features=1024, bias=False)
                (act): SiLU()
                (conv2d): Conv2d(1024, 1024, kernel_size=(3, 3), stride=(1, 1), padding=(1, 1), groups=1024, bias=False)
                (out_proj): Linear(in_features=1024, out_features=512, bias=False)
                (dropout): Identity()
              )
              (drop_path): timm.DropPath(0.36000001430511475)
              (norm2): LayerNorm((512,), eps=1e-05, elementwise_affine=True)
              (mlp): Mlp(
                (fc1): Linear(in_features=512, out_features=2048, bias=True)
                (act): GELU(approximate='none')
                (fc2): Linear(in_features=2048, out_features=512, bias=True)
                (drop): Dropout(p=0.0, inplace=False)
              )
            )
            (9): VSSBlock(
              (norm): LayerNorm((512,), eps=1e-05, elementwise_affine=True)
              (op): SS2D(
                (out_norm): LayerNorm((1024,), eps=1e-05, elementwise_affine=True)
                (in_proj): Linear(in_features=512, out_features=1024, bias=False)
                (act): SiLU()
                (conv2d): Conv2d(1024, 1024, kernel_size=(3, 3), stride=(1, 1), padding=(1, 1), groups=1024, bias=False)
                (out_proj): Linear(in_features=1024, out_features=512, bias=False)
                (dropout): Identity()
              )
              (drop_path): timm.DropPath(0.39000001549720764)
              (norm2): LayerNorm((512,), eps=1e-05, elementwise_affine=True)
              (mlp): Mlp(
                (fc1): Linear(in_features=512, out_features=2048, bias=True)
                (act): GELU(approximate='none')
                (fc2): Linear(in_features=2048, out_features=512, bias=True)
                (drop): Dropout(p=0.0, inplace=False)
              )
            )
            (10): VSSBlock(
              (norm): LayerNorm((512,), eps=1e-05, elementwise_affine=True)
              (op): SS2D(
                (out_norm): LayerNorm((1024,), eps=1e-05, elementwise_affine=True)
                (in_proj): Linear(in_features=512, out_features=1024, bias=False)
                (act): SiLU()
                (conv2d): Conv2d(1024, 1024, kernel_size=(3, 3), stride=(1, 1), padding=(1, 1), groups=1024, bias=False)
                (out_proj): Linear(in_features=1024, out_features=512, bias=False)
                (dropout): Identity()
              )
              (drop_path): timm.DropPath(0.42000001668930054)
              (norm2): LayerNorm((512,), eps=1e-05, elementwise_affine=True)
              (mlp): Mlp(
                (fc1): Linear(in_features=512, out_features=2048, bias=True)
                (act): GELU(approximate='none')
                (fc2): Linear(in_features=2048, out_features=512, bias=True)
                (drop): Dropout(p=0.0, inplace=False)
              )
            )
            (11): VSSBlock(
              (norm): LayerNorm((512,), eps=1e-05, elementwise_affine=True)
              (op): SS2D(
                (out_norm): LayerNorm((1024,), eps=1e-05, elementwise_affine=True)
                (in_proj): Linear(in_features=512, out_features=1024, bias=False)
                (act): SiLU()
                (conv2d): Conv2d(1024, 1024, kernel_size=(3, 3), stride=(1, 1), padding=(1, 1), groups=1024, bias=False)
                (out_proj): Linear(in_features=1024, out_features=512, bias=False)
                (dropout): Identity()
              )
              (drop_path): timm.DropPath(0.45000001788139343)
              (norm2): LayerNorm((512,), eps=1e-05, elementwise_affine=True)
              (mlp): Mlp(
                (fc1): Linear(in_features=512, out_features=2048, bias=True)
                (act): GELU(approximate='none')
                (fc2): Linear(in_features=2048, out_features=512, bias=True)
                (drop): Dropout(p=0.0, inplace=False)
              )
            )
            (12): VSSBlock(
              (norm): LayerNorm((512,), eps=1e-05, elementwise_affine=True)
              (op): SS2D(
                (out_norm): LayerNorm((1024,), eps=1e-05, elementwise_affine=True)
                (in_proj): Linear(in_features=512, out_features=1024, bias=False)
                (act): SiLU()
                (conv2d): Conv2d(1024, 1024, kernel_size=(3, 3), stride=(1, 1), padding=(1, 1), groups=1024, bias=False)
                (out_proj): Linear(in_features=1024, out_features=512, bias=False)
                (dropout): Identity()
              )
              (drop_path): timm.DropPath(0.48000001907348633)
              (norm2): LayerNorm((512,), eps=1e-05, elementwise_affine=True)
              (mlp): Mlp(
                (fc1): Linear(in_features=512, out_features=2048, bias=True)
                (act): GELU(approximate='none')
                (fc2): Linear(in_features=2048, out_features=512, bias=True)
                (drop): Dropout(p=0.0, inplace=False)
              )
            )
            (13): VSSBlock(
              (norm): LayerNorm((512,), eps=1e-05, elementwise_affine=True)
              (op): SS2D(
                (out_norm): LayerNorm((1024,), eps=1e-05, elementwise_affine=True)
                (in_proj): Linear(in_features=512, out_features=1024, bias=False)
                (act): SiLU()
                (conv2d): Conv2d(1024, 1024, kernel_size=(3, 3), stride=(1, 1), padding=(1, 1), groups=1024, bias=False)
                (out_proj): Linear(in_features=1024, out_features=512, bias=False)
                (dropout): Identity()
              )
              (drop_path): timm.DropPath(0.5099999904632568)
              (norm2): LayerNorm((512,), eps=1e-05, elementwise_affine=True)
              (mlp): Mlp(
                (fc1): Linear(in_features=512, out_features=2048, bias=True)
                (act): GELU(approximate='none')
                (fc2): Linear(in_features=2048, out_features=512, bias=True)
                (drop): Dropout(p=0.0, inplace=False)
              )
            )
            (14): VSSBlock(
              (norm): LayerNorm((512,), eps=1e-05, elementwise_affine=True)
              (op): SS2D(
                (out_norm): LayerNorm((1024,), eps=1e-05, elementwise_affine=True)
                (in_proj): Linear(in_features=512, out_features=1024, bias=False)
                (act): SiLU()
                (conv2d): Conv2d(1024, 1024, kernel_size=(3, 3), stride=(1, 1), padding=(1, 1), groups=1024, bias=False)
                (out_proj): Linear(in_features=1024, out_features=512, bias=False)
                (dropout): Identity()
              )
              (drop_path): timm.DropPath(0.5400000214576721)
              (norm2): LayerNorm((512,), eps=1e-05, elementwise_affine=True)
              (mlp): Mlp(
                (fc1): Linear(in_features=512, out_features=2048, bias=True)
                (act): GELU(approximate='none')
                (fc2): Linear(in_features=2048, out_features=512, bias=True)
                (drop): Dropout(p=0.0, inplace=False)
              )
            )
          )
          (downsample): Sequential(
            (0): Permute()
            (1): Conv2d(512, 1024, kernel_size=(3, 3), stride=(2, 2), padding=(1, 1))
            (2): Permute()
            (3): LayerNorm((1024,), eps=1e-05, elementwise_affine=True)
          )
        )
        (3): Sequential(
          (blocks): Sequential(
            (0): VSSBlock(
              (norm): LayerNorm((1024,), eps=1e-05, elementwise_affine=True)
              (op): SS2D(
                (out_norm): LayerNorm((2048,), eps=1e-05, elementwise_affine=True)
                (in_proj): Linear(in_features=1024, out_features=2048, bias=False)
                (act): SiLU()
                (conv2d): Conv2d(2048, 2048, kernel_size=(3, 3), stride=(1, 1), padding=(1, 1), groups=2048, bias=False)
                (out_proj): Linear(in_features=2048, out_features=1024, bias=False)
                (dropout): Identity()
              )
              (drop_path): timm.DropPath(0.5700000524520874)
              (norm2): LayerNorm((1024,), eps=1e-05, elementwise_affine=True)
              (mlp): Mlp(
                (fc1): Linear(in_features=1024, out_features=4096, bias=True)
                (act): GELU(approximate='none')
                (fc2): Linear(in_features=4096, out_features=1024, bias=True)
                (drop): Dropout(p=0.0, inplace=False)
              )
            )
            (1): VSSBlock(
              (norm): LayerNorm((1024,), eps=1e-05, elementwise_affine=True)
              (op): SS2D(
                (out_norm): LayerNorm((2048,), eps=1e-05, elementwise_affine=True)
                (in_proj): Linear(in_features=1024, out_features=2048, bias=False)
                (act): SiLU()
                (conv2d): Conv2d(2048, 2048, kernel_size=(3, 3), stride=(1, 1), padding=(1, 1), groups=2048, bias=False)
                (out_proj): Linear(in_features=2048, out_features=1024, bias=False)
                (dropout): Identity()
              )
              (drop_path): timm.DropPath(0.6000000238418579)
              (norm2): LayerNorm((1024,), eps=1e-05, elementwise_affine=True)
              (mlp): Mlp(
                (fc1): Linear(in_features=1024, out_features=4096, bias=True)
                (act): GELU(approximate='none')
                (fc2): Linear(in_features=4096, out_features=1024, bias=True)
                (drop): Dropout(p=0.0, inplace=False)
              )
            )
          )
          (downsample): Identity()
        )
      )
      (classifier): Sequential(
        (norm): LayerNorm((1024,), eps=1e-05, elementwise_affine=True)
        (permute): Permute()
        (avgpool): AdaptiveAvgPool2d(output_size=1)
        (flatten): Flatten(start_dim=1, end_dim=-1)
        (head): Identity()
      )
    )
    (visual_e): VSSM(
      (patch_embed): Sequential(
        (0): Conv2d(3, 64, kernel_size=(3, 3), stride=(2, 2), padding=(1, 1))
        (1): Permute()
        (2): LayerNorm((64,), eps=1e-05, elementwise_affine=True)
        (3): Permute()
        (4): GELU(approximate='none')
        (5): Conv2d(64, 128, kernel_size=(3, 3), stride=(2, 2), padding=(1, 1))
        (6): Permute()
        (7): LayerNorm((128,), eps=1e-05, elementwise_affine=True)
      )
      (layers): ModuleList(
        (0): Sequential(
          (blocks): Sequential(
            (0): VSSBlock(
              (norm): LayerNorm((128,), eps=1e-05, elementwise_affine=True)
              (op): SS2D(
                (out_norm): LayerNorm((256,), eps=1e-05, elementwise_affine=True)
                (in_proj): Linear(in_features=128, out_features=256, bias=False)
                (act): SiLU()
                (conv2d): Conv2d(256, 256, kernel_size=(3, 3), stride=(1, 1), padding=(1, 1), groups=256, bias=False)
                (out_proj): Linear(in_features=256, out_features=128, bias=False)
                (dropout): Identity()
              )
              (drop_path): timm.DropPath(0.0)
              (norm2): LayerNorm((128,), eps=1e-05, elementwise_affine=True)
              (mlp): Mlp(
                (fc1): Linear(in_features=128, out_features=512, bias=True)
                (act): GELU(approximate='none')
                (fc2): Linear(in_features=512, out_features=128, bias=True)
                (drop): Dropout(p=0.0, inplace=False)
              )
            )
            (1): VSSBlock(
              (norm): LayerNorm((128,), eps=1e-05, elementwise_affine=True)
              (op): SS2D(
                (out_norm): LayerNorm((256,), eps=1e-05, elementwise_affine=True)
                (in_proj): Linear(in_features=128, out_features=256, bias=False)
                (act): SiLU()
                (conv2d): Conv2d(256, 256, kernel_size=(3, 3), stride=(1, 1), padding=(1, 1), groups=256, bias=False)
                (out_proj): Linear(in_features=256, out_features=128, bias=False)
                (dropout): Identity()
              )
              (drop_path): timm.DropPath(0.030000001192092896)
              (norm2): LayerNorm((128,), eps=1e-05, elementwise_affine=True)
              (mlp): Mlp(
                (fc1): Linear(in_features=128, out_features=512, bias=True)
                (act): GELU(approximate='none')
                (fc2): Linear(in_features=512, out_features=128, bias=True)
                (drop): Dropout(p=0.0, inplace=False)
              )
            )
          )
          (downsample): Sequential(
            (0): Permute()
            (1): Conv2d(128, 256, kernel_size=(3, 3), stride=(2, 2), padding=(1, 1))
            (2): Permute()
            (3): LayerNorm((256,), eps=1e-05, elementwise_affine=True)
          )
        )
        (1): Sequential(
          (blocks): Sequential(
            (0): VSSBlock(
              (norm): LayerNorm((256,), eps=1e-05, elementwise_affine=True)
              (op): SS2D(
                (out_norm): LayerNorm((512,), eps=1e-05, elementwise_affine=True)
                (in_proj): Linear(in_features=256, out_features=512, bias=False)
                (act): SiLU()
                (conv2d): Conv2d(512, 512, kernel_size=(3, 3), stride=(1, 1), padding=(1, 1), groups=512, bias=False)
                (out_proj): Linear(in_features=512, out_features=256, bias=False)
                (dropout): Identity()
              )
              (drop_path): timm.DropPath(0.06000000238418579)
              (norm2): LayerNorm((256,), eps=1e-05, elementwise_affine=True)
              (mlp): Mlp(
                (fc1): Linear(in_features=256, out_features=1024, bias=True)
                (act): GELU(approximate='none')
                (fc2): Linear(in_features=1024, out_features=256, bias=True)
                (drop): Dropout(p=0.0, inplace=False)
              )
            )
            (1): VSSBlock(
              (norm): LayerNorm((256,), eps=1e-05, elementwise_affine=True)
              (op): SS2D(
                (out_norm): LayerNorm((512,), eps=1e-05, elementwise_affine=True)
                (in_proj): Linear(in_features=256, out_features=512, bias=False)
                (act): SiLU()
                (conv2d): Conv2d(512, 512, kernel_size=(3, 3), stride=(1, 1), padding=(1, 1), groups=512, bias=False)
                (out_proj): Linear(in_features=512, out_features=256, bias=False)
                (dropout): Identity()
              )
              (drop_path): timm.DropPath(0.09000000357627869)
              (norm2): LayerNorm((256,), eps=1e-05, elementwise_affine=True)
              (mlp): Mlp(
                (fc1): Linear(in_features=256, out_features=1024, bias=True)
                (act): GELU(approximate='none')
                (fc2): Linear(in_features=1024, out_features=256, bias=True)
                (drop): Dropout(p=0.0, inplace=False)
              )
            )
          )
          (downsample): Sequential(
            (0): Permute()
            (1): Conv2d(256, 512, kernel_size=(3, 3), stride=(2, 2), padding=(1, 1))
            (2): Permute()
            (3): LayerNorm((512,), eps=1e-05, elementwise_affine=True)
          )
        )
        (2): Sequential(
          (blocks): Sequential(
            (0): VSSBlock(
              (norm): LayerNorm((512,), eps=1e-05, elementwise_affine=True)
              (op): SS2D(
                (out_norm): LayerNorm((1024,), eps=1e-05, elementwise_affine=True)
                (in_proj): Linear(in_features=512, out_features=1024, bias=False)
                (act): SiLU()
                (conv2d): Conv2d(1024, 1024, kernel_size=(3, 3), stride=(1, 1), padding=(1, 1), groups=1024, bias=False)
                (out_proj): Linear(in_features=1024, out_features=512, bias=False)
                (dropout): Identity()
              )
              (drop_path): timm.DropPath(0.12000000476837158)
              (norm2): LayerNorm((512,), eps=1e-05, elementwise_affine=True)
              (mlp): Mlp(
                (fc1): Linear(in_features=512, out_features=2048, bias=True)
                (act): GELU(approximate='none')
                (fc2): Linear(in_features=2048, out_features=512, bias=True)
                (drop): Dropout(p=0.0, inplace=False)
              )
            )
            (1): VSSBlock(
              (norm): LayerNorm((512,), eps=1e-05, elementwise_affine=True)
              (op): SS2D(
                (out_norm): LayerNorm((1024,), eps=1e-05, elementwise_affine=True)
                (in_proj): Linear(in_features=512, out_features=1024, bias=False)
                (act): SiLU()
                (conv2d): Conv2d(1024, 1024, kernel_size=(3, 3), stride=(1, 1), padding=(1, 1), groups=1024, bias=False)
                (out_proj): Linear(in_features=1024, out_features=512, bias=False)
                (dropout): Identity()
              )
              (drop_path): timm.DropPath(0.15000000596046448)
              (norm2): LayerNorm((512,), eps=1e-05, elementwise_affine=True)
              (mlp): Mlp(
                (fc1): Linear(in_features=512, out_features=2048, bias=True)
                (act): GELU(approximate='none')
                (fc2): Linear(in_features=2048, out_features=512, bias=True)
                (drop): Dropout(p=0.0, inplace=False)
              )
            )
            (2): VSSBlock(
              (norm): LayerNorm((512,), eps=1e-05, elementwise_affine=True)
              (op): SS2D(
                (out_norm): LayerNorm((1024,), eps=1e-05, elementwise_affine=True)
                (in_proj): Linear(in_features=512, out_features=1024, bias=False)
                (act): SiLU()
                (conv2d): Conv2d(1024, 1024, kernel_size=(3, 3), stride=(1, 1), padding=(1, 1), groups=1024, bias=False)
                (out_proj): Linear(in_features=1024, out_features=512, bias=False)
                (dropout): Identity()
              )
              (drop_path): timm.DropPath(0.18000000715255737)
              (norm2): LayerNorm((512,), eps=1e-05, elementwise_affine=True)
              (mlp): Mlp(
                (fc1): Linear(in_features=512, out_features=2048, bias=True)
                (act): GELU(approximate='none')
                (fc2): Linear(in_features=2048, out_features=512, bias=True)
                (drop): Dropout(p=0.0, inplace=False)
              )
            )
            (3): VSSBlock(
              (norm): LayerNorm((512,), eps=1e-05, elementwise_affine=True)
              (op): SS2D(
                (out_norm): LayerNorm((1024,), eps=1e-05, elementwise_affine=True)
                (in_proj): Linear(in_features=512, out_features=1024, bias=False)
                (act): SiLU()
                (conv2d): Conv2d(1024, 1024, kernel_size=(3, 3), stride=(1, 1), padding=(1, 1), groups=1024, bias=False)
                (out_proj): Linear(in_features=1024, out_features=512, bias=False)
                (dropout): Identity()
              )
              (drop_path): timm.DropPath(0.21000000834465027)
              (norm2): LayerNorm((512,), eps=1e-05, elementwise_affine=True)
              (mlp): Mlp(
                (fc1): Linear(in_features=512, out_features=2048, bias=True)
                (act): GELU(approximate='none')
                (fc2): Linear(in_features=2048, out_features=512, bias=True)
                (drop): Dropout(p=0.0, inplace=False)
              )
            )
            (4): VSSBlock(
              (norm): LayerNorm((512,), eps=1e-05, elementwise_affine=True)
              (op): SS2D(
                (out_norm): LayerNorm((1024,), eps=1e-05, elementwise_affine=True)
                (in_proj): Linear(in_features=512, out_features=1024, bias=False)
                (act): SiLU()
                (conv2d): Conv2d(1024, 1024, kernel_size=(3, 3), stride=(1, 1), padding=(1, 1), groups=1024, bias=False)
                (out_proj): Linear(in_features=1024, out_features=512, bias=False)
                (dropout): Identity()
              )
              (drop_path): timm.DropPath(0.24000000953674316)
              (norm2): LayerNorm((512,), eps=1e-05, elementwise_affine=True)
              (mlp): Mlp(
                (fc1): Linear(in_features=512, out_features=2048, bias=True)
                (act): GELU(approximate='none')
                (fc2): Linear(in_features=2048, out_features=512, bias=True)
                (drop): Dropout(p=0.0, inplace=False)
              )
            )
            (5): VSSBlock(
              (norm): LayerNorm((512,), eps=1e-05, elementwise_affine=True)
              (op): SS2D(
                (out_norm): LayerNorm((1024,), eps=1e-05, elementwise_affine=True)
                (in_proj): Linear(in_features=512, out_features=1024, bias=False)
                (act): SiLU()
                (conv2d): Conv2d(1024, 1024, kernel_size=(3, 3), stride=(1, 1), padding=(1, 1), groups=1024, bias=False)
                (out_proj): Linear(in_features=1024, out_features=512, bias=False)
                (dropout): Identity()
              )
              (drop_path): timm.DropPath(0.27000001072883606)
              (norm2): LayerNorm((512,), eps=1e-05, elementwise_affine=True)
              (mlp): Mlp(
                (fc1): Linear(in_features=512, out_features=2048, bias=True)
                (act): GELU(approximate='none')
                (fc2): Linear(in_features=2048, out_features=512, bias=True)
                (drop): Dropout(p=0.0, inplace=False)
              )
            )
            (6): VSSBlock(
              (norm): LayerNorm((512,), eps=1e-05, elementwise_affine=True)
              (op): SS2D(
                (out_norm): LayerNorm((1024,), eps=1e-05, elementwise_affine=True)
                (in_proj): Linear(in_features=512, out_features=1024, bias=False)
                (act): SiLU()
                (conv2d): Conv2d(1024, 1024, kernel_size=(3, 3), stride=(1, 1), padding=(1, 1), groups=1024, bias=False)
                (out_proj): Linear(in_features=1024, out_features=512, bias=False)
                (dropout): Identity()
              )
              (drop_path): timm.DropPath(0.30000001192092896)
              (norm2): LayerNorm((512,), eps=1e-05, elementwise_affine=True)
              (mlp): Mlp(
                (fc1): Linear(in_features=512, out_features=2048, bias=True)
                (act): GELU(approximate='none')
                (fc2): Linear(in_features=2048, out_features=512, bias=True)
                (drop): Dropout(p=0.0, inplace=False)
              )
            )
            (7): VSSBlock(
              (norm): LayerNorm((512,), eps=1e-05, elementwise_affine=True)
              (op): SS2D(
                (out_norm): LayerNorm((1024,), eps=1e-05, elementwise_affine=True)
                (in_proj): Linear(in_features=512, out_features=1024, bias=False)
                (act): SiLU()
                (conv2d): Conv2d(1024, 1024, kernel_size=(3, 3), stride=(1, 1), padding=(1, 1), groups=1024, bias=False)
                (out_proj): Linear(in_features=1024, out_features=512, bias=False)
                (dropout): Identity()
              )
              (drop_path): timm.DropPath(0.33000001311302185)
              (norm2): LayerNorm((512,), eps=1e-05, elementwise_affine=True)
              (mlp): Mlp(
                (fc1): Linear(in_features=512, out_features=2048, bias=True)
                (act): GELU(approximate='none')
                (fc2): Linear(in_features=2048, out_features=512, bias=True)
                (drop): Dropout(p=0.0, inplace=False)
              )
            )
            (8): VSSBlock(
              (norm): LayerNorm((512,), eps=1e-05, elementwise_affine=True)
              (op): SS2D(
                (out_norm): LayerNorm((1024,), eps=1e-05, elementwise_affine=True)
                (in_proj): Linear(in_features=512, out_features=1024, bias=False)
                (act): SiLU()
                (conv2d): Conv2d(1024, 1024, kernel_size=(3, 3), stride=(1, 1), padding=(1, 1), groups=1024, bias=False)
                (out_proj): Linear(in_features=1024, out_features=512, bias=False)
                (dropout): Identity()
              )
              (drop_path): timm.DropPath(0.36000001430511475)
              (norm2): LayerNorm((512,), eps=1e-05, elementwise_affine=True)
              (mlp): Mlp(
                (fc1): Linear(in_features=512, out_features=2048, bias=True)
                (act): GELU(approximate='none')
                (fc2): Linear(in_features=2048, out_features=512, bias=True)
                (drop): Dropout(p=0.0, inplace=False)
              )
            )
            (9): VSSBlock(
              (norm): LayerNorm((512,), eps=1e-05, elementwise_affine=True)
              (op): SS2D(
                (out_norm): LayerNorm((1024,), eps=1e-05, elementwise_affine=True)
                (in_proj): Linear(in_features=512, out_features=1024, bias=False)
                (act): SiLU()
                (conv2d): Conv2d(1024, 1024, kernel_size=(3, 3), stride=(1, 1), padding=(1, 1), groups=1024, bias=False)
                (out_proj): Linear(in_features=1024, out_features=512, bias=False)
                (dropout): Identity()
              )
              (drop_path): timm.DropPath(0.39000001549720764)
              (norm2): LayerNorm((512,), eps=1e-05, elementwise_affine=True)
              (mlp): Mlp(
                (fc1): Linear(in_features=512, out_features=2048, bias=True)
                (act): GELU(approximate='none')
                (fc2): Linear(in_features=2048, out_features=512, bias=True)
                (drop): Dropout(p=0.0, inplace=False)
              )
            )
            (10): VSSBlock(
              (norm): LayerNorm((512,), eps=1e-05, elementwise_affine=True)
              (op): SS2D(
                (out_norm): LayerNorm((1024,), eps=1e-05, elementwise_affine=True)
                (in_proj): Linear(in_features=512, out_features=1024, bias=False)
                (act): SiLU()
                (conv2d): Conv2d(1024, 1024, kernel_size=(3, 3), stride=(1, 1), padding=(1, 1), groups=1024, bias=False)
                (out_proj): Linear(in_features=1024, out_features=512, bias=False)
                (dropout): Identity()
              )
              (drop_path): timm.DropPath(0.42000001668930054)
              (norm2): LayerNorm((512,), eps=1e-05, elementwise_affine=True)
              (mlp): Mlp(
                (fc1): Linear(in_features=512, out_features=2048, bias=True)
                (act): GELU(approximate='none')
                (fc2): Linear(in_features=2048, out_features=512, bias=True)
                (drop): Dropout(p=0.0, inplace=False)
              )
            )
            (11): VSSBlock(
              (norm): LayerNorm((512,), eps=1e-05, elementwise_affine=True)
              (op): SS2D(
                (out_norm): LayerNorm((1024,), eps=1e-05, elementwise_affine=True)
                (in_proj): Linear(in_features=512, out_features=1024, bias=False)
                (act): SiLU()
                (conv2d): Conv2d(1024, 1024, kernel_size=(3, 3), stride=(1, 1), padding=(1, 1), groups=1024, bias=False)
                (out_proj): Linear(in_features=1024, out_features=512, bias=False)
                (dropout): Identity()
              )
              (drop_path): timm.DropPath(0.45000001788139343)
              (norm2): LayerNorm((512,), eps=1e-05, elementwise_affine=True)
              (mlp): Mlp(
                (fc1): Linear(in_features=512, out_features=2048, bias=True)
                (act): GELU(approximate='none')
                (fc2): Linear(in_features=2048, out_features=512, bias=True)
                (drop): Dropout(p=0.0, inplace=False)
              )
            )
            (12): VSSBlock(
              (norm): LayerNorm((512,), eps=1e-05, elementwise_affine=True)
              (op): SS2D(
                (out_norm): LayerNorm((1024,), eps=1e-05, elementwise_affine=True)
                (in_proj): Linear(in_features=512, out_features=1024, bias=False)
                (act): SiLU()
                (conv2d): Conv2d(1024, 1024, kernel_size=(3, 3), stride=(1, 1), padding=(1, 1), groups=1024, bias=False)
                (out_proj): Linear(in_features=1024, out_features=512, bias=False)
                (dropout): Identity()
              )
              (drop_path): timm.DropPath(0.48000001907348633)
              (norm2): LayerNorm((512,), eps=1e-05, elementwise_affine=True)
              (mlp): Mlp(
                (fc1): Linear(in_features=512, out_features=2048, bias=True)
                (act): GELU(approximate='none')
                (fc2): Linear(in_features=2048, out_features=512, bias=True)
                (drop): Dropout(p=0.0, inplace=False)
              )
            )
            (13): VSSBlock(
              (norm): LayerNorm((512,), eps=1e-05, elementwise_affine=True)
              (op): SS2D(
                (out_norm): LayerNorm((1024,), eps=1e-05, elementwise_affine=True)
                (in_proj): Linear(in_features=512, out_features=1024, bias=False)
                (act): SiLU()
                (conv2d): Conv2d(1024, 1024, kernel_size=(3, 3), stride=(1, 1), padding=(1, 1), groups=1024, bias=False)
                (out_proj): Linear(in_features=1024, out_features=512, bias=False)
                (dropout): Identity()
              )
              (drop_path): timm.DropPath(0.5099999904632568)
              (norm2): LayerNorm((512,), eps=1e-05, elementwise_affine=True)
              (mlp): Mlp(
                (fc1): Linear(in_features=512, out_features=2048, bias=True)
                (act): GELU(approximate='none')
                (fc2): Linear(in_features=2048, out_features=512, bias=True)
                (drop): Dropout(p=0.0, inplace=False)
              )
            )
            (14): VSSBlock(
              (norm): LayerNorm((512,), eps=1e-05, elementwise_affine=True)
              (op): SS2D(
                (out_norm): LayerNorm((1024,), eps=1e-05, elementwise_affine=True)
                (in_proj): Linear(in_features=512, out_features=1024, bias=False)
                (act): SiLU()
                (conv2d): Conv2d(1024, 1024, kernel_size=(3, 3), stride=(1, 1), padding=(1, 1), groups=1024, bias=False)
                (out_proj): Linear(in_features=1024, out_features=512, bias=False)
                (dropout): Identity()
              )
              (drop_path): timm.DropPath(0.5400000214576721)
              (norm2): LayerNorm((512,), eps=1e-05, elementwise_affine=True)
              (mlp): Mlp(
                (fc1): Linear(in_features=512, out_features=2048, bias=True)
                (act): GELU(approximate='none')
                (fc2): Linear(in_features=2048, out_features=512, bias=True)
                (drop): Dropout(p=0.0, inplace=False)
              )
            )
          )
          (downsample): Sequential(
            (0): Permute()
            (1): Conv2d(512, 1024, kernel_size=(3, 3), stride=(2, 2), padding=(1, 1))
            (2): Permute()
            (3): LayerNorm((1024,), eps=1e-05, elementwise_affine=True)
          )
        )
        (3): Sequential(
          (blocks): Sequential(
            (0): VSSBlock(
              (norm): LayerNorm((1024,), eps=1e-05, elementwise_affine=True)
              (op): SS2D(
                (out_norm): LayerNorm((2048,), eps=1e-05, elementwise_affine=True)
                (in_proj): Linear(in_features=1024, out_features=2048, bias=False)
                (act): SiLU()
                (conv2d): Conv2d(2048, 2048, kernel_size=(3, 3), stride=(1, 1), padding=(1, 1), groups=2048, bias=False)
                (out_proj): Linear(in_features=2048, out_features=1024, bias=False)
                (dropout): Identity()
              )
              (drop_path): timm.DropPath(0.5700000524520874)
              (norm2): LayerNorm((1024,), eps=1e-05, elementwise_affine=True)
              (mlp): Mlp(
                (fc1): Linear(in_features=1024, out_features=4096, bias=True)
                (act): GELU(approximate='none')
                (fc2): Linear(in_features=4096, out_features=1024, bias=True)
                (drop): Dropout(p=0.0, inplace=False)
              )
            )
            (1): VSSBlock(
              (norm): LayerNorm((1024,), eps=1e-05, elementwise_affine=True)
              (op): SS2D(
                (out_norm): LayerNorm((2048,), eps=1e-05, elementwise_affine=True)
                (in_proj): Linear(in_features=1024, out_features=2048, bias=False)
                (act): SiLU()
                (conv2d): Conv2d(2048, 2048, kernel_size=(3, 3), stride=(1, 1), padding=(1, 1), groups=2048, bias=False)
                (out_proj): Linear(in_features=2048, out_features=1024, bias=False)
                (dropout): Identity()
              )
              (drop_path): timm.DropPath(0.6000000238418579)
              (norm2): LayerNorm((1024,), eps=1e-05, elementwise_affine=True)
              (mlp): Mlp(
                (fc1): Linear(in_features=1024, out_features=4096, bias=True)
                (act): GELU(approximate='none')
                (fc2): Linear(in_features=4096, out_features=1024, bias=True)
                (drop): Dropout(p=0.0, inplace=False)
              )
            )
          )
          (downsample): Identity()
        )
      )
      (classifier): Sequential(
        (norm): LayerNorm((1024,), eps=1e-05, elementwise_affine=True)
        (permute): Permute()
        (avgpool): AdaptiveAvgPool2d(output_size=1)
        (flatten): Flatten(start_dim=1, end_dim=-1)
        (head): Identity()
      )
    )
    (transformer): Transformer(
      (resblocks): Sequential(
        (0): ResidualAttentionBlock(
          (attn): MultiheadAttention(
            (out_proj): NonDynamicallyQuantizableLinear(in_features=512, out_features=512, bias=True)
          )
          (ln_1): LayerNorm((512,), eps=1e-05, elementwise_affine=True)
          (mlp): Sequential(
            (c_fc): Linear(in_features=512, out_features=2048, bias=True)
            (gelu): QuickGELU()
            (c_proj): Linear(in_features=2048, out_features=512, bias=True)
          )
          (ln_2): LayerNorm((512,), eps=1e-05, elementwise_affine=True)
        )
        (1): ResidualAttentionBlock(
          (attn): MultiheadAttention(
            (out_proj): NonDynamicallyQuantizableLinear(in_features=512, out_features=512, bias=True)
          )
          (ln_1): LayerNorm((512,), eps=1e-05, elementwise_affine=True)
          (mlp): Sequential(
            (c_fc): Linear(in_features=512, out_features=2048, bias=True)
            (gelu): QuickGELU()
            (c_proj): Linear(in_features=2048, out_features=512, bias=True)
          )
          (ln_2): LayerNorm((512,), eps=1e-05, elementwise_affine=True)
        )
        (2): ResidualAttentionBlock(
          (attn): MultiheadAttention(
            (out_proj): NonDynamicallyQuantizableLinear(in_features=512, out_features=512, bias=True)
          )
          (ln_1): LayerNorm((512,), eps=1e-05, elementwise_affine=True)
          (mlp): Sequential(
            (c_fc): Linear(in_features=512, out_features=2048, bias=True)
            (gelu): QuickGELU()
            (c_proj): Linear(in_features=2048, out_features=512, bias=True)
          )
          (ln_2): LayerNorm((512,), eps=1e-05, elementwise_affine=True)
        )
        (3): ResidualAttentionBlock(
          (attn): MultiheadAttention(
            (out_proj): NonDynamicallyQuantizableLinear(in_features=512, out_features=512, bias=True)
          )
          (ln_1): LayerNorm((512,), eps=1e-05, elementwise_affine=True)
          (mlp): Sequential(
            (c_fc): Linear(in_features=512, out_features=2048, bias=True)
            (gelu): QuickGELU()
            (c_proj): Linear(in_features=2048, out_features=512, bias=True)
          )
          (ln_2): LayerNorm((512,), eps=1e-05, elementwise_affine=True)
        )
        (4): ResidualAttentionBlock(
          (attn): MultiheadAttention(
            (out_proj): NonDynamicallyQuantizableLinear(in_features=512, out_features=512, bias=True)
          )
          (ln_1): LayerNorm((512,), eps=1e-05, elementwise_affine=True)
          (mlp): Sequential(
            (c_fc): Linear(in_features=512, out_features=2048, bias=True)
            (gelu): QuickGELU()
            (c_proj): Linear(in_features=2048, out_features=512, bias=True)
          )
          (ln_2): LayerNorm((512,), eps=1e-05, elementwise_affine=True)
        )
        (5): ResidualAttentionBlock(
          (attn): MultiheadAttention(
            (out_proj): NonDynamicallyQuantizableLinear(in_features=512, out_features=512, bias=True)
          )
          (ln_1): LayerNorm((512,), eps=1e-05, elementwise_affine=True)
          (mlp): Sequential(
            (c_fc): Linear(in_features=512, out_features=2048, bias=True)
            (gelu): QuickGELU()
            (c_proj): Linear(in_features=2048, out_features=512, bias=True)
          )
          (ln_2): LayerNorm((512,), eps=1e-05, elementwise_affine=True)
        )
        (6): ResidualAttentionBlock(
          (attn): MultiheadAttention(
            (out_proj): NonDynamicallyQuantizableLinear(in_features=512, out_features=512, bias=True)
          )
          (ln_1): LayerNorm((512,), eps=1e-05, elementwise_affine=True)
          (mlp): Sequential(
            (c_fc): Linear(in_features=512, out_features=2048, bias=True)
            (gelu): QuickGELU()
            (c_proj): Linear(in_features=2048, out_features=512, bias=True)
          )
          (ln_2): LayerNorm((512,), eps=1e-05, elementwise_affine=True)
        )
        (7): ResidualAttentionBlock(
          (attn): MultiheadAttention(
            (out_proj): NonDynamicallyQuantizableLinear(in_features=512, out_features=512, bias=True)
          )
          (ln_1): LayerNorm((512,), eps=1e-05, elementwise_affine=True)
          (mlp): Sequential(
            (c_fc): Linear(in_features=512, out_features=2048, bias=True)
            (gelu): QuickGELU()
            (c_proj): Linear(in_features=2048, out_features=512, bias=True)
          )
          (ln_2): LayerNorm((512,), eps=1e-05, elementwise_affine=True)
        )
        (8): ResidualAttentionBlock(
          (attn): MultiheadAttention(
            (out_proj): NonDynamicallyQuantizableLinear(in_features=512, out_features=512, bias=True)
          )
          (ln_1): LayerNorm((512,), eps=1e-05, elementwise_affine=True)
          (mlp): Sequential(
            (c_fc): Linear(in_features=512, out_features=2048, bias=True)
            (gelu): QuickGELU()
            (c_proj): Linear(in_features=2048, out_features=512, bias=True)
          )
          (ln_2): LayerNorm((512,), eps=1e-05, elementwise_affine=True)
        )
        (9): ResidualAttentionBlock(
          (attn): MultiheadAttention(
            (out_proj): NonDynamicallyQuantizableLinear(in_features=512, out_features=512, bias=True)
          )
          (ln_1): LayerNorm((512,), eps=1e-05, elementwise_affine=True)
          (mlp): Sequential(
            (c_fc): Linear(in_features=512, out_features=2048, bias=True)
            (gelu): QuickGELU()
            (c_proj): Linear(in_features=2048, out_features=512, bias=True)
          )
          (ln_2): LayerNorm((512,), eps=1e-05, elementwise_affine=True)
        )
        (10): ResidualAttentionBlock(
          (attn): MultiheadAttention(
            (out_proj): NonDynamicallyQuantizableLinear(in_features=512, out_features=512, bias=True)
          )
          (ln_1): LayerNorm((512,), eps=1e-05, elementwise_affine=True)
          (mlp): Sequential(
            (c_fc): Linear(in_features=512, out_features=2048, bias=True)
            (gelu): QuickGELU()
            (c_proj): Linear(in_features=2048, out_features=512, bias=True)
          )
          (ln_2): LayerNorm((512,), eps=1e-05, elementwise_affine=True)
        )
        (11): ResidualAttentionBlock(
          (attn): MultiheadAttention(
            (out_proj): NonDynamicallyQuantizableLinear(in_features=512, out_features=512, bias=True)
          )
          (ln_1): LayerNorm((512,), eps=1e-05, elementwise_affine=True)
          (mlp): Sequential(
            (c_fc): Linear(in_features=512, out_features=2048, bias=True)
            (gelu): QuickGELU()
            (c_proj): Linear(in_features=2048, out_features=512, bias=True)
          )
          (ln_2): LayerNorm((512,), eps=1e-05, elementwise_affine=True)
        )
      )
    )
    (transformer_e): Transformer(
      (resblocks): Sequential(
        (0): ResidualAttentionBlock(
          (attn): MultiheadAttention(
            (out_proj): NonDynamicallyQuantizableLinear(in_features=512, out_features=512, bias=True)
          )
          (ln_1): LayerNorm((512,), eps=1e-05, elementwise_affine=True)
          (mlp): Sequential(
            (c_fc): Linear(in_features=512, out_features=2048, bias=True)
            (gelu): QuickGELU()
            (c_proj): Linear(in_features=2048, out_features=512, bias=True)
          )
          (ln_2): LayerNorm((512,), eps=1e-05, elementwise_affine=True)
        )
        (1): ResidualAttentionBlock(
          (attn): MultiheadAttention(
            (out_proj): NonDynamicallyQuantizableLinear(in_features=512, out_features=512, bias=True)
          )
          (ln_1): LayerNorm((512,), eps=1e-05, elementwise_affine=True)
          (mlp): Sequential(
            (c_fc): Linear(in_features=512, out_features=2048, bias=True)
            (gelu): QuickGELU()
            (c_proj): Linear(in_features=2048, out_features=512, bias=True)
          )
          (ln_2): LayerNorm((512,), eps=1e-05, elementwise_affine=True)
        )
        (2): ResidualAttentionBlock(
          (attn): MultiheadAttention(
            (out_proj): NonDynamicallyQuantizableLinear(in_features=512, out_features=512, bias=True)
          )
          (ln_1): LayerNorm((512,), eps=1e-05, elementwise_affine=True)
          (mlp): Sequential(
            (c_fc): Linear(in_features=512, out_features=2048, bias=True)
            (gelu): QuickGELU()
            (c_proj): Linear(in_features=2048, out_features=512, bias=True)
          )
          (ln_2): LayerNorm((512,), eps=1e-05, elementwise_affine=True)
        )
        (3): ResidualAttentionBlock(
          (attn): MultiheadAttention(
            (out_proj): NonDynamicallyQuantizableLinear(in_features=512, out_features=512, bias=True)
          )
          (ln_1): LayerNorm((512,), eps=1e-05, elementwise_affine=True)
          (mlp): Sequential(
            (c_fc): Linear(in_features=512, out_features=2048, bias=True)
            (gelu): QuickGELU()
            (c_proj): Linear(in_features=2048, out_features=512, bias=True)
          )
          (ln_2): LayerNorm((512,), eps=1e-05, elementwise_affine=True)
        )
        (4): ResidualAttentionBlock(
          (attn): MultiheadAttention(
            (out_proj): NonDynamicallyQuantizableLinear(in_features=512, out_features=512, bias=True)
          )
          (ln_1): LayerNorm((512,), eps=1e-05, elementwise_affine=True)
          (mlp): Sequential(
            (c_fc): Linear(in_features=512, out_features=2048, bias=True)
            (gelu): QuickGELU()
            (c_proj): Linear(in_features=2048, out_features=512, bias=True)
          )
          (ln_2): LayerNorm((512,), eps=1e-05, elementwise_affine=True)
        )
        (5): ResidualAttentionBlock(
          (attn): MultiheadAttention(
            (out_proj): NonDynamicallyQuantizableLinear(in_features=512, out_features=512, bias=True)
          )
          (ln_1): LayerNorm((512,), eps=1e-05, elementwise_affine=True)
          (mlp): Sequential(
            (c_fc): Linear(in_features=512, out_features=2048, bias=True)
            (gelu): QuickGELU()
            (c_proj): Linear(in_features=2048, out_features=512, bias=True)
          )
          (ln_2): LayerNorm((512,), eps=1e-05, elementwise_affine=True)
        )
        (6): ResidualAttentionBlock(
          (attn): MultiheadAttention(
            (out_proj): NonDynamicallyQuantizableLinear(in_features=512, out_features=512, bias=True)
          )
          (ln_1): LayerNorm((512,), eps=1e-05, elementwise_affine=True)
          (mlp): Sequential(
            (c_fc): Linear(in_features=512, out_features=2048, bias=True)
            (gelu): QuickGELU()
            (c_proj): Linear(in_features=2048, out_features=512, bias=True)
          )
          (ln_2): LayerNorm((512,), eps=1e-05, elementwise_affine=True)
        )
        (7): ResidualAttentionBlock(
          (attn): MultiheadAttention(
            (out_proj): NonDynamicallyQuantizableLinear(in_features=512, out_features=512, bias=True)
          )
          (ln_1): LayerNorm((512,), eps=1e-05, elementwise_affine=True)
          (mlp): Sequential(
            (c_fc): Linear(in_features=512, out_features=2048, bias=True)
            (gelu): QuickGELU()
            (c_proj): Linear(in_features=2048, out_features=512, bias=True)
          )
          (ln_2): LayerNorm((512,), eps=1e-05, elementwise_affine=True)
        )
        (8): ResidualAttentionBlock(
          (attn): MultiheadAttention(
            (out_proj): NonDynamicallyQuantizableLinear(in_features=512, out_features=512, bias=True)
          )
          (ln_1): LayerNorm((512,), eps=1e-05, elementwise_affine=True)
          (mlp): Sequential(
            (c_fc): Linear(in_features=512, out_features=2048, bias=True)
            (gelu): QuickGELU()
            (c_proj): Linear(in_features=2048, out_features=512, bias=True)
          )
          (ln_2): LayerNorm((512,), eps=1e-05, elementwise_affine=True)
        )
        (9): ResidualAttentionBlock(
          (attn): MultiheadAttention(
            (out_proj): NonDynamicallyQuantizableLinear(in_features=512, out_features=512, bias=True)
          )
          (ln_1): LayerNorm((512,), eps=1e-05, elementwise_affine=True)
          (mlp): Sequential(
            (c_fc): Linear(in_features=512, out_features=2048, bias=True)
            (gelu): QuickGELU()
            (c_proj): Linear(in_features=2048, out_features=512, bias=True)
          )
          (ln_2): LayerNorm((512,), eps=1e-05, elementwise_affine=True)
        )
        (10): ResidualAttentionBlock(
          (attn): MultiheadAttention(
            (out_proj): NonDynamicallyQuantizableLinear(in_features=512, out_features=512, bias=True)
          )
          (ln_1): LayerNorm((512,), eps=1e-05, elementwise_affine=True)
          (mlp): Sequential(
            (c_fc): Linear(in_features=512, out_features=2048, bias=True)
            (gelu): QuickGELU()
            (c_proj): Linear(in_features=2048, out_features=512, bias=True)
          )
          (ln_2): LayerNorm((512,), eps=1e-05, elementwise_affine=True)
        )
        (11): ResidualAttentionBlock(
          (attn): MultiheadAttention(
            (out_proj): NonDynamicallyQuantizableLinear(in_features=512, out_features=512, bias=True)
          )
          (ln_1): LayerNorm((512,), eps=1e-05, elementwise_affine=True)
          (mlp): Sequential(
            (c_fc): Linear(in_features=512, out_features=2048, bias=True)
            (gelu): QuickGELU()
            (c_proj): Linear(in_features=2048, out_features=512, bias=True)
          )
          (ln_2): LayerNorm((512,), eps=1e-05, elementwise_affine=True)
        )
      )
    )
    (token_embedding): Embedding(49408, 512)
    (ln_final): LayerNorm((512,), eps=1e-05, elementwise_affine=True)
    (token_embedding_e): Embedding(49408, 512)
    (ln_final_e): LayerNorm((512,), eps=1e-05, elementwise_affine=True)
  )
  (adci): ADCI(
    (align_convs): ModuleList(
      (0): Sequential(
        (0): Conv2d(512, 512, kernel_size=(1, 1), stride=(1, 1), bias=False)
        (1): BatchNorm2d(512, eps=1e-05, momentum=0.1, affine=True, track_running_stats=True)
        (2): ReLU(inplace=True)
      )
      (1-2): 2 x Sequential(
        (0): Conv2d(1024, 512, kernel_size=(1, 1), stride=(1, 1), bias=False)
        (1): BatchNorm2d(512, eps=1e-05, momentum=0.1, affine=True, track_running_stats=True)
        (2): ReLU(inplace=True)
      )
    )
    (gating_mlps): ModuleList(
      (0): Sequential(
        (0): Linear(in_features=512, out_features=128, bias=True)
        (1): ReLU(inplace=True)
        (2): Linear(in_features=128, out_features=1, bias=True)
      )
      (1-2): 2 x Sequential(
        (0): Linear(in_features=1024, out_features=256, bias=True)
        (1): ReLU(inplace=True)
        (2): Linear(in_features=256, out_features=1, bias=True)
      )
    )
    (final_mlp): Sequential(
      (0): Conv2d(1024, 512, kernel_size=(1, 1), stride=(1, 1), bias=False)
      (1): BatchNorm2d(512, eps=1e-05, momentum=0.1, affine=True, track_running_stats=True)
      (2): ReLU(inplace=True)
      (3): Conv2d(512, 512, kernel_size=(1, 1), stride=(1, 1))
    )
  )
  (adci_to_v4): Sequential(
    (0): Conv2d(512, 512, kernel_size=(1, 1), stride=(1, 1), bias=False)
    (1): BatchNorm2d(512, eps=1e-05, momentum=0.1, affine=True, track_running_stats=True)
    (2): ReLU(inplace=True)
  )
  (neck): FPN(
    (txt_proj): Sequential(
      (0): Linear(in_features=512, out_features=512, bias=False)
      (1): BatchNorm1d(512, eps=1e-05, momentum=0.1, affine=True, track_running_stats=True)
      (2): ReLU(inplace=True)
    )
    (vis_proj): Sequential(
      (0): Conv2d(512, 512, kernel_size=(1, 1), stride=(1, 1), bias=False)
      (1): BatchNorm2d(512, eps=1e-05, momentum=0.1, affine=True, track_running_stats=True)
      (2): ReLU(inplace=True)
    )
    (norm_layer): Sequential(
      (0): BatchNorm2d(512, eps=1e-05, momentum=0.1, affine=True, track_running_stats=True)
      (1): ReLU(inplace=True)
    )
    (coordconv): Sequential(
      (0): CoordConv(
        (conv1): Sequential(
          (0): Conv2d(514, 512, kernel_size=(3, 3), stride=(1, 1), padding=(1, 1), bias=False)
          (1): BatchNorm2d(512, eps=1e-05, momentum=0.1, affine=True, track_running_stats=True)
          (2): ReLU(inplace=True)
        )
      )
      (1): Sequential(
        (0): Conv2d(512, 512, kernel_size=(3, 3), stride=(1, 1), padding=(1, 1), bias=False)
        (1): BatchNorm2d(512, eps=1e-05, momentum=0.1, affine=True, track_running_stats=True)
        (2): ReLU(inplace=True)
      )
    )
  )
  (fpn_to_decoder): Identity()
  (decoder): TransformerDecoder(
    (layers): ModuleList(
      (0-2): 3 x TransformerDecoderLayer(
        (self_attn_norm): LayerNorm((512,), eps=1e-05, elementwise_affine=True)
        (cross_attn_norm): LayerNorm((512,), eps=1e-05, elementwise_affine=True)
        (self_attn): MultiheadAttention(
          (out_proj): NonDynamicallyQuantizableLinear(in_features=512, out_features=512, bias=True)
        )
        (multihead_attn): MultiheadAttention(
          (out_proj): NonDynamicallyQuantizableLinear(in_features=512, out_features=512, bias=True)
        )
        (ffn): Sequential(
          (0): Linear(in_features=512, out_features=2048, bias=True)
          (1): ReLU(inplace=True)
          (2): Dropout(p=0.1, inplace=False)
          (3): LayerNorm((2048,), eps=1e-05, elementwise_affine=True)
          (4): Linear(in_features=2048, out_features=512, bias=True)
        )
        (norm1): LayerNorm((512,), eps=1e-05, elementwise_affine=True)
        (norm2): LayerNorm((512,), eps=1e-05, elementwise_affine=True)
        (norm3): LayerNorm((512,), eps=1e-05, elementwise_affine=True)
        (dropout1): Dropout(p=0.1, inplace=False)
        (dropout2): Dropout(p=0.1, inplace=False)
        (dropout3): Dropout(p=0.1, inplace=False)
      )
    )
    (norm): LayerNorm((512,), eps=1e-05, elementwise_affine=True)
  )
  (proj): MultiTaskProjector(
    (vis): Sequential(
      (0): Upsample(scale_factor=2.0, mode='bilinear')
      (1): Sequential(
        (0): Conv2d(512, 512, kernel_size=(3, 3), stride=(1, 1), padding=(1, 1), bias=False)
        (1): BatchNorm2d(512, eps=1e-05, momentum=0.1, affine=True, track_running_stats=True)
        (2): ReLU(inplace=True)
      )
      (2): Upsample(scale_factor=2.0, mode='bilinear')
      (3): Sequential(
        (0): Conv2d(512, 256, kernel_size=(3, 3), stride=(1, 1), padding=(1, 1), bias=False)
        (1): BatchNorm2d(256, eps=1e-05, momentum=0.1, affine=True, track_running_stats=True)
        (2): ReLU(inplace=True)
      )
      (4): Conv2d(256, 1280, kernel_size=(1, 1), stride=(1, 1))
    )
    (txt): Linear(in_features=512, out_features=2305, bias=True)
  )
)
2026-03-24 17:00:14 | INFO     | __main__:158 - adci_align_channels: 512
adci_groups: 1
adci_out_channels: 512
base_lr: 0.0001
batch_size: 8
batch_size_val: 8
clip_pretrain: /scratch/tstanley/HAGRID/geolang/pretrain/RN50.pt
dataset: OCID-VLG
detect_anomaly: False
dggm_max_tokens: 4096
dim_ffn: 2048
dist_backend: nccl
dist_url: tcp://localhost:3681
dropout: 0.1
epochs: 50
evaluate: True
exp_name: CROG_multiple_R50
fpn_in: [512]
fpn_out: [512]
gpu: 0
input_size: 416
intermediate: False
launched_with_env: True
lr_decay: 0.1
lr_multi: 0.1
mamba_clip_pretrain: /scratch/tstanley/HAGRID/VMamba_B_clip.pt
manual_seed: 0
max_norm: 1.0
milestones: [35]
multiprocessing_distributed: True
ngpus_per_node: 1
num_head: 8
num_layers: 3
output_dir: exp/OCID-VLG_multiple/CROG_multiple_R50
output_folder: exp/OCID-VLG_multiple
print_freq: 100
rank: 1
resume: None
root_path: ./datasets/OCID-VLG
save_freq: 1
start_epoch: 0
sync_bn: False
test_split: val-test
train_split: train
use_adci: True
use_contrastive: True
use_dggm: False
use_grasp_masks: True
use_pretrained_clip: True
use_pretrained_mamba_clip: True
use_wandb: True
val_split: val
version: multiple
vis_dim: 512
visualize: False
wandb_mode: offline
wandb_project: Geolang
weight: None
weight_decay: 0.0
word_dim: 512
word_len: 77
workers: 1
workers_val: 1
world_size: 2
/home/tstanley/miniconda3/envs/vmamba_copy/lib/python3.10/site-packages/requests/__init__.py:113: RequestsDependencyWarning: urllib3 (1.26.20) or chardet (7.0.1)/charset_normalizer (3.1.0) doesn't match a supported version!
  warnings.warn(
/home/tstanley/miniconda3/envs/vmamba_copy/lib/python3.10/site-packages/requests/__init__.py:113: RequestsDependencyWarning: urllib3 (1.26.20) or chardet (7.0.1)/charset_normalizer (3.1.0) doesn't match a supported version!
  warnings.warn(
[rank0]:[W324 17:02:51.231148658 reducer.cpp:330] Warning: Grad strides do not match bucket view strides. This may indicate grad was not created according to the gradient layout contract, or that the param's strides changed since DDP was constructed.  This is not an error, but may impair performance.
grad.sizes() = [512, 512, 1, 1], strides() = [512, 1, 512, 512]
bucket_view.sizes() = [512, 512, 1, 1], strides() = [512, 1, 1, 1] (function operator())
[rank1]:[W324 17:02:51.489042215 reducer.cpp:330] Warning: Grad strides do not match bucket view strides. This may indicate grad was not created according to the gradient layout contract, or that the param's strides changed since DDP was constructed.  This is not an error, but may impair performance.
grad.sizes() = [512, 512, 1, 1], strides() = [512, 1, 512, 512]
bucket_view.sizes() = [512, 512, 1, 1], strides() = [512, 1, 1, 1] (function operator())
2026-03-24 17:04:33 | INFO     | utils.misc:107 - Training: Epoch=[1/50] [ 100/7902]  Batch=1.39 (2.51)  Data=1.11 (1.81)  Lr=0.000100  Loss=0.3493 (3.6388)  Loss_ins=0.0609 (0.5547)  Loss_qua=0.0283 (0.7202)  Loss_sin=0.0337 (0.7495)  Loss_cos=0.1049 (0.8375)  Loss_wid=0.0778 (0.8088)  IoU=0.00 (0.19)  Prec@50=0.00 (0.00)
2026-03-24 17:04:33 | INFO     | utils.misc:107 - Training: Epoch=[1/50] [ 100/7902]  Batch=1.39 (2.50)  Data=0.00 (1.64)  Lr=0.000100  Loss=0.3493 (3.6388)  Loss_ins=0.1199 (0.5293)  Loss_qua=0.0771 (0.6711)  Loss_sin=0.0211 (0.7897)  Loss_cos=0.1149 (0.7938)  Loss_wid=0.0600 (0.8229)  IoU=0.00 (0.19)  Prec@50=0.00 (0.00)
2026-03-24 17:05:25 | INFO     | utils.misc:107 - Training: Epoch=[1/50] [ 200/7902]  Batch=0.42 (1.51)  Data=0.11 (0.96)  Lr=0.000100  Loss=0.1460 (1.9310)  Loss_ins=0.1335 (0.3327)  Loss_qua=0.0098 (0.3711)  Loss_sin=0.0035 (0.3884)  Loss_cos=0.0130 (0.4350)  Loss_wid=0.0040 (0.4166)  IoU=0.00 (0.09)  Prec@50=0.00 (0.00)
2026-03-24 17:05:25 | INFO     | utils.misc:107 - Training: Epoch=[1/50] [ 200/7902]  Batch=0.42 (1.51)  Data=0.00 (0.90)  Lr=0.000100  Loss=0.1460 (1.9310)  Loss_ins=0.0858 (0.3258)  Loss_qua=0.0083 (0.3466)  Loss_sin=0.0172 (0.4088)  Loss_cos=0.0100 (0.4133)  Loss_wid=0.0068 (0.4238)  IoU=0.00 (0.09)  Prec@50=0.00 (0.00)
2026-03-24 17:06:05 | INFO     | utils.misc:107 - Training: Epoch=[1/50] [ 300/7902]  Batch=0.35 (1.15)  Data=0.00 (0.66)  Lr=0.000100  Loss=0.1208 (1.3397)  Loss_ins=0.1459 (0.2586)  Loss_qua=0.0046 (0.2509)  Loss_sin=0.0039 (0.2621)  Loss_cos=0.0201 (0.2964)  Loss_wid=0.0065 (0.2814)  IoU=0.00 (0.06)  Prec@50=0.00 (0.00)
2026-03-24 17:06:05 | INFO     | utils.misc:107 - Training: Epoch=[1/50] [ 300/7902]  Batch=0.35 (1.14)  Data=0.00 (0.62)  Lr=0.000100  Loss=0.1208 (1.3397)  Loss_ins=0.0443 (0.2525)  Loss_qua=0.0024 (0.2343)  Loss_sin=0.0017 (0.2756)  Loss_cos=0.0055 (0.2814)  Loss_wid=0.0067 (0.2862)  IoU=0.00 (0.06)  Prec@50=0.00 (0.00)
2026-03-24 17:06:43 | INFO     | utils.misc:107 - Training: Epoch=[1/50] [ 400/7902]  Batch=0.31 (0.95)  Data=0.00 (0.51)  Lr=0.000100  Loss=0.1097 (1.0416)  Loss_ins=0.0774 (0.2203)  Loss_qua=0.0023 (0.1908)  Loss_sin=0.0036 (0.1983)  Loss_cos=0.0112 (0.2269)  Loss_wid=0.0156 (0.2125)  IoU=0.00 (0.05)  Prec@50=0.00 (0.00)
2026-03-24 17:06:43 | INFO     | utils.misc:107 - Training: Epoch=[1/50] [ 400/7902]  Batch=0.31 (0.95)  Data=0.00 (0.48)  Lr=0.000100  Loss=0.1097 (1.0416)  Loss_ins=0.0762 (0.2151)  Loss_qua=0.0022 (0.1785)  Loss_sin=0.0039 (0.2084)  Loss_cos=0.0072 (0.2163)  Loss_wid=0.0198 (0.2162)  IoU=0.00 (0.05)  Prec@50=0.00 (0.00)
2026-03-24 17:07:17 | INFO     | utils.misc:107 - Training: Epoch=[1/50] [ 500/7902]  Batch=0.41 (0.83)  Data=0.00 (0.41)  Lr=0.000100  Loss=0.0720 (0.8569)  Loss_ins=0.0561 (0.1943)  Loss_qua=0.0027 (0.1542)  Loss_sin=0.0046 (0.1595)  Loss_cos=0.0117 (0.1841)  Loss_wid=0.0021 (0.1711)  IoU=0.00 (0.04)  Prec@50=0.00 (0.00)
2026-03-24 17:07:17 | INFO     | utils.misc:107 - Training: Epoch=[1/50] [ 500/7902]  Batch=0.41 (0.83)  Data=0.19 (0.39)  Lr=0.000100  Loss=0.0720 (0.8569)  Loss_ins=0.0527 (0.1889)  Loss_qua=0.0025 (0.1443)  Loss_sin=0.0032 (0.1677)  Loss_cos=0.0076 (0.1757)  Loss_wid=0.0008 (0.1740)  IoU=0.00 (0.04)  Prec@50=0.00 (0.00)
2026-03-24 17:07:52 | INFO     | utils.misc:107 - Training: Epoch=[1/50] [ 600/7902]  Batch=0.31 (0.75)  Data=0.00 (0.35)  Lr=0.000100  Loss=0.0707 (0.7302)  Loss_ins=0.0813 (0.1750)  Loss_qua=0.0019 (0.1291)  Loss_sin=0.0022 (0.1335)  Loss_cos=0.0059 (0.1548)  Loss_wid=0.0022 (0.1433)  IoU=0.00 (0.04)  Prec@50=0.00 (0.00)
2026-03-24 17:07:52 | INFO     | utils.misc:107 - Training: Epoch=[1/50] [ 600/7902]  Batch=0.31 (0.75)  Data=0.00 (0.33)  Lr=0.000100  Loss=0.0707 (0.7302)  Loss_ins=0.0385 (0.1705)  Loss_qua=0.0015 (0.1208)  Loss_sin=0.0032 (0.1403)  Loss_cos=0.0036 (0.1477)  Loss_wid=0.0011 (0.1456)  IoU=0.00 (0.04)  Prec@50=0.00 (0.00)
2026-03-24 17:08:29 | INFO     | utils.misc:107 - Training: Epoch=[1/50] [ 700/7902]  Batch=0.50 (0.70)  Data=0.15 (0.30)  Lr=0.000100  Loss=0.1124 (0.6388)  Loss_ins=0.1237 (0.1615)  Loss_qua=0.0032 (0.1110)  Loss_sin=0.0014 (0.1147)  Loss_cos=0.0103 (0.1337)  Loss_wid=0.0009 (0.1230)  IoU=0.00 (0.17)  Prec@50=0.00 (0.09)
2026-03-24 17:08:29 | INFO     | utils.misc:107 - Training: Epoch=[1/50] [ 700/7902]  Batch=0.50 (0.69)  Data=0.00 (0.28)  Lr=0.000100  Loss=0.1124 (0.6388)  Loss_ins=0.0715 (0.1569)  Loss_qua=0.0036 (0.1039)  Loss_sin=0.0007 (0.1205)  Loss_cos=0.0084 (0.1275)  Loss_wid=0.0011 (0.1250)  IoU=0.00 (0.17)  Prec@50=0.00 (0.09)
2026-03-24 17:09:06 | INFO     | utils.misc:107 - Training: Epoch=[1/50] [ 800/7902]  Batch=0.41 (0.66)  Data=0.00 (0.27)  Lr=0.000100  Loss=0.1186 (0.5689)  Loss_ins=0.1691 (0.1501)  Loss_qua=0.0011 (0.0974)  Loss_sin=0.0011 (0.1005)  Loss_cos=0.0037 (0.1176)  Loss_wid=0.0010 (0.1078)  IoU=0.00 (0.23)  Prec@50=0.00 (0.09)
2026-03-24 17:09:06 | INFO     | utils.misc:107 - Training: Epoch=[1/50] [ 800/7902]  Batch=0.41 (0.65)  Data=0.09 (0.25)  Lr=0.000100  Loss=0.1186 (0.5689)  Loss_ins=0.0516 (0.1459)  Loss_qua=0.0015 (0.0912)  Loss_sin=0.0012 (0.1056)  Loss_cos=0.0061 (0.1122)  Loss_wid=0.0010 (0.1095)  IoU=0.00 (0.23)  Prec@50=0.00 (0.09)
2026-03-24 17:09:42 | INFO     | utils.misc:107 - Training: Epoch=[1/50] [ 900/7902]  Batch=0.38 (0.62)  Data=0.00 (0.25)  Lr=0.000100  Loss=0.0522 (0.5144)  Loss_ins=0.0369 (0.1410)  Loss_qua=0.0008 (0.0868)  Loss_sin=0.0005 (0.0895)  Loss_cos=0.0022 (0.1051)  Loss_wid=0.0003 (0.0959)  IoU=0.00 (0.38)  Prec@50=0.00 (0.11)
2026-03-24 17:09:42 | INFO     | utils.misc:107 - Training: Epoch=[1/50] [ 900/7902]  Batch=0.38 (0.62)  Data=0.07 (0.22)  Lr=0.000100  Loss=0.0522 (0.5144)  Loss_ins=0.0570 (0.1373)  Loss_qua=0.0015 (0.0813)  Loss_sin=0.0009 (0.0940)  Loss_cos=0.0039 (0.1003)  Loss_wid=0.0005 (0.0975)  IoU=0.00 (0.38)  Prec@50=0.00 (0.11)
2026-03-24 17:10:18 | INFO     | utils.misc:107 - Training: Epoch=[1/50] [1000/7902]  Batch=0.31 (0.60)  Data=0.00 (0.22)  Lr=0.000100  Loss=0.0964 (0.4711)  Loss_ins=0.0788 (0.1341)  Loss_qua=0.0031 (0.0784)  Loss_sin=0.0010 (0.0807)  Loss_cos=0.0061 (0.0950)  Loss_wid=0.0016 (0.0865)  IoU=0.00 (0.55)  Prec@50=0.00 (0.21)
2026-03-24 17:10:18 | INFO     | utils.misc:107 - Training: Epoch=[1/50] [1000/7902]  Batch=0.31 (0.59)  Data=0.00 (0.20)  Lr=0.000100  Loss=0.0964 (0.4711)  Loss_ins=0.0939 (0.1308)  Loss_qua=0.0018 (0.0734)  Loss_sin=0.0006 (0.0848)  Loss_cos=0.0053 (0.0907)  Loss_wid=0.0004 (0.0878)  IoU=0.00 (0.55)  Prec@50=0.00 (0.21)
2026-03-24 17:10:57 | INFO     | utils.misc:107 - Training: Epoch=[1/50] [1100/7902]  Batch=0.32 (0.58)  Data=0.00 (0.21)  Lr=0.000100  Loss=0.0770 (0.4351)  Loss_ins=0.0720 (0.1278)  Loss_qua=0.0020 (0.0714)  Loss_sin=0.0025 (0.0735)  Loss_cos=0.0033 (0.0868)  Loss_wid=0.0006 (0.0787)  IoU=8.77 (0.66)  Prec@50=0.00 (0.22)
2026-03-24 17:10:57 | INFO     | utils.misc:107 - Training: Epoch=[1/50] [1100/7902]  Batch=0.32 (0.58)  Data=0.00 (0.19)  Lr=0.000100  Loss=0.0770 (0.4351)  Loss_ins=0.0629 (0.1251)  Loss_qua=0.0017 (0.0669)  Loss_sin=0.0016 (0.0772)  Loss_cos=0.0066 (0.0829)  Loss_wid=0.0008 (0.0800)  IoU=8.77 (0.66)  Prec@50=0.00 (0.22)
2026-03-24 17:11:35 | INFO     | utils.misc:107 - Training: Epoch=[1/50] [1200/7902]  Batch=0.32 (0.56)  Data=0.00 (0.19)  Lr=0.000100  Loss=0.0554 (0.4050)  Loss_ins=0.0363 (0.1228)  Loss_qua=0.0011 (0.0656)  Loss_sin=0.0004 (0.0675)  Loss_cos=0.0020 (0.0800)  Loss_wid=0.0002 (0.0722)  IoU=3.33 (0.87)  Prec@50=0.00 (0.26)
2026-03-24 17:11:35 | INFO     | utils.misc:107 - Training: Epoch=[1/50] [1200/7902]  Batch=0.32 (0.56)  Data=0.00 (0.18)  Lr=0.000100  Loss=0.0554 (0.4050)  Loss_ins=0.0609 (0.1200)  Loss_qua=0.0022 (0.0615)  Loss_sin=0.0014 (0.0708)  Loss_cos=0.0051 (0.0764)  Loss_wid=0.0010 (0.0734)  IoU=3.33 (0.87)  Prec@50=0.00 (0.26)
2026-03-24 17:12:11 | INFO     | utils.misc:107 - Training: Epoch=[1/50] [1300/7902]  Batch=0.34 (0.55)  Data=0.00 (0.18)  Lr=0.000100  Loss=0.0720 (0.3794)  Loss_ins=0.0704 (0.1180)  Loss_qua=0.0022 (0.0607)  Loss_sin=0.0008 (0.0623)  Loss_cos=0.0034 (0.0741)  Loss_wid=0.0010 (0.0667)  IoU=1.13 (1.04)  Prec@50=0.00 (0.30)
2026-03-24 17:12:11 | INFO     | utils.misc:107 - Training: Epoch=[1/50] [1300/7902]  Batch=0.34 (0.54)  Data=0.00 (0.16)  Lr=0.000100  Loss=0.0720 (0.3794)  Loss_ins=0.0615 (0.1160)  Loss_qua=0.0010 (0.0569)  Loss_sin=0.0009 (0.0655)  Loss_cos=0.0024 (0.0708)  Loss_wid=0.0004 (0.0678)  IoU=1.13 (1.04)  Prec@50=0.00 (0.30)
2026-03-24 17:12:44 | INFO     | utils.misc:107 - Training: Epoch=[1/50] [1400/7902]  Batch=0.19 (0.53)  Data=0.00 (0.17)  Lr=0.000100  Loss=0.0611 (0.3576)  Loss_ins=0.0408 (0.1142)  Loss_qua=0.0018 (0.0565)  Loss_sin=0.0011 (0.0580)  Loss_cos=0.0050 (0.0691)  Loss_wid=0.0013 (0.0620)  IoU=7.04 (1.45)  Prec@50=12.50 (0.48)
2026-03-24 17:12:44 | INFO     | utils.misc:107 - Training: Epoch=[1/50] [1400/7902]  Batch=0.19 (0.53)  Data=0.00 (0.15)  Lr=0.000100  Loss=0.0611 (0.3576)  Loss_ins=0.0591 (0.1124)  Loss_qua=0.0024 (0.0530)  Loss_sin=0.0015 (0.0609)  Loss_cos=0.0072 (0.0661)  Loss_wid=0.0020 (0.0630)  IoU=7.04 (1.45)  Prec@50=12.50 (0.48)
2026-03-24 17:13:18 | INFO     | utils.misc:107 - Training: Epoch=[1/50] [1500/7902]  Batch=0.33 (0.52)  Data=0.00 (0.16)  Lr=0.000100  Loss=0.0873 (0.3383)  Loss_ins=0.0736 (0.1105)  Loss_qua=0.0016 (0.0528)  Loss_sin=0.0005 (0.0542)  Loss_cos=0.0047 (0.0648)  Loss_wid=0.0006 (0.0580)  IoU=3.79 (1.66)  Prec@50=0.00 (0.57)
2026-03-24 17:13:18 | INFO     | utils.misc:107 - Training: Epoch=[1/50] [1500/7902]  Batch=0.33 (0.52)  Data=0.01 (0.14)  Lr=0.000100  Loss=0.0873 (0.3383)  Loss_ins=0.0818 (0.1090)  Loss_qua=0.0025 (0.0495)  Loss_sin=0.0012 (0.0569)  Loss_cos=0.0069 (0.0620)  Loss_wid=0.0013 (0.0589)  IoU=3.79 (1.66)  Prec@50=0.00 (0.57)
2026-03-24 17:13:52 | INFO     | utils.misc:107 - Training: Epoch=[1/50] [1600/7902]  Batch=0.36 (0.51)  Data=0.00 (0.15)  Lr=0.000100  Loss=0.1054 (0.3217)  Loss_ins=0.1127 (0.1077)  Loss_qua=0.0019 (0.0497)  Loss_sin=0.0010 (0.0509)  Loss_cos=0.0073 (0.0610)  Loss_wid=0.0006 (0.0544)  IoU=12.69 (2.01)  Prec@50=0.00 (0.74)
2026-03-24 17:13:52 | INFO     | utils.misc:107 - Training: Epoch=[1/50] [1600/7902]  Batch=0.36 (0.51)  Data=0.00 (0.14)  Lr=0.000100  Loss=0.1054 (0.3217)  Loss_ins=0.0797 (0.1063)  Loss_qua=0.0015 (0.0466)  Loss_sin=0.0010 (0.0534)  Loss_cos=0.0045 (0.0584)  Loss_wid=0.0005 (0.0553)  IoU=12.69 (2.01)  Prec@50=0.00 (0.74)
2026-03-24 17:14:26 | INFO     | utils.misc:107 - Training: Epoch=[1/50] [1700/7902]  Batch=0.32 (0.50)  Data=0.00 (0.14)  Lr=0.000100  Loss=0.0574 (0.3067)  Loss_ins=0.0401 (0.1047)  Loss_qua=0.0010 (0.0468)  Loss_sin=0.0010 (0.0479)  Loss_cos=0.0028 (0.0577)  Loss_wid=0.0005 (0.0512)  IoU=7.78 (2.42)  Prec@50=12.50 (0.97)
2026-03-24 17:14:26 | INFO     | utils.misc:107 - Training: Epoch=[1/50] [1700/7902]  Batch=0.32 (0.50)  Data=0.00 (0.13)  Lr=0.000100  Loss=0.0574 (0.3067)  Loss_ins=0.0591 (0.1035)  Loss_qua=0.0019 (0.0439)  Loss_sin=0.0010 (0.0503)  Loss_cos=0.0065 (0.0552)  Loss_wid=0.0009 (0.0521)  IoU=7.78 (2.42)  Prec@50=12.50 (0.97)
2026-03-24 17:15:02 | INFO     | utils.misc:107 - Training: Epoch=[1/50] [1800/7902]  Batch=0.32 (0.49)  Data=0.00 (0.13)  Lr=0.000100  Loss=0.0922 (0.2935)  Loss_ins=0.0861 (0.1023)  Loss_qua=0.0025 (0.0443)  Loss_sin=0.0026 (0.0453)  Loss_cos=0.0052 (0.0547)  Loss_wid=0.0015 (0.0484)  IoU=12.73 (2.70)  Prec@50=0.00 (1.12)
2026-03-24 17:15:02 | INFO     | utils.misc:107 - Training: Epoch=[1/50] [1800/7902]  Batch=0.32 (0.49)  Data=0.00 (0.12)  Lr=0.000100  Loss=0.0922 (0.2935)  Loss_ins=0.0745 (0.1012)  Loss_qua=0.0025 (0.0416)  Loss_sin=0.0009 (0.0476)  Loss_cos=0.0078 (0.0524)  Loss_wid=0.0009 (0.0492)  IoU=12.73 (2.70)  Prec@50=0.00 (1.12)
2026-03-24 17:15:36 | INFO     | utils.misc:107 - Training: Epoch=[1/50] [1900/7902]  Batch=0.37 (0.48)  Data=0.00 (0.13)  Lr=0.000100  Loss=0.0532 (0.2817)  Loss_ins=0.0445 (0.1001)  Loss_qua=0.0009 (0.0421)  Loss_sin=0.0007 (0.0430)  Loss_cos=0.0038 (0.0520)  Loss_wid=0.0002 (0.0459)  IoU=6.87 (3.00)  Prec@50=0.00 (1.28)
2026-03-24 17:15:36 | INFO     | utils.misc:107 - Training: Epoch=[1/50] [1900/7902]  Batch=0.37 (0.48)  Data=0.00 (0.12)  Lr=0.000100  Loss=0.0532 (0.2817)  Loss_ins=0.0518 (0.0991)  Loss_qua=0.0010 (0.0395)  Loss_sin=0.0007 (0.0451)  Loss_cos=0.0023 (0.0499)  Loss_wid=0.0003 (0.0467)  IoU=6.87 (3.00)  Prec@50=0.00 (1.28)
2026-03-24 17:16:11 | INFO     | utils.misc:107 - Training: Epoch=[1/50] [2000/7902]  Batch=0.35 (0.47)  Data=0.04 (0.12)  Lr=0.000100  Loss=0.0499 (0.2709)  Loss_ins=0.0510 (0.0981)  Loss_qua=0.0021 (0.0401)  Loss_sin=0.0006 (0.0409)  Loss_cos=0.0026 (0.0497)  Loss_wid=0.0008 (0.0437)  IoU=6.85 (3.36)  Prec@50=0.00 (1.49)
2026-03-24 17:16:11 | INFO     | utils.misc:107 - Training: Epoch=[1/50] [2000/7902]  Batch=0.35 (0.47)  Data=0.00 (0.11)  Lr=0.000100  Loss=0.0499 (0.2709)  Loss_ins=0.0387 (0.0971)  Loss_qua=0.0014 (0.0376)  Loss_sin=0.0004 (0.0429)  Loss_cos=0.0019 (0.0476)  Loss_wid=0.0004 (0.0444)  IoU=6.85 (3.36)  Prec@50=0.00 (1.49)
2026-03-24 17:16:45 | INFO     | utils.misc:107 - Training: Epoch=[1/50] [2100/7902]  Batch=0.32 (0.47)  Data=0.00 (0.12)  Lr=0.000100  Loss=0.0494 (0.2610)  Loss_ins=0.0619 (0.0960)  Loss_qua=0.0016 (0.0382)  Loss_sin=0.0013 (0.0390)  Loss_cos=0.0036 (0.0475)  Loss_wid=0.0003 (0.0416)  IoU=18.80 (3.74)  Prec@50=25.00 (1.75)
2026-03-24 17:16:45 | INFO     | utils.misc:107 - Training: Epoch=[1/50] [2100/7902]  Batch=0.32 (0.47)  Data=0.00 (0.11)  Lr=0.000100  Loss=0.0494 (0.2610)  Loss_ins=0.0273 (0.0951)  Loss_qua=0.0009 (0.0359)  Loss_sin=0.0003 (0.0409)  Loss_cos=0.0013 (0.0455)  Loss_wid=0.0002 (0.0423)  IoU=18.80 (3.74)  Prec@50=25.00 (1.75)
2026-03-24 17:17:19 | INFO     | utils.misc:107 - Training: Epoch=[1/50] [2200/7902]  Batch=0.32 (0.46)  Data=0.00 (0.11)  Lr=0.000100  Loss=0.0541 (0.2521)  Loss_ins=0.0418 (0.0943)  Loss_qua=0.0007 (0.0366)  Loss_sin=0.0003 (0.0372)  Loss_cos=0.0012 (0.0455)  Loss_wid=0.0001 (0.0398)  IoU=14.81 (4.11)  Prec@50=0.00 (2.04)
2026-03-24 17:17:19 | INFO     | utils.misc:107 - Training: Epoch=[1/50] [2200/7902]  Batch=0.32 (0.46)  Data=0.00 (0.10)  Lr=0.000100  Loss=0.0541 (0.2521)  Loss_ins=0.0523 (0.0934)  Loss_qua=0.0023 (0.0343)  Loss_sin=0.0012 (0.0391)  Loss_cos=0.0075 (0.0436)  Loss_wid=0.0009 (0.0404)  IoU=14.81 (4.11)  Prec@50=0.00 (2.04)
2026-03-24 17:17:53 | INFO     | utils.misc:107 - Training: Epoch=[1/50] [2300/7902]  Batch=0.41 (0.46)  Data=0.06 (0.11)  Lr=0.000100  Loss=0.0716 (0.2439)  Loss_ins=0.0475 (0.0927)  Loss_qua=0.0010 (0.0350)  Loss_sin=0.0014 (0.0357)  Loss_cos=0.0019 (0.0437)  Loss_wid=0.0002 (0.0381)  IoU=11.92 (4.43)  Prec@50=0.00 (2.27)
2026-03-24 17:17:53 | INFO     | utils.misc:107 - Training: Epoch=[1/50] [2300/7902]  Batch=0.41 (0.46)  Data=0.00 (0.10)  Lr=0.000100  Loss=0.0716 (0.2439)  Loss_ins=0.0742 (0.0919)  Loss_qua=0.0031 (0.0329)  Loss_sin=0.0011 (0.0374)  Loss_cos=0.0102 (0.0419)  Loss_wid=0.0026 (0.0387)  IoU=11.92 (4.43)  Prec@50=0.00 (2.27)
2026-03-24 17:18:29 | INFO     | utils.misc:107 - Training: Epoch=[1/50] [2400/7902]  Batch=0.36 (0.45)  Data=0.00 (0.10)  Lr=0.000100  Loss=0.0695 (0.2363)  Loss_ins=0.0819 (0.0910)  Loss_qua=0.0018 (0.0336)  Loss_sin=0.0010 (0.0342)  Loss_cos=0.0059 (0.0420)  Loss_wid=0.0010 (0.0365)  IoU=2.13 (4.77)  Prec@50=0.00 (2.57)
2026-03-24 17:18:29 | INFO     | utils.misc:107 - Training: Epoch=[1/50] [2400/7902]  Batch=0.36 (0.45)  Data=0.00 (0.10)  Lr=0.000100  Loss=0.0695 (0.2363)  Loss_ins=0.0432 (0.0904)  Loss_qua=0.0010 (0.0316)  Loss_sin=0.0003 (0.0359)  Loss_cos=0.0026 (0.0403)  Loss_wid=0.0003 (0.0371)  IoU=2.13 (4.77)  Prec@50=0.00 (2.57)
2026-03-24 17:19:01 | INFO     | utils.misc:107 - Training: Epoch=[1/50] [2500/7902]  Batch=0.55 (0.45)  Data=0.20 (0.10)  Lr=0.000100  Loss=0.0561 (0.2293)  Loss_ins=0.0681 (0.0895)  Loss_qua=0.0014 (0.0323)  Loss_sin=0.0007 (0.0329)  Loss_cos=0.0039 (0.0405)  Loss_wid=0.0008 (0.0351)  IoU=20.13 (5.14)  Prec@50=25.00 (2.83)
2026-03-24 17:19:01 | INFO     | utils.misc:107 - Training: Epoch=[1/50] [2500/7902]  Batch=0.55 (0.45)  Data=0.00 (0.09)  Lr=0.000100  Loss=0.0561 (0.2293)  Loss_ins=0.0338 (0.0889)  Loss_qua=0.0007 (0.0304)  Loss_sin=0.0006 (0.0345)  Loss_cos=0.0019 (0.0388)  Loss_wid=0.0002 (0.0356)  IoU=20.13 (5.14)  Prec@50=25.00 (2.83)
2026-03-24 17:19:36 | INFO     | utils.misc:107 - Training: Epoch=[1/50] [2600/7902]  Batch=0.32 (0.44)  Data=0.00 (0.10)  Lr=0.000100  Loss=0.0560 (0.2228)  Loss_ins=0.0568 (0.0881)  Loss_qua=0.0028 (0.0312)  Loss_sin=0.0006 (0.0316)  Loss_cos=0.0098 (0.0390)  Loss_wid=0.0018 (0.0337)  IoU=13.43 (5.38)  Prec@50=12.50 (3.03)
2026-03-24 17:19:36 | INFO     | utils.misc:107 - Training: Epoch=[1/50] [2600/7902]  Batch=0.32 (0.44)  Data=0.00 (0.09)  Lr=0.000100  Loss=0.0560 (0.2228)  Loss_ins=0.0372 (0.0876)  Loss_qua=0.0008 (0.0293)  Loss_sin=0.0006 (0.0332)  Loss_cos=0.0016 (0.0375)  Loss_wid=0.0002 (0.0343)  IoU=13.43 (5.38)  Prec@50=12.50 (3.03)
2026-03-24 17:20:11 | INFO     | utils.misc:107 - Training: Epoch=[1/50] [2700/7902]  Batch=0.32 (0.44)  Data=0.00 (0.09)  Lr=0.000100  Loss=0.0469 (0.2167)  Loss_ins=0.0386 (0.0868)  Loss_qua=0.0013 (0.0301)  Loss_sin=0.0006 (0.0305)  Loss_cos=0.0016 (0.0377)  Loss_wid=0.0003 (0.0325)  IoU=19.51 (5.73)  Prec@50=25.00 (3.30)
2026-03-24 17:20:11 | INFO     | utils.misc:107 - Training: Epoch=[1/50] [2700/7902]  Batch=0.32 (0.44)  Data=0.00 (0.09)  Lr=0.000100  Loss=0.0469 (0.2167)  Loss_ins=0.0464 (0.0863)  Loss_qua=0.0010 (0.0282)  Loss_sin=0.0006 (0.0320)  Loss_cos=0.0034 (0.0362)  Loss_wid=0.0002 (0.0330)  IoU=19.51 (5.73)  Prec@50=25.00 (3.30)
2026-03-24 17:21:10 | INFO     | utils.misc:107 - Training: Epoch=[1/50] [2800/7902]  Batch=0.62 (0.45)  Data=0.00 (0.10)  Lr=0.000100  Loss=0.0591 (0.2110)  Loss_ins=0.0767 (0.0856)  Loss_qua=0.0018 (0.0290)  Loss_sin=0.0010 (0.0294)  Loss_cos=0.0025 (0.0365)  Loss_wid=0.0007 (0.0314)  IoU=29.97 (6.12)  Prec@50=25.00 (3.60)
2026-03-24 17:21:10 | INFO     | utils.misc:107 - Training: Epoch=[1/50] [2800/7902]  Batch=0.62 (0.45)  Data=0.31 (0.09)  Lr=0.000100  Loss=0.0591 (0.2110)  Loss_ins=0.0307 (0.0849)  Loss_qua=0.0012 (0.0273)  Loss_sin=0.0006 (0.0309)  Loss_cos=0.0027 (0.0351)  Loss_wid=0.0003 (0.0319)  IoU=29.97 (6.12)  Prec@50=25.00 (3.60)
2026-03-24 17:22:36 | INFO     | utils.misc:107 - Training: Epoch=[1/50] [2900/7902]  Batch=1.11 (0.46)  Data=0.92 (0.11)  Lr=0.000100  Loss=0.0876 (0.2057)  Loss_ins=0.1149 (0.0843)  Loss_qua=0.0027 (0.0281)  Loss_sin=0.0023 (0.0285)  Loss_cos=0.0058 (0.0354)  Loss_wid=0.0019 (0.0303)  IoU=11.14 (6.44)  Prec@50=0.00 (3.86)
2026-03-24 17:22:36 | INFO     | utils.misc:107 - Training: Epoch=[1/50] [2900/7902]  Batch=1.11 (0.46)  Data=0.13 (0.10)  Lr=0.000100  Loss=0.0876 (0.2057)  Loss_ins=0.0399 (0.0838)  Loss_qua=0.0014 (0.0264)  Loss_sin=0.0004 (0.0299)  Loss_cos=0.0053 (0.0340)  Loss_wid=0.0005 (0.0308)  IoU=11.14 (6.44)  Prec@50=0.00 (3.86)
2026-03-24 17:24:05 | INFO     | utils.misc:107 - Training: Epoch=[1/50] [3000/7902]  Batch=0.75 (0.47)  Data=0.55 (0.11)  Lr=0.000100  Loss=0.0420 (0.2008)  Loss_ins=0.0401 (0.0832)  Loss_qua=0.0012 (0.0272)  Loss_sin=0.0003 (0.0275)  Loss_cos=0.0048 (0.0343)  Loss_wid=0.0003 (0.0293)  IoU=18.08 (6.77)  Prec@50=25.00 (4.18)
2026-03-24 17:24:05 | INFO     | utils.misc:107 - Training: Epoch=[1/50] [3000/7902]  Batch=0.75 (0.47)  Data=0.00 (0.12)  Lr=0.000100  Loss=0.0420 (0.2008)  Loss_ins=0.0302 (0.0827)  Loss_qua=0.0013 (0.0256)  Loss_sin=0.0007 (0.0289)  Loss_cos=0.0045 (0.0330)  Loss_wid=0.0006 (0.0298)  IoU=18.08 (6.77)  Prec@50=25.00 (4.18)
2026-03-24 17:25:33 | INFO     | utils.misc:107 - Training: Epoch=[1/50] [3100/7902]  Batch=0.48 (0.49)  Data=0.28 (0.12)  Lr=0.000100  Loss=0.0892 (0.1961)  Loss_ins=0.0876 (0.0821)  Loss_qua=0.0033 (0.0264)  Loss_sin=0.0029 (0.0267)  Loss_cos=0.0077 (0.0333)  Loss_wid=0.0020 (0.0284)  IoU=29.40 (7.10)  Prec@50=25.00 (4.47)
2026-03-24 17:25:33 | INFO     | utils.misc:107 - Training: Epoch=[1/50] [3100/7902]  Batch=0.48 (0.49)  Data=0.03 (0.12)  Lr=0.000100  Loss=0.0892 (0.1961)  Loss_ins=0.0619 (0.0816)  Loss_qua=0.0024 (0.0248)  Loss_sin=0.0013 (0.0280)  Loss_cos=0.0081 (0.0320)  Loss_wid=0.0013 (0.0289)  IoU=29.40 (7.10)  Prec@50=25.00 (4.47)
2026-03-24 17:27:20 | INFO     | utils.misc:107 - Training: Epoch=[1/50] [3200/7902]  Batch=0.99 (0.51)  Data=0.57 (0.13)  Lr=0.000100  Loss=0.0701 (0.1917)  Loss_ins=0.0801 (0.0811)  Loss_qua=0.0020 (0.0256)  Loss_sin=0.0008 (0.0259)  Loss_cos=0.0068 (0.0324)  Loss_wid=0.0008 (0.0275)  IoU=2.89 (7.40)  Prec@50=0.00 (4.74)
2026-03-24 17:27:20 | INFO     | utils.misc:107 - Training: Epoch=[1/50] [3200/7902]  Batch=0.99 (0.51)  Data=0.80 (0.14)  Lr=0.000100  Loss=0.0701 (0.1917)  Loss_ins=0.0456 (0.0806)  Loss_qua=0.0008 (0.0241)  Loss_sin=0.0004 (0.0272)  Loss_cos=0.0025 (0.0312)  Loss_wid=0.0003 (0.0280)  IoU=2.89 (7.40)  Prec@50=0.00 (4.74)
2026-03-24 17:28:22 | INFO     | utils.misc:107 - Training: Epoch=[1/50] [3300/7902]  Batch=0.84 (0.51)  Data=0.00 (0.14)  Lr=0.000100  Loss=0.0467 (0.1876)  Loss_ins=0.0322 (0.0801)  Loss_qua=0.0012 (0.0249)  Loss_sin=0.0006 (0.0251)  Loss_cos=0.0046 (0.0315)  Loss_wid=0.0005 (0.0267)  IoU=25.98 (7.73)  Prec@50=12.50 (4.98)
2026-03-24 17:28:22 | INFO     | utils.misc:107 - Training: Epoch=[1/50] [3300/7902]  Batch=0.84 (0.51)  Data=0.49 (0.14)  Lr=0.000100  Loss=0.0467 (0.1876)  Loss_ins=0.0453 (0.0797)  Loss_qua=0.0018 (0.0234)  Loss_sin=0.0014 (0.0264)  Loss_cos=0.0050 (0.0303)  Loss_wid=0.0007 (0.0271)  IoU=25.98 (7.73)  Prec@50=12.50 (4.98)
2026-03-24 17:29:05 | INFO     | utils.misc:107 - Training: Epoch=[1/50] [3400/7902]  Batch=0.31 (0.51)  Data=0.00 (0.13)  Lr=0.000100  Loss=0.0337 (0.1837)  Loss_ins=0.0186 (0.0792)  Loss_qua=0.0007 (0.0242)  Loss_sin=0.0008 (0.0244)  Loss_cos=0.0020 (0.0307)  Loss_wid=0.0002 (0.0259)  IoU=18.48 (8.12)  Prec@50=12.50 (5.33)
2026-03-24 17:29:05 | INFO     | utils.misc:107 - Training: Epoch=[1/50] [3400/7902]  Batch=0.31 (0.51)  Data=0.00 (0.14)  Lr=0.000100  Loss=0.0337 (0.1837)  Loss_ins=0.0408 (0.0788)  Loss_qua=0.0012 (0.0227)  Loss_sin=0.0007 (0.0256)  Loss_cos=0.0019 (0.0295)  Loss_wid=0.0004 (0.0264)  IoU=18.48 (8.12)  Prec@50=12.50 (5.33)
2026-03-24 17:29:40 | INFO     | utils.misc:107 - Training: Epoch=[1/50] [3500/7902]  Batch=0.32 (0.50)  Data=0.00 (0.13)  Lr=0.000100  Loss=0.0535 (0.1800)  Loss_ins=0.0670 (0.0783)  Loss_qua=0.0016 (0.0235)  Loss_sin=0.0006 (0.0237)  Loss_cos=0.0049 (0.0299)  Loss_wid=0.0006 (0.0252)  IoU=12.62 (8.47)  Prec@50=0.00 (5.68)
2026-03-24 17:29:40 | INFO     | utils.misc:107 - Training: Epoch=[1/50] [3500/7902]  Batch=0.32 (0.50)  Data=0.00 (0.13)  Lr=0.000100  Loss=0.0535 (0.1800)  Loss_ins=0.0270 (0.0779)  Loss_qua=0.0013 (0.0221)  Loss_sin=0.0009 (0.0249)  Loss_cos=0.0026 (0.0288)  Loss_wid=0.0005 (0.0256)  IoU=12.62 (8.47)  Prec@50=0.00 (5.68)
2026-03-24 17:30:17 | INFO     | utils.misc:107 - Training: Epoch=[1/50] [3600/7902]  Batch=0.27 (0.50)  Data=0.00 (0.13)  Lr=0.000100  Loss=0.0216 (0.1765)  Loss_ins=0.0174 (0.0775)  Loss_qua=0.0005 (0.0229)  Loss_sin=0.0003 (0.0231)  Loss_cos=0.0011 (0.0292)  Loss_wid=0.0001 (0.0245)  IoU=5.91 (8.78)  Prec@50=0.00 (5.96)
2026-03-24 17:30:17 | INFO     | utils.misc:107 - Training: Epoch=[1/50] [3600/7902]  Batch=0.27 (0.50)  Data=0.05 (0.13)  Lr=0.000100  Loss=0.0216 (0.1765)  Loss_ins=0.0224 (0.0770)  Loss_qua=0.0004 (0.0215)  Loss_sin=0.0003 (0.0243)  Loss_cos=0.0007 (0.0281)  Loss_wid=0.0001 (0.0249)  IoU=5.91 (8.78)  Prec@50=0.00 (5.96)
2026-03-24 17:30:53 | INFO     | utils.misc:107 - Training: Epoch=[1/50] [3700/7902]  Batch=0.24 (0.49)  Data=0.00 (0.12)  Lr=0.000100  Loss=0.0425 (0.1732)  Loss_ins=0.0378 (0.0766)  Loss_qua=0.0014 (0.0223)  Loss_sin=0.0016 (0.0225)  Loss_cos=0.0019 (0.0285)  Loss_wid=0.0008 (0.0239)  IoU=35.25 (9.10)  Prec@50=50.00 (6.28)
2026-03-24 17:30:53 | INFO     | utils.misc:107 - Training: Epoch=[1/50] [3700/7902]  Batch=0.24 (0.49)  Data=0.00 (0.13)  Lr=0.000100  Loss=0.0425 (0.1732)  Loss_ins=0.0357 (0.0762)  Loss_qua=0.0017 (0.0210)  Loss_sin=0.0011 (0.0236)  Loss_cos=0.0017 (0.0274)  Loss_wid=0.0011 (0.0243)  IoU=35.25 (9.10)  Prec@50=50.00 (6.28)
2026-03-24 17:31:29 | INFO     | utils.misc:107 - Training: Epoch=[1/50] [3800/7902]  Batch=0.37 (0.49)  Data=0.00 (0.12)  Lr=0.000100  Loss=0.0777 (0.1700)  Loss_ins=0.0332 (0.0757)  Loss_qua=0.0009 (0.0218)  Loss_sin=0.0006 (0.0219)  Loss_cos=0.0023 (0.0278)  Loss_wid=0.0001 (0.0233)  IoU=19.34 (9.39)  Prec@50=12.50 (6.51)
2026-03-24 17:31:29 | INFO     | utils.misc:107 - Training: Epoch=[1/50] [3800/7902]  Batch=0.37 (0.49)  Data=0.17 (0.12)  Lr=0.000100  Loss=0.0777 (0.1700)  Loss_ins=0.1073 (0.0755)  Loss_qua=0.0031 (0.0205)  Loss_sin=0.0020 (0.0230)  Loss_cos=0.0037 (0.0268)  Loss_wid=0.0021 (0.0237)  IoU=19.34 (9.39)  Prec@50=12.50 (6.51)
2026-03-24 17:32:05 | INFO     | utils.misc:107 - Training: Epoch=[1/50] [3900/7902]  Batch=0.53 (0.49)  Data=0.21 (0.12)  Lr=0.000100  Loss=0.0483 (0.1671)  Loss_ins=0.0452 (0.0750)  Loss_qua=0.0016 (0.0212)  Loss_sin=0.0005 (0.0214)  Loss_cos=0.0053 (0.0272)  Loss_wid=0.0006 (0.0227)  IoU=25.28 (9.65)  Prec@50=25.00 (6.77)
2026-03-24 17:32:05 | INFO     | utils.misc:107 - Training: Epoch=[1/50] [3900/7902]  Batch=0.53 (0.49)  Data=0.00 (0.12)  Lr=0.000100  Loss=0.0483 (0.1671)  Loss_ins=0.0385 (0.0748)  Loss_qua=0.0010 (0.0200)  Loss_sin=0.0004 (0.0225)  Loss_cos=0.0031 (0.0262)  Loss_wid=0.0004 (0.0231)  IoU=25.28 (9.65)  Prec@50=25.00 (6.77)
2026-03-24 17:32:43 | INFO     | utils.misc:107 - Training: Epoch=[1/50] [4000/7902]  Batch=0.19 (0.49)  Data=0.00 (0.12)  Lr=0.000100  Loss=0.0588 (0.1643)  Loss_ins=0.0479 (0.0743)  Loss_qua=0.0015 (0.0207)  Loss_sin=0.0009 (0.0209)  Loss_cos=0.0058 (0.0266)  Loss_wid=0.0006 (0.0221)  IoU=42.57 (9.95)  Prec@50=37.50 (7.07)
2026-03-24 17:32:43 | INFO     | utils.misc:107 - Training: Epoch=[1/50] [4000/7902]  Batch=0.19 (0.48)  Data=0.00 (0.12)  Lr=0.000100  Loss=0.0588 (0.1643)  Loss_ins=0.0537 (0.0742)  Loss_qua=0.0013 (0.0195)  Loss_sin=0.0010 (0.0219)  Loss_cos=0.0044 (0.0257)  Loss_wid=0.0004 (0.0225)  IoU=42.57 (9.95)  Prec@50=37.50 (7.07)
2026-03-24 17:33:20 | INFO     | utils.misc:107 - Training: Epoch=[1/50] [4100/7902]  Batch=0.35 (0.48)  Data=0.00 (0.12)  Lr=0.000100  Loss=0.0478 (0.1615)  Loss_ins=0.0437 (0.0735)  Loss_qua=0.0008 (0.0203)  Loss_sin=0.0007 (0.0204)  Loss_cos=0.0015 (0.0261)  Loss_wid=0.0003 (0.0216)  IoU=34.52 (10.29)  Prec@50=37.50 (7.39)
2026-03-24 17:33:20 | INFO     | utils.misc:107 - Training: Epoch=[1/50] [4100/7902]  Batch=0.35 (0.48)  Data=0.00 (0.12)  Lr=0.000100  Loss=0.0478 (0.1615)  Loss_ins=0.0393 (0.0735)  Loss_qua=0.0015 (0.0191)  Loss_sin=0.0008 (0.0214)  Loss_cos=0.0063 (0.0251)  Loss_wid=0.0006 (0.0220)  IoU=34.52 (10.29)  Prec@50=37.50 (7.39)
2026-03-24 17:33:53 | INFO     | utils.misc:107 - Training: Epoch=[1/50] [4200/7902]  Batch=0.31 (0.48)  Data=0.00 (0.11)  Lr=0.000100  Loss=0.0323 (0.1587)  Loss_ins=0.0243 (0.0727)  Loss_qua=0.0008 (0.0198)  Loss_sin=0.0005 (0.0199)  Loss_cos=0.0023 (0.0255)  Loss_wid=0.0003 (0.0211)  IoU=39.12 (10.59)  Prec@50=50.00 (7.71)
2026-03-24 17:33:53 | INFO     | utils.misc:107 - Training: Epoch=[1/50] [4200/7902]  Batch=0.31 (0.48)  Data=0.00 (0.12)  Lr=0.000100  Loss=0.0323 (0.1587)  Loss_ins=0.0286 (0.0727)  Loss_qua=0.0012 (0.0187)  Loss_sin=0.0010 (0.0209)  Loss_cos=0.0052 (0.0246)  Loss_wid=0.0005 (0.0215)  IoU=39.12 (10.59)  Prec@50=50.00 (7.71)
2026-03-24 17:34:26 | INFO     | utils.misc:107 - Training: Epoch=[1/50] [4300/7902]  Batch=0.35 (0.48)  Data=0.00 (0.11)  Lr=0.000100  Loss=0.0335 (0.1561)  Loss_ins=0.0428 (0.0720)  Loss_qua=0.0007 (0.0194)  Loss_sin=0.0002 (0.0195)  Loss_cos=0.0013 (0.0250)  Loss_wid=0.0002 (0.0206)  IoU=19.81 (10.96)  Prec@50=12.50 (8.10)
2026-03-24 17:34:26 | INFO     | utils.misc:107 - Training: Epoch=[1/50] [4300/7902]  Batch=0.35 (0.48)  Data=0.00 (0.11)  Lr=0.000100  Loss=0.0335 (0.1561)  Loss_ins=0.0187 (0.0719)  Loss_qua=0.0006 (0.0182)  Loss_sin=0.0006 (0.0204)  Loss_cos=0.0016 (0.0241)  Loss_wid=0.0002 (0.0210)  IoU=19.81 (10.96)  Prec@50=12.50 (8.10)
2026-03-24 17:34:59 | INFO     | utils.misc:107 - Training: Epoch=[1/50] [4400/7902]  Batch=0.32 (0.47)  Data=0.00 (0.11)  Lr=0.000100  Loss=0.0270 (0.1536)  Loss_ins=0.0178 (0.0713)  Loss_qua=0.0006 (0.0190)  Loss_sin=0.0006 (0.0191)  Loss_cos=0.0022 (0.0245)  Loss_wid=0.0002 (0.0202)  IoU=54.58 (11.28)  Prec@50=50.00 (8.38)
2026-03-24 17:34:59 | INFO     | utils.misc:107 - Training: Epoch=[1/50] [4400/7902]  Batch=0.32 (0.47)  Data=0.00 (0.11)  Lr=0.000100  Loss=0.0270 (0.1536)  Loss_ins=0.0227 (0.0712)  Loss_qua=0.0015 (0.0179)  Loss_sin=0.0007 (0.0200)  Loss_cos=0.0068 (0.0236)  Loss_wid=0.0008 (0.0205)  IoU=54.58 (11.28)  Prec@50=50.00 (8.38)
2026-03-24 17:35:32 | INFO     | utils.misc:107 - Training: Epoch=[1/50] [4500/7902]  Batch=0.24 (0.47)  Data=0.05 (0.11)  Lr=0.000100  Loss=0.0349 (0.1513)  Loss_ins=0.0196 (0.0706)  Loss_qua=0.0006 (0.0186)  Loss_sin=0.0007 (0.0187)  Loss_cos=0.0010 (0.0240)  Loss_wid=0.0002 (0.0197)  IoU=30.21 (11.67)  Prec@50=37.50 (8.81)
2026-03-24 17:35:32 | INFO     | utils.misc:107 - Training: Epoch=[1/50] [4500/7902]  Batch=0.24 (0.47)  Data=0.00 (0.11)  Lr=0.000100  Loss=0.0349 (0.1513)  Loss_ins=0.0416 (0.0706)  Loss_qua=0.0015 (0.0175)  Loss_sin=0.0009 (0.0196)  Loss_cos=0.0029 (0.0232)  Loss_wid=0.0007 (0.0201)  IoU=30.21 (11.67)  Prec@50=37.50 (8.81)
2026-03-24 17:36:06 | INFO     | utils.misc:107 - Training: Epoch=[1/50] [4600/7902]  Batch=0.33 (0.47)  Data=0.00 (0.10)  Lr=0.000100  Loss=0.0626 (0.1490)  Loss_ins=0.0574 (0.0700)  Loss_qua=0.0008 (0.0182)  Loss_sin=0.0007 (0.0183)  Loss_cos=0.0036 (0.0236)  Loss_wid=0.0001 (0.0193)  IoU=28.00 (11.99)  Prec@50=12.50 (9.17)
2026-03-24 17:36:06 | INFO     | utils.misc:107 - Training: Epoch=[1/50] [4600/7902]  Batch=0.33 (0.47)  Data=0.00 (0.11)  Lr=0.000100  Loss=0.0626 (0.1490)  Loss_ins=0.0571 (0.0699)  Loss_qua=0.0012 (0.0171)  Loss_sin=0.0008 (0.0192)  Loss_cos=0.0031 (0.0227)  Loss_wid=0.0004 (0.0196)  IoU=28.00 (11.99)  Prec@50=12.50 (9.17)
2026-03-24 17:36:39 | INFO     | utils.misc:107 - Training: Epoch=[1/50] [4700/7902]  Batch=0.31 (0.46)  Data=0.00 (0.10)  Lr=0.000100  Loss=0.0300 (0.1468)  Loss_ins=0.0263 (0.0693)  Loss_qua=0.0012 (0.0178)  Loss_sin=0.0017 (0.0179)  Loss_cos=0.0010 (0.0231)  Loss_wid=0.0006 (0.0189)  IoU=47.40 (12.34)  Prec@50=50.00 (9.52)
2026-03-24 17:36:39 | INFO     | utils.misc:107 - Training: Epoch=[1/50] [4700/7902]  Batch=0.31 (0.46)  Data=0.00 (0.10)  Lr=0.000100  Loss=0.0300 (0.1468)  Loss_ins=0.0255 (0.0692)  Loss_qua=0.0011 (0.0168)  Loss_sin=0.0005 (0.0188)  Loss_cos=0.0014 (0.0223)  Loss_wid=0.0007 (0.0192)  IoU=47.40 (12.34)  Prec@50=50.00 (9.52)
2026-03-24 17:37:11 | INFO     | utils.misc:107 - Training: Epoch=[1/50] [4800/7902]  Batch=0.35 (0.46)  Data=0.00 (0.10)  Lr=0.000100  Loss=0.0584 (0.1447)  Loss_ins=0.0360 (0.0687)  Loss_qua=0.0011 (0.0175)  Loss_sin=0.0009 (0.0175)  Loss_cos=0.0033 (0.0227)  Loss_wid=0.0004 (0.0185)  IoU=23.72 (12.63)  Prec@50=12.50 (9.82)
2026-03-24 17:37:11 | INFO     | utils.misc:107 - Training: Epoch=[1/50] [4800/7902]  Batch=0.35 (0.46)  Data=0.00 (0.10)  Lr=0.000100  Loss=0.0584 (0.1447)  Loss_ins=0.0609 (0.0686)  Loss_qua=0.0029 (0.0165)  Loss_sin=0.0007 (0.0184)  Loss_cos=0.0089 (0.0219)  Loss_wid=0.0018 (0.0188)  IoU=23.72 (12.63)  Prec@50=12.50 (9.82)
2026-03-24 17:37:46 | INFO     | utils.misc:107 - Training: Epoch=[1/50] [4900/7902]  Batch=0.32 (0.46)  Data=0.00 (0.10)  Lr=0.000100  Loss=0.0378 (0.1427)  Loss_ins=0.0382 (0.0682)  Loss_qua=0.0010 (0.0172)  Loss_sin=0.0007 (0.0172)  Loss_cos=0.0031 (0.0223)  Loss_wid=0.0004 (0.0182)  IoU=36.92 (12.94)  Prec@50=37.50 (10.14)
2026-03-24 17:37:46 | INFO     | utils.misc:107 - Training: Epoch=[1/50] [4900/7902]  Batch=0.32 (0.46)  Data=0.01 (0.10)  Lr=0.000100  Loss=0.0378 (0.1427)  Loss_ins=0.0288 (0.0681)  Loss_qua=0.0008 (0.0162)  Loss_sin=0.0006 (0.0180)  Loss_cos=0.0018 (0.0216)  Loss_wid=0.0003 (0.0185)  IoU=36.92 (12.94)  Prec@50=37.50 (10.14)
2026-03-24 17:38:22 | INFO     | utils.misc:107 - Training: Epoch=[1/50] [5000/7902]  Batch=0.35 (0.46)  Data=0.00 (0.10)  Lr=0.000100  Loss=0.0428 (0.1408)  Loss_ins=0.0201 (0.0676)  Loss_qua=0.0008 (0.0168)  Loss_sin=0.0007 (0.0169)  Loss_cos=0.0029 (0.0219)  Loss_wid=0.0003 (0.0178)  IoU=31.51 (13.22)  Prec@50=25.00 (10.42)
2026-03-24 17:38:22 | INFO     | utils.misc:107 - Training: Epoch=[1/50] [5000/7902]  Batch=0.35 (0.46)  Data=0.03 (0.10)  Lr=0.000100  Loss=0.0428 (0.1408)  Loss_ins=0.0576 (0.0676)  Loss_qua=0.0008 (0.0159)  Loss_sin=0.0004 (0.0177)  Loss_cos=0.0018 (0.0212)  Loss_wid=0.0002 (0.0181)  IoU=31.51 (13.22)  Prec@50=25.00 (10.42)
2026-03-24 17:38:55 | INFO     | utils.misc:107 - Training: Epoch=[1/50] [5100/7902]  Batch=0.41 (0.45)  Data=0.00 (0.10)  Lr=0.000100  Loss=0.0651 (0.1389)  Loss_ins=0.0899 (0.0671)  Loss_qua=0.0025 (0.0165)  Loss_sin=0.0010 (0.0166)  Loss_cos=0.0092 (0.0216)  Loss_wid=0.0016 (0.0175)  IoU=25.57 (13.49)  Prec@50=37.50 (10.71)
2026-03-24 17:38:55 | INFO     | utils.misc:107 - Training: Epoch=[1/50] [5100/7902]  Batch=0.41 (0.45)  Data=0.00 (0.10)  Lr=0.000100  Loss=0.0651 (0.1389)  Loss_ins=0.0218 (0.0669)  Loss_qua=0.0008 (0.0156)  Loss_sin=0.0004 (0.0174)  Loss_cos=0.0028 (0.0208)  Loss_wid=0.0002 (0.0178)  IoU=25.57 (13.49)  Prec@50=37.50 (10.71)
2026-03-24 17:39:29 | INFO     | utils.misc:107 - Training: Epoch=[1/50] [5200/7902]  Batch=0.20 (0.45)  Data=0.00 (0.09)  Lr=0.000100  Loss=0.0639 (0.1371)  Loss_ins=0.0504 (0.0665)  Loss_qua=0.0022 (0.0162)  Loss_sin=0.0008 (0.0163)  Loss_cos=0.0033 (0.0212)  Loss_wid=0.0015 (0.0172)  IoU=26.66 (13.79)  Prec@50=25.00 (11.00)
2026-03-24 17:39:29 | INFO     | utils.misc:107 - Training: Epoch=[1/50] [5200/7902]  Batch=0.20 (0.45)  Data=0.00 (0.10)  Lr=0.000100  Loss=0.0639 (0.1371)  Loss_ins=0.0625 (0.0664)  Loss_qua=0.0018 (0.0153)  Loss_sin=0.0013 (0.0170)  Loss_cos=0.0032 (0.0205)  Loss_wid=0.0009 (0.0174)  IoU=26.66 (13.79)  Prec@50=25.00 (11.00)
2026-03-24 17:40:03 | INFO     | utils.misc:107 - Training: Epoch=[1/50] [5300/7902]  Batch=0.35 (0.45)  Data=0.00 (0.09)  Lr=0.000100  Loss=0.0302 (0.1353)  Loss_ins=0.0289 (0.0660)  Loss_qua=0.0011 (0.0160)  Loss_sin=0.0006 (0.0160)  Loss_cos=0.0006 (0.0209)  Loss_wid=0.0004 (0.0168)  IoU=40.34 (14.10)  Prec@50=37.50 (11.37)
2026-03-24 17:40:03 | INFO     | utils.misc:107 - Training: Epoch=[1/50] [5300/7902]  Batch=0.35 (0.45)  Data=0.00 (0.09)  Lr=0.000100  Loss=0.0302 (0.1353)  Loss_ins=0.0237 (0.0659)  Loss_qua=0.0010 (0.0150)  Loss_sin=0.0011 (0.0168)  Loss_cos=0.0027 (0.0202)  Loss_wid=0.0004 (0.0171)  IoU=40.34 (14.10)  Prec@50=37.50 (11.37)
2026-03-24 17:40:44 | INFO     | utils.misc:107 - Training: Epoch=[1/50] [5400/7902]  Batch=0.36 (0.45)  Data=0.00 (0.09)  Lr=0.000100  Loss=0.0300 (0.1337)  Loss_ins=0.0331 (0.0655)  Loss_qua=0.0017 (0.0157)  Loss_sin=0.0024 (0.0157)  Loss_cos=0.0039 (0.0206)  Loss_wid=0.0006 (0.0165)  IoU=30.35 (14.37)  Prec@50=37.50 (11.69)
2026-03-24 17:40:44 | INFO     | utils.misc:107 - Training: Epoch=[1/50] [5400/7902]  Batch=0.36 (0.45)  Data=0.00 (0.09)  Lr=0.000100  Loss=0.0300 (0.1337)  Loss_ins=0.0153 (0.0655)  Loss_qua=0.0007 (0.0148)  Loss_sin=0.0006 (0.0165)  Loss_cos=0.0015 (0.0198)  Loss_wid=0.0003 (0.0168)  IoU=30.35 (14.37)  Prec@50=37.50 (11.69)
2026-03-24 17:41:18 | INFO     | utils.misc:107 - Training: Epoch=[1/50] [5500/7902]  Batch=0.32 (0.45)  Data=0.00 (0.09)  Lr=0.000100  Loss=0.0466 (0.1321)  Loss_ins=0.0325 (0.0650)  Loss_qua=0.0012 (0.0154)  Loss_sin=0.0004 (0.0154)  Loss_cos=0.0044 (0.0202)  Loss_wid=0.0004 (0.0163)  IoU=23.74 (14.63)  Prec@50=12.50 (11.96)
2026-03-24 17:41:18 | INFO     | utils.misc:107 - Training: Epoch=[1/50] [5500/7902]  Batch=0.32 (0.45)  Data=0.00 (0.09)  Lr=0.000100  Loss=0.0466 (0.1321)  Loss_ins=0.0465 (0.0650)  Loss_qua=0.0016 (0.0145)  Loss_sin=0.0004 (0.0162)  Loss_cos=0.0054 (0.0195)  Loss_wid=0.0004 (0.0165)  IoU=23.74 (14.63)  Prec@50=12.50 (11.96)
2026-03-24 17:41:50 | INFO     | utils.misc:107 - Training: Epoch=[1/50] [5600/7902]  Batch=0.30 (0.44)  Data=0.00 (0.09)  Lr=0.000100  Loss=0.0430 (0.1305)  Loss_ins=0.0341 (0.0645)  Loss_qua=0.0012 (0.0152)  Loss_sin=0.0014 (0.0152)  Loss_cos=0.0041 (0.0199)  Loss_wid=0.0005 (0.0160)  IoU=45.30 (14.90)  Prec@50=50.00 (12.23)
2026-03-24 17:41:50 | INFO     | utils.misc:107 - Training: Epoch=[1/50] [5600/7902]  Batch=0.30 (0.44)  Data=0.00 (0.09)  Lr=0.000100  Loss=0.0430 (0.1305)  Loss_ins=0.0399 (0.0646)  Loss_qua=0.0009 (0.0143)  Loss_sin=0.0010 (0.0159)  Loss_cos=0.0028 (0.0193)  Loss_wid=0.0003 (0.0162)  IoU=45.30 (14.90)  Prec@50=50.00 (12.23)
2026-03-24 17:42:26 | INFO     | utils.misc:107 - Training: Epoch=[1/50] [5700/7902]  Batch=0.46 (0.44)  Data=0.00 (0.09)  Lr=0.000100  Loss=0.0622 (0.1290)  Loss_ins=0.0747 (0.0640)  Loss_qua=0.0026 (0.0149)  Loss_sin=0.0005 (0.0149)  Loss_cos=0.0093 (0.0197)  Loss_wid=0.0016 (0.0157)  IoU=38.08 (15.15)  Prec@50=50.00 (12.52)
2026-03-24 17:42:26 | INFO     | utils.misc:107 - Training: Epoch=[1/50] [5700/7902]  Batch=0.46 (0.44)  Data=0.14 (0.09)  Lr=0.000100  Loss=0.0622 (0.1290)  Loss_ins=0.0310 (0.0641)  Loss_qua=0.0014 (0.0141)  Loss_sin=0.0006 (0.0156)  Loss_cos=0.0022 (0.0190)  Loss_wid=0.0006 (0.0159)  IoU=38.08 (15.15)  Prec@50=50.00 (12.52)
2026-03-24 17:43:01 | INFO     | utils.misc:107 - Training: Epoch=[1/50] [5800/7902]  Batch=0.44 (0.44)  Data=0.25 (0.09)  Lr=0.000100  Loss=0.0318 (0.1275)  Loss_ins=0.0249 (0.0636)  Loss_qua=0.0015 (0.0147)  Loss_sin=0.0011 (0.0147)  Loss_cos=0.0037 (0.0194)  Loss_wid=0.0006 (0.0154)  IoU=29.91 (15.34)  Prec@50=25.00 (12.69)
2026-03-24 17:43:01 | INFO     | utils.misc:107 - Training: Epoch=[1/50] [5800/7902]  Batch=0.44 (0.44)  Data=0.00 (0.09)  Lr=0.000100  Loss=0.0318 (0.1275)  Loss_ins=0.0296 (0.0636)  Loss_qua=0.0007 (0.0139)  Loss_sin=0.0003 (0.0154)  Loss_cos=0.0010 (0.0187)  Loss_wid=0.0001 (0.0157)  IoU=29.91 (15.34)  Prec@50=25.00 (12.69)
2026-03-24 17:43:35 | INFO     | utils.misc:107 - Training: Epoch=[1/50] [5900/7902]  Batch=0.32 (0.44)  Data=0.00 (0.09)  Lr=0.000100  Loss=0.0633 (0.1260)  Loss_ins=0.0381 (0.0631)  Loss_qua=0.0017 (0.0136)  Loss_sin=0.0026 (0.0151)  Loss_cos=0.0034 (0.0184)  Loss_wid=0.0015 (0.0154)  IoU=36.29 (15.60)  Prec@50=37.50 (12.98)
2026-03-24 17:43:35 | INFO     | utils.misc:107 - Training: Epoch=[1/50] [5900/7902]  Batch=0.32 (0.44)  Data=0.00 (0.08)  Lr=0.000100  Loss=0.0633 (0.1260)  Loss_ins=0.0742 (0.0632)  Loss_qua=0.0012 (0.0145)  Loss_sin=0.0007 (0.0144)  Loss_cos=0.0029 (0.0191)  Loss_wid=0.0002 (0.0152)  IoU=36.29 (15.60)  Prec@50=37.50 (12.98)
2026-03-24 17:44:08 | INFO     | utils.misc:107 - Training: Epoch=[1/50] [6000/7902]  Batch=0.35 (0.44)  Data=0.00 (0.08)  Lr=0.000100  Loss=0.0310 (0.1247)  Loss_ins=0.0173 (0.0628)  Loss_qua=0.0010 (0.0143)  Loss_sin=0.0006 (0.0142)  Loss_cos=0.0040 (0.0188)  Loss_wid=0.0005 (0.0149)  IoU=44.17 (15.84)  Prec@50=50.00 (13.24)
2026-03-24 17:44:08 | INFO     | utils.misc:107 - Training: Epoch=[1/50] [6000/7902]  Batch=0.35 (0.44)  Data=0.00 (0.09)  Lr=0.000100  Loss=0.0310 (0.1247)  Loss_ins=0.0325 (0.0627)  Loss_qua=0.0016 (0.0134)  Loss_sin=0.0006 (0.0149)  Loss_cos=0.0030 (0.0182)  Loss_wid=0.0010 (0.0152)  IoU=44.17 (15.84)  Prec@50=50.00 (13.24)
2026-03-24 17:44:42 | INFO     | utils.misc:107 - Training: Epoch=[1/50] [6100/7902]  Batch=0.32 (0.44)  Data=0.00 (0.08)  Lr=0.000100  Loss=0.0449 (0.1233)  Loss_ins=0.0273 (0.0623)  Loss_qua=0.0008 (0.0140)  Loss_sin=0.0011 (0.0140)  Loss_cos=0.0016 (0.0186)  Loss_wid=0.0002 (0.0147)  IoU=21.88 (16.14)  Prec@50=12.50 (13.55)
2026-03-24 17:44:42 | INFO     | utils.misc:107 - Training: Epoch=[1/50] [6100/7902]  Batch=0.32 (0.44)  Data=0.00 (0.09)  Lr=0.000100  Loss=0.0449 (0.1233)  Loss_ins=0.0541 (0.0623)  Loss_qua=0.0013 (0.0132)  Loss_sin=0.0007 (0.0147)  Loss_cos=0.0025 (0.0179)  Loss_wid=0.0003 (0.0149)  IoU=21.88 (16.14)  Prec@50=12.50 (13.55)
2026-03-24 17:45:16 | INFO     | utils.misc:107 - Training: Epoch=[1/50] [6200/7902]  Batch=0.34 (0.43)  Data=0.00 (0.08)  Lr=0.000100  Loss=0.0794 (0.1220)  Loss_ins=0.0297 (0.0619)  Loss_qua=0.0009 (0.0138)  Loss_sin=0.0009 (0.0138)  Loss_cos=0.0018 (0.0183)  Loss_wid=0.0003 (0.0145)  IoU=40.02 (16.39)  Prec@50=37.50 (13.79)
2026-03-24 17:45:16 | INFO     | utils.misc:107 - Training: Epoch=[1/50] [6200/7902]  Batch=0.34 (0.43)  Data=0.01 (0.08)  Lr=0.000100  Loss=0.0794 (0.1220)  Loss_ins=0.1199 (0.0619)  Loss_qua=0.0019 (0.0130)  Loss_sin=0.0010 (0.0144)  Loss_cos=0.0012 (0.0177)  Loss_wid=0.0012 (0.0147)  IoU=40.02 (16.39)  Prec@50=37.50 (13.79)
2026-03-24 17:45:49 | INFO     | utils.misc:107 - Training: Epoch=[1/50] [6300/7902]  Batch=0.34 (0.43)  Data=0.00 (0.08)  Lr=0.000100  Loss=0.0313 (0.1207)  Loss_ins=0.0209 (0.0614)  Loss_qua=0.0009 (0.0136)  Loss_sin=0.0007 (0.0136)  Loss_cos=0.0021 (0.0181)  Loss_wid=0.0002 (0.0142)  IoU=30.84 (16.67)  Prec@50=37.50 (14.10)
2026-03-24 17:45:49 | INFO     | utils.misc:107 - Training: Epoch=[1/50] [6300/7902]  Batch=0.34 (0.43)  Data=0.00 (0.08)  Lr=0.000100  Loss=0.0313 (0.1207)  Loss_ins=0.0314 (0.0615)  Loss_qua=0.0015 (0.0128)  Loss_sin=0.0021 (0.0142)  Loss_cos=0.0015 (0.0175)  Loss_wid=0.0012 (0.0145)  IoU=30.84 (16.67)  Prec@50=37.50 (14.10)
2026-03-24 17:46:22 | INFO     | utils.misc:107 - Training: Epoch=[1/50] [6400/7902]  Batch=0.31 (0.43)  Data=0.00 (0.08)  Lr=0.000100  Loss=0.0527 (0.1195)  Loss_ins=0.0703 (0.0610)  Loss_qua=0.0017 (0.0134)  Loss_sin=0.0012 (0.0134)  Loss_cos=0.0039 (0.0178)  Loss_wid=0.0006 (0.0140)  IoU=24.69 (16.94)  Prec@50=25.00 (14.40)
2026-03-24 17:46:22 | INFO     | utils.misc:107 - Training: Epoch=[1/50] [6400/7902]  Batch=0.31 (0.43)  Data=0.00 (0.08)  Lr=0.000100  Loss=0.0527 (0.1195)  Loss_ins=0.0241 (0.0610)  Loss_qua=0.0007 (0.0127)  Loss_sin=0.0004 (0.0140)  Loss_cos=0.0021 (0.0172)  Loss_wid=0.0005 (0.0143)  IoU=24.69 (16.94)  Prec@50=25.00 (14.40)
2026-03-24 17:46:57 | INFO     | utils.misc:107 - Training: Epoch=[1/50] [6500/7902]  Batch=0.51 (0.43)  Data=0.00 (0.08)  Lr=0.000100  Loss=0.0318 (0.1182)  Loss_ins=0.0345 (0.0606)  Loss_qua=0.0009 (0.0132)  Loss_sin=0.0006 (0.0132)  Loss_cos=0.0022 (0.0176)  Loss_wid=0.0002 (0.0138)  IoU=32.02 (17.21)  Prec@50=25.00 (14.66)
2026-03-24 17:46:57 | INFO     | utils.misc:107 - Training: Epoch=[1/50] [6500/7902]  Batch=0.51 (0.43)  Data=0.18 (0.08)  Lr=0.000100  Loss=0.0318 (0.1182)  Loss_ins=0.0226 (0.0606)  Loss_qua=0.0006 (0.0125)  Loss_sin=0.0003 (0.0138)  Loss_cos=0.0016 (0.0170)  Loss_wid=0.0001 (0.0140)  IoU=32.02 (17.21)  Prec@50=25.00 (14.66)
2026-03-24 17:47:30 | INFO     | utils.misc:107 - Training: Epoch=[1/50] [6600/7902]  Batch=0.31 (0.43)  Data=0.00 (0.08)  Lr=0.000100  Loss=0.0291 (0.1171)  Loss_ins=0.0270 (0.0602)  Loss_qua=0.0007 (0.0131)  Loss_sin=0.0007 (0.0130)  Loss_cos=0.0029 (0.0174)  Loss_wid=0.0002 (0.0136)  IoU=28.92 (17.44)  Prec@50=25.00 (14.90)
2026-03-24 17:47:30 | INFO     | utils.misc:107 - Training: Epoch=[1/50] [6600/7902]  Batch=0.31 (0.43)  Data=0.00 (0.08)  Lr=0.000100  Loss=0.0291 (0.1171)  Loss_ins=0.0212 (0.0602)  Loss_qua=0.0009 (0.0123)  Loss_sin=0.0006 (0.0136)  Loss_cos=0.0036 (0.0168)  Loss_wid=0.0004 (0.0138)  IoU=28.92 (17.44)  Prec@50=25.00 (14.90)
2026-03-24 17:48:07 | INFO     | utils.misc:107 - Training: Epoch=[1/50] [6700/7902]  Batch=0.35 (0.43)  Data=0.00 (0.08)  Lr=0.000100  Loss=0.0319 (0.1159)  Loss_ins=0.0187 (0.0598)  Loss_qua=0.0008 (0.0129)  Loss_sin=0.0006 (0.0128)  Loss_cos=0.0027 (0.0172)  Loss_wid=0.0005 (0.0134)  IoU=34.78 (17.70)  Prec@50=37.50 (15.17)
2026-03-24 17:48:07 | INFO     | utils.misc:107 - Training: Epoch=[1/50] [6700/7902]  Batch=0.35 (0.43)  Data=0.00 (0.08)  Lr=0.000100  Loss=0.0319 (0.1159)  Loss_ins=0.0362 (0.0599)  Loss_qua=0.0011 (0.0121)  Loss_sin=0.0006 (0.0134)  Loss_cos=0.0022 (0.0166)  Loss_wid=0.0004 (0.0136)  IoU=34.78 (17.70)  Prec@50=37.50 (15.17)
2026-03-24 17:48:44 | INFO     | utils.misc:107 - Training: Epoch=[1/50] [6800/7902]  Batch=0.31 (0.43)  Data=0.00 (0.07)  Lr=0.000100  Loss=0.0390 (0.1148)  Loss_ins=0.0349 (0.0595)  Loss_qua=0.0007 (0.0127)  Loss_sin=0.0004 (0.0126)  Loss_cos=0.0030 (0.0170)  Loss_wid=0.0002 (0.0132)  IoU=25.22 (17.94)  Prec@50=12.50 (15.41)
2026-03-24 17:48:44 | INFO     | utils.misc:107 - Training: Epoch=[1/50] [6800/7902]  Batch=0.31 (0.43)  Data=0.00 (0.08)  Lr=0.000100  Loss=0.0390 (0.1148)  Loss_ins=0.0337 (0.0595)  Loss_qua=0.0009 (0.0120)  Loss_sin=0.0005 (0.0132)  Loss_cos=0.0036 (0.0164)  Loss_wid=0.0002 (0.0134)  IoU=25.22 (17.94)  Prec@50=12.50 (15.41)
2026-03-24 17:49:19 | INFO     | utils.misc:107 - Training: Epoch=[1/50] [6900/7902]  Batch=0.31 (0.43)  Data=0.00 (0.07)  Lr=0.000100  Loss=0.0451 (0.1137)  Loss_ins=0.0385 (0.0591)  Loss_qua=0.0014 (0.0125)  Loss_sin=0.0005 (0.0125)  Loss_cos=0.0051 (0.0168)  Loss_wid=0.0004 (0.0131)  IoU=30.59 (18.19)  Prec@50=25.00 (15.68)
2026-03-24 17:49:19 | INFO     | utils.misc:107 - Training: Epoch=[1/50] [6900/7902]  Batch=0.31 (0.43)  Data=0.00 (0.08)  Lr=0.000100  Loss=0.0451 (0.1137)  Loss_ins=0.0396 (0.0591)  Loss_qua=0.0017 (0.0118)  Loss_sin=0.0009 (0.0131)  Loss_cos=0.0015 (0.0162)  Loss_wid=0.0006 (0.0133)  IoU=30.59 (18.19)  Prec@50=25.00 (15.68)
2026-03-24 17:49:53 | INFO     | utils.misc:107 - Training: Epoch=[1/50] [7000/7902]  Batch=0.32 (0.42)  Data=0.00 (0.07)  Lr=0.000100  Loss=0.0258 (0.1126)  Loss_ins=0.0287 (0.0587)  Loss_qua=0.0008 (0.0124)  Loss_sin=0.0005 (0.0123)  Loss_cos=0.0022 (0.0166)  Loss_wid=0.0002 (0.0129)  IoU=25.40 (18.47)  Prec@50=25.00 (16.01)
2026-03-24 17:49:53 | INFO     | utils.misc:107 - Training: Epoch=[1/50] [7000/7902]  Batch=0.32 (0.42)  Data=0.00 (0.08)  Lr=0.000100  Loss=0.0258 (0.1126)  Loss_ins=0.0174 (0.0588)  Loss_qua=0.0005 (0.0117)  Loss_sin=0.0003 (0.0129)  Loss_cos=0.0010 (0.0160)  Loss_wid=0.0001 (0.0131)  IoU=25.40 (18.47)  Prec@50=25.00 (16.01)
2026-03-24 17:50:27 | INFO     | utils.misc:107 - Training: Epoch=[1/50] [7100/7902]  Batch=0.32 (0.42)  Data=0.00 (0.07)  Lr=0.000100  Loss=0.0474 (0.1116)  Loss_ins=0.0451 (0.0583)  Loss_qua=0.0016 (0.0122)  Loss_sin=0.0009 (0.0121)  Loss_cos=0.0024 (0.0164)  Loss_wid=0.0009 (0.0127)  IoU=15.39 (18.71)  Prec@50=12.50 (16.28)
2026-03-24 17:50:27 | INFO     | utils.misc:107 - Training: Epoch=[1/50] [7100/7902]  Batch=0.32 (0.42)  Data=0.00 (0.08)  Lr=0.000100  Loss=0.0474 (0.1116)  Loss_ins=0.0391 (0.0584)  Loss_qua=0.0012 (0.0115)  Loss_sin=0.0009 (0.0127)  Loss_cos=0.0024 (0.0158)  Loss_wid=0.0003 (0.0129)  IoU=15.39 (18.71)  Prec@50=12.50 (16.28)
2026-03-24 17:51:05 | INFO     | utils.misc:107 - Training: Epoch=[1/50] [7200/7902]  Batch=0.31 (0.42)  Data=0.00 (0.07)  Lr=0.000100  Loss=0.0307 (0.1106)  Loss_ins=0.0205 (0.0580)  Loss_qua=0.0005 (0.0121)  Loss_sin=0.0008 (0.0120)  Loss_cos=0.0016 (0.0162)  Loss_wid=0.0001 (0.0125)  IoU=21.78 (18.92)  Prec@50=25.00 (16.52)
2026-03-24 17:51:05 | INFO     | utils.misc:107 - Training: Epoch=[1/50] [7200/7902]  Batch=0.31 (0.42)  Data=0.00 (0.08)  Lr=0.000100  Loss=0.0307 (0.1106)  Loss_ins=0.0318 (0.0581)  Loss_qua=0.0013 (0.0114)  Loss_sin=0.0008 (0.0126)  Loss_cos=0.0032 (0.0157)  Loss_wid=0.0008 (0.0127)  IoU=21.78 (18.92)  Prec@50=25.00 (16.52)
2026-03-24 17:51:44 | INFO     | utils.misc:107 - Training: Epoch=[1/50] [7300/7902]  Batch=0.49 (0.42)  Data=0.18 (0.07)  Lr=0.000100  Loss=0.0447 (0.1096)  Loss_ins=0.0380 (0.0577)  Loss_qua=0.0018 (0.0119)  Loss_sin=0.0007 (0.0118)  Loss_cos=0.0030 (0.0160)  Loss_wid=0.0003 (0.0124)  IoU=13.76 (19.15)  Prec@50=0.00 (16.77)
2026-03-24 17:51:44 | INFO     | utils.misc:107 - Training: Epoch=[1/50] [7300/7902]  Batch=0.49 (0.42)  Data=0.00 (0.08)  Lr=0.000100  Loss=0.0447 (0.1096)  Loss_ins=0.0427 (0.0578)  Loss_qua=0.0013 (0.0112)  Loss_sin=0.0006 (0.0124)  Loss_cos=0.0009 (0.0155)  Loss_wid=0.0002 (0.0126)  IoU=13.76 (19.15)  Prec@50=0.00 (16.77)
2026-03-24 17:52:19 | INFO     | utils.misc:107 - Training: Epoch=[1/50] [7400/7902]  Batch=0.31 (0.42)  Data=0.00 (0.07)  Lr=0.000100  Loss=0.0370 (0.1087)  Loss_ins=0.0530 (0.0574)  Loss_qua=0.0007 (0.0118)  Loss_sin=0.0006 (0.0117)  Loss_cos=0.0009 (0.0158)  Loss_wid=0.0002 (0.0122)  IoU=22.03 (19.36)  Prec@50=25.00 (17.02)
2026-03-24 17:52:19 | INFO     | utils.misc:107 - Training: Epoch=[1/50] [7400/7902]  Batch=0.31 (0.42)  Data=0.00 (0.07)  Lr=0.000100  Loss=0.0370 (0.1087)  Loss_ins=0.0155 (0.0574)  Loss_qua=0.0005 (0.0111)  Loss_sin=0.0004 (0.0122)  Loss_cos=0.0019 (0.0153)  Loss_wid=0.0002 (0.0124)  IoU=22.03 (19.36)  Prec@50=25.00 (17.02)
2026-03-24 17:52:55 | INFO     | utils.misc:107 - Training: Epoch=[1/50] [7500/7902]  Batch=0.32 (0.42)  Data=0.00 (0.07)  Lr=0.000100  Loss=0.0371 (0.1078)  Loss_ins=0.0460 (0.0571)  Loss_qua=0.0011 (0.0116)  Loss_sin=0.0006 (0.0115)  Loss_cos=0.0029 (0.0157)  Loss_wid=0.0005 (0.0120)  IoU=21.47 (19.55)  Prec@50=12.50 (17.23)
2026-03-24 17:52:55 | INFO     | utils.misc:107 - Training: Epoch=[1/50] [7500/7902]  Batch=0.32 (0.42)  Data=0.00 (0.07)  Lr=0.000100  Loss=0.0371 (0.1078)  Loss_ins=0.0198 (0.0571)  Loss_qua=0.0007 (0.0110)  Loss_sin=0.0008 (0.0121)  Loss_cos=0.0015 (0.0152)  Loss_wid=0.0004 (0.0122)  IoU=21.47 (19.55)  Prec@50=12.50 (17.23)
2026-03-24 17:53:30 | INFO     | utils.misc:107 - Training: Epoch=[1/50] [7600/7902]  Batch=0.31 (0.42)  Data=0.00 (0.07)  Lr=0.000100  Loss=0.0266 (0.1068)  Loss_ins=0.0224 (0.0568)  Loss_qua=0.0008 (0.0108)  Loss_sin=0.0006 (0.0119)  Loss_cos=0.0024 (0.0150)  Loss_wid=0.0004 (0.0121)  IoU=39.21 (19.78)  Prec@50=50.00 (17.49)
2026-03-24 17:53:30 | INFO     | utils.misc:107 - Training: Epoch=[1/50] [7600/7902]  Batch=0.31 (0.42)  Data=0.00 (0.07)  Lr=0.000100  Loss=0.0266 (0.1068)  Loss_ins=0.0228 (0.0567)  Loss_qua=0.0011 (0.0115)  Loss_sin=0.0008 (0.0114)  Loss_cos=0.0013 (0.0155)  Loss_wid=0.0006 (0.0119)  IoU=39.21 (19.78)  Prec@50=50.00 (17.49)
2026-03-24 17:54:04 | INFO     | utils.misc:107 - Training: Epoch=[1/50] [7700/7902]  Batch=0.32 (0.42)  Data=0.00 (0.07)  Lr=0.000100  Loss=0.0484 (0.1059)  Loss_ins=0.0530 (0.0564)  Loss_qua=0.0012 (0.0114)  Loss_sin=0.0008 (0.0113)  Loss_cos=0.0024 (0.0153)  Loss_wid=0.0003 (0.0117)  IoU=9.43 (20.00)  Prec@50=12.50 (17.73)
2026-03-24 17:54:04 | INFO     | utils.misc:107 - Training: Epoch=[1/50] [7700/7902]  Batch=0.32 (0.42)  Data=0.00 (0.07)  Lr=0.000100  Loss=0.0484 (0.1059)  Loss_ins=0.0338 (0.0565)  Loss_qua=0.0009 (0.0107)  Loss_sin=0.0006 (0.0118)  Loss_cos=0.0033 (0.0148)  Loss_wid=0.0005 (0.0119)  IoU=9.43 (20.00)  Prec@50=12.50 (17.73)
2026-03-24 17:54:39 | INFO     | utils.misc:107 - Training: Epoch=[1/50] [7800/7902]  Batch=0.32 (0.42)  Data=0.00 (0.07)  Lr=0.000100  Loss=0.0285 (0.1050)  Loss_ins=0.0304 (0.0561)  Loss_qua=0.0010 (0.0112)  Loss_sin=0.0005 (0.0111)  Loss_cos=0.0037 (0.0152)  Loss_wid=0.0005 (0.0116)  IoU=52.14 (20.22)  Prec@50=62.50 (18.00)
2026-03-24 17:54:39 | INFO     | utils.misc:107 - Training: Epoch=[1/50] [7800/7902]  Batch=0.32 (0.42)  Data=0.00 (0.07)  Lr=0.000100  Loss=0.0285 (0.1050)  Loss_ins=0.0175 (0.0562)  Loss_qua=0.0009 (0.0106)  Loss_sin=0.0013 (0.0117)  Loss_cos=0.0009 (0.0147)  Loss_wid=0.0004 (0.0118)  IoU=52.14 (20.22)  Prec@50=62.50 (18.00)
2026-03-24 17:55:12 | INFO     | utils.misc:107 - Training: Epoch=[1/50] [7900/7902]  Batch=0.31 (0.42)  Data=0.00 (0.07)  Lr=0.000100  Loss=0.0317 (0.1042)  Loss_ins=0.0195 (0.0558)  Loss_qua=0.0009 (0.0111)  Loss_sin=0.0004 (0.0110)  Loss_cos=0.0020 (0.0150)  Loss_wid=0.0003 (0.0115)  IoU=33.57 (20.43)  Prec@50=25.00 (18.26)
2026-03-24 17:55:12 | INFO     | utils.misc:107 - Training: Epoch=[1/50] [7900/7902]  Batch=0.31 (0.42)  Data=0.00 (0.07)  Lr=0.000100  Loss=0.0317 (0.1042)  Loss_ins=0.0361 (0.0558)  Loss_qua=0.0012 (0.0105)  Loss_sin=0.0009 (0.0115)  Loss_cos=0.0019 (0.0145)  Loss_wid=0.0003 (0.0116)  IoU=33.57 (20.43)  Prec@50=25.00 (18.26)
/home/tstanley/miniconda3/envs/vmamba_copy/lib/python3.10/site-packages/requests/__init__.py:113: RequestsDependencyWarning: urllib3 (1.26.20) or chardet (7.0.1)/charset_normalizer (3.1.0) doesn't match a supported version!
  warnings.warn(
/home/tstanley/miniconda3/envs/vmamba_copy/lib/python3.10/site-packages/requests/__init__.py:113: RequestsDependencyWarning: urllib3 (1.26.20) or chardet (7.0.1)/charset_normalizer (3.1.0) doesn't match a supported version!
  warnings.warn(
2026-03-24 18:03:41 | INFO     | engine.crog_engine:388 - Evaluation: Epoch=[1/50]  IoU=39.27  J_index@1: 24.98  J_index@5: 36.01  Pr@50: 37.40  Pr@60: 30.84  Pr@70: 23.49  Pr@80: 14.03  Pr@90: 0.77  
2026-03-24 18:03:41 | INFO     | engine.crog_engine:388 - Evaluation: Epoch=[1/50]  IoU=39.27  J_index@1: 25.42  J_index@5: 36.06  Pr@50: 37.40  Pr@60: 30.84  Pr@70: 23.49  Pr@80: 14.03  Pr@90: 0.77  
/home/tstanley/miniconda3/envs/vmamba_copy/lib/python3.10/site-packages/requests/__init__.py:113: RequestsDependencyWarning: urllib3 (1.26.20) or chardet (7.0.1)/charset_normalizer (3.1.0) doesn't match a supported version!
  warnings.warn(
/home/tstanley/miniconda3/envs/vmamba_copy/lib/python3.10/site-packages/requests/__init__.py:113: RequestsDependencyWarning: urllib3 (1.26.20) or chardet (7.0.1)/charset_normalizer (3.1.0) doesn't match a supported version!
  warnings.warn(
2026-03-24 18:07:17 | INFO     | utils.misc:107 - Training: Epoch=[2/50] [ 100/7902]  Batch=0.32 (2.14)  Data=0.00 (1.50)  Lr=0.000100  Loss=0.0396 (0.0417)  Loss_ins=0.0354 (0.0355)  Loss_qua=0.0011 (0.0011)  Loss_sin=0.0006 (0.0009)  Loss_cos=0.0047 (0.0033)  Loss_wid=0.0004 (0.0006)  IoU=48.37 (35.80)  Prec@50=50.00 (35.62)
2026-03-24 18:07:17 | INFO     | utils.misc:107 - Training: Epoch=[2/50] [ 100/7902]  Batch=0.32 (1.78)  Data=0.00 (1.47)  Lr=0.000100  Loss=0.0396 (0.0417)  Loss_ins=0.0309 (0.0360)  Loss_qua=0.0013 (0.0012)  Loss_sin=0.0019 (0.0010)  Loss_cos=0.0024 (0.0033)  Loss_wid=0.0004 (0.0006)  IoU=48.37 (35.80)  Prec@50=50.00 (35.62)
2026-03-24 18:08:00 | INFO     | utils.misc:107 - Training: Epoch=[2/50] [ 200/7902]  Batch=0.35 (1.29)  Data=0.00 (0.78)  Lr=0.000100  Loss=0.0255 (0.0397)  Loss_ins=0.0157 (0.0330)  Loss_qua=0.0007 (0.0011)  Loss_sin=0.0002 (0.0009)  Loss_cos=0.0026 (0.0033)  Loss_wid=0.0002 (0.0005)  IoU=42.07 (37.27)  Prec@50=50.00 (38.50)
2026-03-24 18:08:00 | INFO     | utils.misc:107 - Training: Epoch=[2/50] [ 200/7902]  Batch=0.35 (1.11)  Data=0.00 (0.77)  Lr=0.000100  Loss=0.0255 (0.0397)  Loss_ins=0.0252 (0.0347)  Loss_qua=0.0012 (0.0012)  Loss_sin=0.0015 (0.0010)  Loss_cos=0.0031 (0.0033)  Loss_wid=0.0006 (0.0006)  IoU=42.07 (37.27)  Prec@50=50.00 (38.50)
2026-03-24 18:08:41 | INFO     | utils.misc:107 - Training: Epoch=[2/50] [ 300/7902]  Batch=0.31 (0.99)  Data=0.00 (0.53)  Lr=0.000100  Loss=0.0397 (0.0383)  Loss_ins=0.0451 (0.0324)  Loss_qua=0.0008 (0.0011)  Loss_sin=0.0005 (0.0009)  Loss_cos=0.0031 (0.0032)  Loss_wid=0.0003 (0.0005)  IoU=48.55 (37.57)  Prec@50=50.00 (38.50)
2026-03-24 18:08:41 | INFO     | utils.misc:107 - Training: Epoch=[2/50] [ 300/7902]  Batch=0.31 (0.87)  Data=0.00 (0.53)  Lr=0.000100  Loss=0.0397 (0.0383)  Loss_ins=0.0257 (0.0331)  Loss_qua=0.0008 (0.0011)  Loss_sin=0.0004 (0.0009)  Loss_cos=0.0025 (0.0031)  Loss_wid=0.0002 (0.0005)  IoU=48.55 (37.57)  Prec@50=50.00 (38.50)
2026-03-24 18:09:16 | INFO     | utils.misc:107 - Training: Epoch=[2/50] [ 400/7902]  Batch=0.36 (0.83)  Data=0.00 (0.40)  Lr=0.000100  Loss=0.0252 (0.0373)  Loss_ins=0.0247 (0.0315)  Loss_qua=0.0012 (0.0011)  Loss_sin=0.0003 (0.0008)  Loss_cos=0.0040 (0.0030)  Loss_wid=0.0006 (0.0005)  IoU=35.57 (37.75)  Prec@50=37.50 (38.72)
2026-03-24 18:09:16 | INFO     | utils.misc:107 - Training: Epoch=[2/50] [ 400/7902]  Batch=0.36 (0.74)  Data=0.00 (0.40)  Lr=0.000100  Loss=0.0252 (0.0373)  Loss_ins=0.0154 (0.0322)  Loss_qua=0.0006 (0.0011)  Loss_sin=0.0007 (0.0009)  Loss_cos=0.0027 (0.0029)  Loss_wid=0.0002 (0.0005)  IoU=35.57 (37.75)  Prec@50=37.50 (38.72)
2026-03-24 18:09:50 | INFO     | utils.misc:107 - Training: Epoch=[2/50] [ 500/7902]  Batch=0.64 (0.73)  Data=0.00 (0.32)  Lr=0.000100  Loss=0.0289 (0.0369)  Loss_ins=0.0142 (0.0313)  Loss_qua=0.0005 (0.0011)  Loss_sin=0.0003 (0.0008)  Loss_cos=0.0022 (0.0030)  Loss_wid=0.0001 (0.0005)  IoU=41.41 (38.02)  Prec@50=37.50 (38.90)
2026-03-24 18:09:50 | INFO     | utils.misc:107 - Training: Epoch=[2/50] [ 500/7902]  Batch=0.64 (0.66)  Data=0.45 (0.33)  Lr=0.000100  Loss=0.0289 (0.0369)  Loss_ins=0.0354 (0.0318)  Loss_qua=0.0009 (0.0011)  Loss_sin=0.0009 (0.0008)  Loss_cos=0.0029 (0.0029)  Loss_wid=0.0003 (0.0005)  IoU=41.41 (38.02)  Prec@50=37.50 (38.90)
2026-03-24 18:10:26 | INFO     | utils.misc:107 - Training: Epoch=[2/50] [ 600/7902]  Batch=0.31 (0.67)  Data=0.00 (0.27)  Lr=0.000100  Loss=0.0264 (0.0366)  Loss_ins=0.0287 (0.0312)  Loss_qua=0.0011 (0.0011)  Loss_sin=0.0008 (0.0008)  Loss_cos=0.0036 (0.0029)  Loss_wid=0.0004 (0.0005)  IoU=58.40 (38.48)  Prec@50=62.50 (39.23)
2026-03-24 18:10:26 | INFO     | utils.misc:107 - Training: Epoch=[2/50] [ 600/7902]  Batch=0.31 (0.61)  Data=0.00 (0.28)  Lr=0.000100  Loss=0.0264 (0.0366)  Loss_ins=0.0157 (0.0315)  Loss_qua=0.0005 (0.0011)  Loss_sin=0.0008 (0.0008)  Loss_cos=0.0011 (0.0029)  Loss_wid=0.0002 (0.0005)  IoU=58.40 (38.48)  Prec@50=62.50 (39.23)
2026-03-24 18:10:59 | INFO     | utils.misc:107 - Training: Epoch=[2/50] [ 700/7902]  Batch=0.32 (0.62)  Data=0.00 (0.24)  Lr=0.000100  Loss=0.0319 (0.0365)  Loss_ins=0.0251 (0.0314)  Loss_qua=0.0007 (0.0011)  Loss_sin=0.0008 (0.0008)  Loss_cos=0.0017 (0.0029)  Loss_wid=0.0001 (0.0005)  IoU=32.77 (38.88)  Prec@50=50.00 (39.93)
2026-03-24 18:10:59 | INFO     | utils.misc:107 - Training: Epoch=[2/50] [ 700/7902]  Batch=0.32 (0.57)  Data=0.00 (0.24)  Lr=0.000100  Loss=0.0319 (0.0365)  Loss_ins=0.0296 (0.0312)  Loss_qua=0.0009 (0.0011)  Loss_sin=0.0012 (0.0008)  Loss_cos=0.0033 (0.0029)  Loss_wid=0.0004 (0.0005)  IoU=32.77 (38.88)  Prec@50=50.00 (39.93)
2026-03-24 18:11:34 | INFO     | utils.misc:107 - Training: Epoch=[2/50] [ 800/7902]  Batch=0.32 (0.59)  Data=0.00 (0.21)  Lr=0.000100  Loss=0.0308 (0.0362)  Loss_ins=0.0191 (0.0312)  Loss_qua=0.0008 (0.0010)  Loss_sin=0.0009 (0.0008)  Loss_cos=0.0012 (0.0029)  Loss_wid=0.0001 (0.0004)  IoU=42.50 (38.89)  Prec@50=37.50 (39.84)
2026-03-24 18:11:34 | INFO     | utils.misc:107 - Training: Epoch=[2/50] [ 800/7902]  Batch=0.32 (0.54)  Data=0.00 (0.21)  Lr=0.000100  Loss=0.0308 (0.0362)  Loss_ins=0.0356 (0.0308)  Loss_qua=0.0009 (0.0011)  Loss_sin=0.0008 (0.0008)  Loss_cos=0.0019 (0.0029)  Loss_wid=0.0002 (0.0004)  IoU=42.50 (38.89)  Prec@50=37.50 (39.84)
2026-03-24 18:12:06 | INFO     | utils.misc:107 - Training: Epoch=[2/50] [ 900/7902]  Batch=0.35 (0.56)  Data=0.00 (0.19)  Lr=0.000100  Loss=0.0310 (0.0360)  Loss_ins=0.0236 (0.0310)  Loss_qua=0.0011 (0.0010)  Loss_sin=0.0008 (0.0008)  Loss_cos=0.0042 (0.0028)  Loss_wid=0.0003 (0.0004)  IoU=54.76 (39.13)  Prec@50=62.50 (40.03)
2026-03-24 18:12:06 | INFO     | utils.misc:107 - Training: Epoch=[2/50] [ 900/7902]  Batch=0.35 (0.52)  Data=0.00 (0.19)  Lr=0.000100  Loss=0.0310 (0.0360)  Loss_ins=0.0273 (0.0306)  Loss_qua=0.0014 (0.0011)  Loss_sin=0.0005 (0.0008)  Loss_cos=0.0020 (0.0029)  Loss_wid=0.0008 (0.0004)  IoU=54.76 (39.13)  Prec@50=62.50 (40.03)
2026-03-24 18:12:39 | INFO     | utils.misc:107 - Training: Epoch=[2/50] [1000/7902]  Batch=0.23 (0.54)  Data=0.00 (0.17)  Lr=0.000100  Loss=0.0399 (0.0358)  Loss_ins=0.0256 (0.0309)  Loss_qua=0.0009 (0.0010)  Loss_sin=0.0006 (0.0008)  Loss_cos=0.0015 (0.0028)  Loss_wid=0.0003 (0.0004)  IoU=38.56 (39.38)  Prec@50=50.00 (40.25)
2026-03-24 18:12:39 | INFO     | utils.misc:107 - Training: Epoch=[2/50] [1000/7902]  Batch=0.23 (0.50)  Data=0.00 (0.17)  Lr=0.000100  Loss=0.0399 (0.0358)  Loss_ins=0.0427 (0.0305)  Loss_qua=0.0020 (0.0010)  Loss_sin=0.0015 (0.0008)  Loss_cos=0.0033 (0.0029)  Loss_wid=0.0014 (0.0004)  IoU=38.56 (39.38)  Prec@50=50.00 (40.25)
2026-03-24 18:13:11 | INFO     | utils.misc:107 - Training: Epoch=[2/50] [1100/7902]  Batch=0.25 (0.52)  Data=0.00 (0.16)  Lr=0.000100  Loss=0.0252 (0.0358)  Loss_ins=0.0257 (0.0311)  Loss_qua=0.0021 (0.0010)  Loss_sin=0.0004 (0.0008)  Loss_cos=0.0015 (0.0029)  Loss_wid=0.0015 (0.0004)  IoU=63.36 (39.62)  Prec@50=75.00 (40.74)
2026-03-24 18:13:11 | INFO     | utils.misc:107 - Training: Epoch=[2/50] [1100/7902]  Batch=0.25 (0.48)  Data=0.00 (0.16)  Lr=0.000100  Loss=0.0252 (0.0358)  Loss_ins=0.0153 (0.0304)  Loss_qua=0.0007 (0.0010)  Loss_sin=0.0010 (0.0008)  Loss_cos=0.0021 (0.0028)  Loss_wid=0.0002 (0.0004)  IoU=63.36 (39.62)  Prec@50=75.00 (40.74)
2026-03-24 18:13:46 | INFO     | utils.misc:107 - Training: Epoch=[2/50] [1200/7902]  Batch=0.35 (0.50)  Data=0.00 (0.14)  Lr=0.000100  Loss=0.0326 (0.0356)  Loss_ins=0.0215 (0.0309)  Loss_qua=0.0007 (0.0010)  Loss_sin=0.0003 (0.0008)  Loss_cos=0.0034 (0.0028)  Loss_wid=0.0001 (0.0004)  IoU=24.67 (39.62)  Prec@50=25.00 (40.61)
2026-03-24 18:13:46 | INFO     | utils.misc:107 - Training: Epoch=[2/50] [1200/7902]  Batch=0.35 (0.47)  Data=0.00 (0.15)  Lr=0.000100  Loss=0.0326 (0.0356)  Loss_ins=0.0347 (0.0302)  Loss_qua=0.0009 (0.0010)  Loss_sin=0.0004 (0.0008)  Loss_cos=0.0026 (0.0028)  Loss_wid=0.0004 (0.0004)  IoU=24.67 (39.62)  Prec@50=25.00 (40.61)
2026-03-24 18:14:20 | INFO     | utils.misc:107 - Training: Epoch=[2/50] [1300/7902]  Batch=0.37 (0.49)  Data=0.00 (0.13)  Lr=0.000100  Loss=0.0236 (0.0355)  Loss_ins=0.0240 (0.0307)  Loss_qua=0.0008 (0.0010)  Loss_sin=0.0005 (0.0008)  Loss_cos=0.0029 (0.0029)  Loss_wid=0.0002 (0.0005)  IoU=39.77 (39.86)  Prec@50=50.00 (40.76)
2026-03-24 18:14:20 | INFO     | utils.misc:107 - Training: Epoch=[2/50] [1300/7902]  Batch=0.37 (0.46)  Data=0.06 (0.13)  Lr=0.000100  Loss=0.0236 (0.0355)  Loss_ins=0.0145 (0.0300)  Loss_qua=0.0007 (0.0010)  Loss_sin=0.0016 (0.0008)  Loss_cos=0.0020 (0.0028)  Loss_wid=0.0002 (0.0004)  IoU=39.77 (39.86)  Prec@50=50.00 (40.76)
2026-03-24 18:14:54 | INFO     | utils.misc:107 - Training: Epoch=[2/50] [1400/7902]  Batch=0.32 (0.48)  Data=0.00 (0.12)  Lr=0.000100  Loss=0.0242 (0.0355)  Loss_ins=0.0209 (0.0306)  Loss_qua=0.0010 (0.0011)  Loss_sin=0.0004 (0.0008)  Loss_cos=0.0031 (0.0029)  Loss_wid=0.0005 (0.0005)  IoU=63.99 (39.93)  Prec@50=75.00 (40.86)
2026-03-24 18:14:54 | INFO     | utils.misc:107 - Training: Epoch=[2/50] [1400/7902]  Batch=0.32 (0.45)  Data=0.00 (0.13)  Lr=0.000100  Loss=0.0242 (0.0355)  Loss_ins=0.0162 (0.0301)  Loss_qua=0.0012 (0.0010)  Loss_sin=0.0012 (0.0008)  Loss_cos=0.0033 (0.0028)  Loss_wid=0.0007 (0.0004)  IoU=63.99 (39.93)  Prec@50=75.00 (40.86)
2026-03-24 18:15:27 | INFO     | utils.misc:107 - Training: Epoch=[2/50] [1500/7902]  Batch=0.37 (0.47)  Data=0.00 (0.12)  Lr=0.000100  Loss=0.0503 (0.0354)  Loss_ins=0.0450 (0.0304)  Loss_qua=0.0014 (0.0010)  Loss_sin=0.0017 (0.0008)  Loss_cos=0.0011 (0.0029)  Loss_wid=0.0010 (0.0004)  IoU=52.76 (40.00)  Prec@50=50.00 (40.83)
2026-03-24 18:15:27 | INFO     | utils.misc:107 - Training: Epoch=[2/50] [1500/7902]  Batch=0.37 (0.45)  Data=0.05 (0.12)  Lr=0.000100  Loss=0.0503 (0.0354)  Loss_ins=0.0437 (0.0301)  Loss_qua=0.0010 (0.0010)  Loss_sin=0.0015 (0.0008)  Loss_cos=0.0035 (0.0028)  Loss_wid=0.0007 (0.0004)  IoU=52.76 (40.00)  Prec@50=50.00 (40.83)
2026-03-24 18:16:00 | INFO     | utils.misc:107 - Training: Epoch=[2/50] [1600/7902]  Batch=0.32 (0.46)  Data=0.00 (0.11)  Lr=0.000100  Loss=0.0331 (0.0355)  Loss_ins=0.0345 (0.0304)  Loss_qua=0.0011 (0.0010)  Loss_sin=0.0011 (0.0008)  Loss_cos=0.0032 (0.0029)  Loss_wid=0.0003 (0.0004)  IoU=39.12 (39.87)  Prec@50=37.50 (40.55)
2026-03-24 18:16:00 | INFO     | utils.misc:107 - Training: Epoch=[2/50] [1600/7902]  Batch=0.32 (0.44)  Data=0.00 (0.11)  Lr=0.000100  Loss=0.0331 (0.0355)  Loss_ins=0.0197 (0.0303)  Loss_qua=0.0013 (0.0010)  Loss_sin=0.0006 (0.0008)  Loss_cos=0.0038 (0.0028)  Loss_wid=0.0006 (0.0004)  IoU=39.12 (39.87)  Prec@50=37.50 (40.55)
2026-03-24 18:16:32 | INFO     | utils.misc:107 - Training: Epoch=[2/50] [1700/7902]  Batch=0.31 (0.45)  Data=0.00 (0.10)  Lr=0.000100  Loss=0.0395 (0.0355)  Loss_ins=0.0189 (0.0304)  Loss_qua=0.0017 (0.0011)  Loss_sin=0.0007 (0.0008)  Loss_cos=0.0033 (0.0029)  Loss_wid=0.0009 (0.0004)  IoU=39.41 (39.98)  Prec@50=50.00 (40.68)
2026-03-24 18:16:32 | INFO     | utils.misc:107 - Training: Epoch=[2/50] [1700/7902]  Batch=0.31 (0.43)  Data=0.00 (0.10)  Lr=0.000100  Loss=0.0395 (0.0355)  Loss_ins=0.0481 (0.0304)  Loss_qua=0.0012 (0.0011)  Loss_sin=0.0008 (0.0008)  Loss_cos=0.0031 (0.0029)  Loss_wid=0.0003 (0.0004)  IoU=39.41 (39.98)  Prec@50=50.00 (40.68)
2026-03-24 18:17:05 | INFO     | utils.misc:107 - Training: Epoch=[2/50] [1800/7902]  Batch=0.32 (0.45)  Data=0.00 (0.10)  Lr=0.000100  Loss=0.0558 (0.0355)  Loss_ins=0.0188 (0.0302)  Loss_qua=0.0008 (0.0011)  Loss_sin=0.0006 (0.0008)  Loss_cos=0.0018 (0.0029)  Loss_wid=0.0003 (0.0004)  IoU=33.14 (39.95)  Prec@50=37.50 (40.66)
2026-03-24 18:17:05 | INFO     | utils.misc:107 - Training: Epoch=[2/50] [1800/7902]  Batch=0.32 (0.43)  Data=0.00 (0.10)  Lr=0.000100  Loss=0.0558 (0.0355)  Loss_ins=0.0773 (0.0304)  Loss_qua=0.0024 (0.0011)  Loss_sin=0.0015 (0.0008)  Loss_cos=0.0068 (0.0028)  Loss_wid=0.0015 (0.0004)  IoU=33.14 (39.95)  Prec@50=37.50 (40.66)
2026-03-24 18:17:37 | INFO     | utils.misc:107 - Training: Epoch=[2/50] [1900/7902]  Batch=0.32 (0.44)  Data=0.00 (0.09)  Lr=0.000100  Loss=0.0397 (0.0354)  Loss_ins=0.0256 (0.0302)  Loss_qua=0.0007 (0.0011)  Loss_sin=0.0005 (0.0008)  Loss_cos=0.0015 (0.0029)  Loss_wid=0.0001 (0.0004)  IoU=40.73 (40.11)  Prec@50=25.00 (40.91)
2026-03-24 18:17:37 | INFO     | utils.misc:107 - Training: Epoch=[2/50] [1900/7902]  Batch=0.32 (0.42)  Data=0.00 (0.09)  Lr=0.000100  Loss=0.0397 (0.0354)  Loss_ins=0.0440 (0.0302)  Loss_qua=0.0016 (0.0011)  Loss_sin=0.0012 (0.0008)  Loss_cos=0.0035 (0.0028)  Loss_wid=0.0007 (0.0004)  IoU=40.73 (40.11)  Prec@50=25.00 (40.91)
2026-03-24 18:18:08 | INFO     | utils.misc:107 - Training: Epoch=[2/50] [2000/7902]  Batch=0.35 (0.43)  Data=0.00 (0.09)  Lr=0.000100  Loss=0.0327 (0.0353)  Loss_ins=0.0406 (0.0302)  Loss_qua=0.0012 (0.0011)  Loss_sin=0.0008 (0.0008)  Loss_cos=0.0017 (0.0029)  Loss_wid=0.0005 (0.0004)  IoU=36.46 (40.14)  Prec@50=37.50 (40.96)
2026-03-24 18:18:08 | INFO     | utils.misc:107 - Training: Epoch=[2/50] [2000/7902]  Batch=0.35 (0.41)  Data=0.00 (0.09)  Lr=0.000100  Loss=0.0327 (0.0353)  Loss_ins=0.0181 (0.0301)  Loss_qua=0.0007 (0.0010)  Loss_sin=0.0002 (0.0008)  Loss_cos=0.0014 (0.0028)  Loss_wid=0.0002 (0.0004)  IoU=36.46 (40.14)  Prec@50=37.50 (40.96)
2026-03-24 18:18:43 | INFO     | utils.misc:107 - Training: Epoch=[2/50] [2100/7902]  Batch=0.32 (0.43)  Data=0.00 (0.09)  Lr=0.000100  Loss=0.0336 (0.0353)  Loss_ins=0.0271 (0.0302)  Loss_qua=0.0012 (0.0011)  Loss_sin=0.0008 (0.0008)  Loss_cos=0.0046 (0.0029)  Loss_wid=0.0004 (0.0004)  IoU=48.23 (40.10)  Prec@50=62.50 (40.88)
2026-03-24 18:18:43 | INFO     | utils.misc:107 - Training: Epoch=[2/50] [2100/7902]  Batch=0.32 (0.41)  Data=0.00 (0.09)  Lr=0.000100  Loss=0.0336 (0.0353)  Loss_ins=0.0252 (0.0301)  Loss_qua=0.0011 (0.0011)  Loss_sin=0.0011 (0.0008)  Loss_cos=0.0052 (0.0028)  Loss_wid=0.0003 (0.0004)  IoU=48.23 (40.10)  Prec@50=62.50 (40.88)
2026-03-24 18:19:18 | INFO     | utils.misc:107 - Training: Epoch=[2/50] [2200/7902]  Batch=0.32 (0.42)  Data=0.00 (0.08)  Lr=0.000100  Loss=0.0297 (0.0353)  Loss_ins=0.0237 (0.0302)  Loss_qua=0.0015 (0.0011)  Loss_sin=0.0013 (0.0008)  Loss_cos=0.0068 (0.0029)  Loss_wid=0.0006 (0.0004)  IoU=48.72 (40.31)  Prec@50=50.00 (41.14)
2026-03-24 18:19:18 | INFO     | utils.misc:107 - Training: Epoch=[2/50] [2200/7902]  Batch=0.32 (0.41)  Data=0.00 (0.08)  Lr=0.000100  Loss=0.0297 (0.0353)  Loss_ins=0.0218 (0.0300)  Loss_qua=0.0006 (0.0010)  Loss_sin=0.0006 (0.0008)  Loss_cos=0.0023 (0.0028)  Loss_wid=0.0001 (0.0004)  IoU=48.72 (40.31)  Prec@50=50.00 (41.14)
2026-03-24 18:19:50 | INFO     | utils.misc:107 - Training: Epoch=[2/50] [2300/7902]  Batch=0.32 (0.42)  Data=0.00 (0.08)  Lr=0.000100  Loss=0.0308 (0.0352)  Loss_ins=0.0273 (0.0301)  Loss_qua=0.0012 (0.0011)  Loss_sin=0.0015 (0.0008)  Loss_cos=0.0036 (0.0029)  Loss_wid=0.0005 (0.0004)  IoU=53.30 (40.52)  Prec@50=50.00 (41.44)
2026-03-24 18:19:50 | INFO     | utils.misc:107 - Training: Epoch=[2/50] [2300/7902]  Batch=0.32 (0.40)  Data=0.00 (0.08)  Lr=0.000100  Loss=0.0308 (0.0352)  Loss_ins=0.0207 (0.0300)  Loss_qua=0.0013 (0.0010)  Loss_sin=0.0013 (0.0008)  Loss_cos=0.0034 (0.0028)  Loss_wid=0.0009 (0.0004)  IoU=53.30 (40.52)  Prec@50=50.00 (41.44)
2026-03-24 18:20:23 | INFO     | utils.misc:107 - Training: Epoch=[2/50] [2400/7902]  Batch=0.31 (0.42)  Data=0.00 (0.08)  Lr=0.000100  Loss=0.0213 (0.0350)  Loss_ins=0.0136 (0.0300)  Loss_qua=0.0008 (0.0010)  Loss_sin=0.0006 (0.0008)  Loss_cos=0.0038 (0.0029)  Loss_wid=0.0003 (0.0004)  IoU=56.65 (40.67)  Prec@50=62.50 (41.64)
2026-03-24 18:20:23 | INFO     | utils.misc:107 - Training: Epoch=[2/50] [2400/7902]  Batch=0.31 (0.40)  Data=0.00 (0.08)  Lr=0.000100  Loss=0.0213 (0.0350)  Loss_ins=0.0201 (0.0299)  Loss_qua=0.0008 (0.0010)  Loss_sin=0.0007 (0.0008)  Loss_cos=0.0019 (0.0028)  Loss_wid=0.0002 (0.0004)  IoU=56.65 (40.67)  Prec@50=62.50 (41.64)
2026-03-24 18:20:56 | INFO     | utils.misc:107 - Training: Epoch=[2/50] [2500/7902]  Batch=0.32 (0.41)  Data=0.00 (0.07)  Lr=0.000100  Loss=0.0269 (0.0349)  Loss_ins=0.0269 (0.0298)  Loss_qua=0.0014 (0.0010)  Loss_sin=0.0011 (0.0008)  Loss_cos=0.0037 (0.0029)  Loss_wid=0.0007 (0.0004)  IoU=44.20 (40.88)  Prec@50=37.50 (41.92)
2026-03-24 18:20:56 | INFO     | utils.misc:107 - Training: Epoch=[2/50] [2500/7902]  Batch=0.32 (0.40)  Data=0.00 (0.07)  Lr=0.000100  Loss=0.0269 (0.0349)  Loss_ins=0.0174 (0.0297)  Loss_qua=0.0008 (0.0010)  Loss_sin=0.0004 (0.0008)  Loss_cos=0.0011 (0.0028)  Loss_wid=0.0002 (0.0004)  IoU=44.20 (40.88)  Prec@50=37.50 (41.92)
2026-03-24 18:21:28 | INFO     | utils.misc:107 - Training: Epoch=[2/50] [2600/7902]  Batch=0.35 (0.41)  Data=0.00 (0.07)  Lr=0.000100  Loss=0.0284 (0.0348)  Loss_ins=0.0304 (0.0297)  Loss_qua=0.0013 (0.0010)  Loss_sin=0.0008 (0.0008)  Loss_cos=0.0028 (0.0029)  Loss_wid=0.0003 (0.0004)  IoU=42.85 (40.94)  Prec@50=50.00 (42.02)
2026-03-24 18:21:28 | INFO     | utils.misc:107 - Training: Epoch=[2/50] [2600/7902]  Batch=0.35 (0.40)  Data=0.00 (0.07)  Lr=0.000100  Loss=0.0284 (0.0348)  Loss_ins=0.0166 (0.0297)  Loss_qua=0.0008 (0.0010)  Loss_sin=0.0006 (0.0008)  Loss_cos=0.0029 (0.0028)  Loss_wid=0.0002 (0.0004)  IoU=42.85 (40.94)  Prec@50=50.00 (42.02)
2026-03-24 18:22:02 | INFO     | utils.misc:107 - Training: Epoch=[2/50] [2700/7902]  Batch=0.31 (0.39)  Data=0.00 (0.07)  Lr=0.000100  Loss=0.0317 (0.0347)  Loss_ins=0.0345 (0.0296)  Loss_qua=0.0012 (0.0010)  Loss_sin=0.0014 (0.0008)  Loss_cos=0.0035 (0.0028)  Loss_wid=0.0005 (0.0004)  IoU=46.25 (41.05)  Prec@50=50.00 (42.14)
2026-03-24 18:22:02 | INFO     | utils.misc:107 - Training: Epoch=[2/50] [2700/7902]  Batch=0.31 (0.41)  Data=0.00 (0.07)  Lr=0.000100  Loss=0.0317 (0.0347)  Loss_ins=0.0177 (0.0296)  Loss_qua=0.0008 (0.0010)  Loss_sin=0.0005 (0.0008)  Loss_cos=0.0032 (0.0028)  Loss_wid=0.0002 (0.0004)  IoU=46.25 (41.05)  Prec@50=50.00 (42.14)
2026-03-24 18:22:35 | INFO     | utils.misc:107 - Training: Epoch=[2/50] [2800/7902]  Batch=0.32 (0.40)  Data=0.00 (0.07)  Lr=0.000100  Loss=0.0197 (0.0345)  Loss_ins=0.0210 (0.0295)  Loss_qua=0.0009 (0.0010)  Loss_sin=0.0010 (0.0008)  Loss_cos=0.0034 (0.0028)  Loss_wid=0.0003 (0.0004)  IoU=49.00 (41.17)  Prec@50=50.00 (42.27)
2026-03-24 18:22:35 | INFO     | utils.misc:107 - Training: Epoch=[2/50] [2800/7902]  Batch=0.32 (0.39)  Data=0.00 (0.07)  Lr=0.000100  Loss=0.0197 (0.0345)  Loss_ins=0.0108 (0.0294)  Loss_qua=0.0004 (0.0010)  Loss_sin=0.0002 (0.0008)  Loss_cos=0.0013 (0.0028)  Loss_wid=0.0001 (0.0004)  IoU=49.00 (41.17)  Prec@50=50.00 (42.27)
2026-03-24 18:23:07 | INFO     | utils.misc:107 - Training: Epoch=[2/50] [2900/7902]  Batch=0.31 (0.40)  Data=0.00 (0.06)  Lr=0.000100  Loss=0.0208 (0.0345)  Loss_ins=0.0105 (0.0295)  Loss_qua=0.0008 (0.0010)  Loss_sin=0.0006 (0.0008)  Loss_cos=0.0029 (0.0028)  Loss_wid=0.0003 (0.0004)  IoU=61.61 (41.34)  Prec@50=62.50 (42.50)
2026-03-24 18:23:07 | INFO     | utils.misc:107 - Training: Epoch=[2/50] [2900/7902]  Batch=0.31 (0.39)  Data=0.00 (0.06)  Lr=0.000100  Loss=0.0208 (0.0345)  Loss_ins=0.0230 (0.0294)  Loss_qua=0.0006 (0.0010)  Loss_sin=0.0004 (0.0008)  Loss_cos=0.0023 (0.0028)  Loss_wid=0.0001 (0.0004)  IoU=61.61 (41.34)  Prec@50=62.50 (42.50)
2026-03-24 18:23:37 | INFO     | utils.misc:107 - Training: Epoch=[2/50] [3000/7902]  Batch=0.31 (0.40)  Data=0.00 (0.06)  Lr=0.000100  Loss=0.0541 (0.0344)  Loss_ins=0.0179 (0.0295)  Loss_qua=0.0013 (0.0010)  Loss_sin=0.0011 (0.0008)  Loss_cos=0.0046 (0.0028)  Loss_wid=0.0004 (0.0004)  IoU=33.62 (41.49)  Prec@50=37.50 (42.67)
2026-03-24 18:23:37 | INFO     | utils.misc:107 - Training: Epoch=[2/50] [3000/7902]  Batch=0.31 (0.39)  Data=0.00 (0.06)  Lr=0.000100  Loss=0.0541 (0.0344)  Loss_ins=0.0742 (0.0292)  Loss_qua=0.0017 (0.0010)  Loss_sin=0.0007 (0.0008)  Loss_cos=0.0052 (0.0028)  Loss_wid=0.0011 (0.0004)  IoU=33.62 (41.49)  Prec@50=37.50 (42.67)
2026-03-24 18:24:10 | INFO     | utils.misc:107 - Training: Epoch=[2/50] [3100/7902]  Batch=0.31 (0.40)  Data=0.00 (0.06)  Lr=0.000100  Loss=0.0487 (0.0343)  Loss_ins=0.0478 (0.0294)  Loss_qua=0.0009 (0.0010)  Loss_sin=0.0007 (0.0008)  Loss_cos=0.0029 (0.0028)  Loss_wid=0.0003 (0.0004)  IoU=47.53 (41.55)  Prec@50=37.50 (42.69)
2026-03-24 18:24:10 | INFO     | utils.misc:107 - Training: Epoch=[2/50] [3100/7902]  Batch=0.31 (0.38)  Data=0.00 (0.06)  Lr=0.000100  Loss=0.0487 (0.0343)  Loss_ins=0.0399 (0.0292)  Loss_qua=0.0007 (0.0010)  Loss_sin=0.0005 (0.0008)  Loss_cos=0.0035 (0.0028)  Loss_wid=0.0001 (0.0004)  IoU=47.53 (41.55)  Prec@50=37.50 (42.69)
2026-03-24 18:24:42 | INFO     | utils.misc:107 - Training: Epoch=[2/50] [3200/7902]  Batch=0.32 (0.39)  Data=0.00 (0.06)  Lr=0.000100  Loss=0.0213 (0.0342)  Loss_ins=0.0196 (0.0292)  Loss_qua=0.0009 (0.0010)  Loss_sin=0.0004 (0.0008)  Loss_cos=0.0021 (0.0028)  Loss_wid=0.0009 (0.0004)  IoU=38.29 (41.71)  Prec@50=37.50 (42.90)
2026-03-24 18:24:42 | INFO     | utils.misc:107 - Training: Epoch=[2/50] [3200/7902]  Batch=0.32 (0.38)  Data=0.00 (0.06)  Lr=0.000100  Loss=0.0213 (0.0342)  Loss_ins=0.0155 (0.0291)  Loss_qua=0.0007 (0.0010)  Loss_sin=0.0003 (0.0008)  Loss_cos=0.0017 (0.0028)  Loss_wid=0.0006 (0.0004)  IoU=38.29 (41.71)  Prec@50=37.50 (42.90)
2026-03-24 18:25:13 | INFO     | utils.misc:107 - Training: Epoch=[2/50] [3300/7902]  Batch=0.32 (0.39)  Data=0.00 (0.06)  Lr=0.000100  Loss=0.0353 (0.0341)  Loss_ins=0.0189 (0.0291)  Loss_qua=0.0007 (0.0010)  Loss_sin=0.0008 (0.0008)  Loss_cos=0.0022 (0.0028)  Loss_wid=0.0004 (0.0004)  IoU=45.20 (41.89)  Prec@50=62.50 (43.14)
2026-03-24 18:25:13 | INFO     | utils.misc:107 - Training: Epoch=[2/50] [3300/7902]  Batch=0.32 (0.38)  Data=0.00 (0.06)  Lr=0.000100  Loss=0.0353 (0.0341)  Loss_ins=0.0428 (0.0290)  Loss_qua=0.0008 (0.0010)  Loss_sin=0.0007 (0.0008)  Loss_cos=0.0031 (0.0028)  Loss_wid=0.0002 (0.0004)  IoU=45.20 (41.89)  Prec@50=62.50 (43.14)
2026-03-24 18:25:45 | INFO     | utils.misc:107 - Training: Epoch=[2/50] [3400/7902]  Batch=0.32 (0.39)  Data=0.00 (0.05)  Lr=0.000100  Loss=0.0264 (0.0340)  Loss_ins=0.0222 (0.0290)  Loss_qua=0.0010 (0.0010)  Loss_sin=0.0005 (0.0008)  Loss_cos=0.0013 (0.0028)  Loss_wid=0.0003 (0.0004)  IoU=54.85 (41.95)  Prec@50=75.00 (43.19)
2026-03-24 18:25:45 | INFO     | utils.misc:107 - Training: Epoch=[2/50] [3400/7902]  Batch=0.32 (0.38)  Data=0.00 (0.06)  Lr=0.000100  Loss=0.0264 (0.0340)  Loss_ins=0.0208 (0.0289)  Loss_qua=0.0010 (0.0010)  Loss_sin=0.0008 (0.0008)  Loss_cos=0.0045 (0.0028)  Loss_wid=0.0002 (0.0004)  IoU=54.85 (41.95)  Prec@50=75.00 (43.19)
2026-03-24 18:26:18 | INFO     | utils.misc:107 - Training: Epoch=[2/50] [3500/7902]  Batch=0.31 (0.39)  Data=0.00 (0.05)  Lr=0.000100  Loss=0.0246 (0.0339)  Loss_ins=0.0147 (0.0289)  Loss_qua=0.0007 (0.0010)  Loss_sin=0.0004 (0.0008)  Loss_cos=0.0029 (0.0028)  Loss_wid=0.0002 (0.0004)  IoU=45.40 (42.06)  Prec@50=50.00 (43.36)
2026-03-24 18:26:18 | INFO     | utils.misc:107 - Training: Epoch=[2/50] [3500/7902]  Batch=0.31 (0.38)  Data=0.00 (0.05)  Lr=0.000100  Loss=0.0246 (0.0339)  Loss_ins=0.0267 (0.0289)  Loss_qua=0.0007 (0.0010)  Loss_sin=0.0007 (0.0008)  Loss_cos=0.0020 (0.0028)  Loss_wid=0.0002 (0.0004)  IoU=45.40 (42.06)  Prec@50=50.00 (43.36)
2026-03-24 18:26:50 | INFO     | utils.misc:107 - Training: Epoch=[2/50] [3600/7902]  Batch=0.31 (0.39)  Data=0.00 (0.05)  Lr=0.000100  Loss=0.0254 (0.0338)  Loss_ins=0.0307 (0.0288)  Loss_qua=0.0010 (0.0010)  Loss_sin=0.0007 (0.0008)  Loss_cos=0.0024 (0.0028)  Loss_wid=0.0004 (0.0004)  IoU=57.97 (42.12)  Prec@50=62.50 (43.42)
2026-03-24 18:26:50 | INFO     | utils.misc:107 - Training: Epoch=[2/50] [3600/7902]  Batch=0.31 (0.38)  Data=0.00 (0.05)  Lr=0.000100  Loss=0.0254 (0.0338)  Loss_ins=0.0115 (0.0288)  Loss_qua=0.0004 (0.0010)  Loss_sin=0.0008 (0.0008)  Loss_cos=0.0028 (0.0028)  Loss_wid=0.0002 (0.0004)  IoU=57.97 (42.12)  Prec@50=62.50 (43.42)
2026-03-24 18:27:22 | INFO     | utils.misc:107 - Training: Epoch=[2/50] [3700/7902]  Batch=0.35 (0.38)  Data=0.00 (0.05)  Lr=0.000100  Loss=0.0504 (0.0337)  Loss_ins=0.0568 (0.0287)  Loss_qua=0.0015 (0.0010)  Loss_sin=0.0008 (0.0008)  Loss_cos=0.0048 (0.0028)  Loss_wid=0.0009 (0.0004)  IoU=19.82 (42.21)  Prec@50=12.50 (43.51)
2026-03-24 18:27:22 | INFO     | utils.misc:107 - Training: Epoch=[2/50] [3700/7902]  Batch=0.35 (0.37)  Data=0.00 (0.05)  Lr=0.000100  Loss=0.0504 (0.0337)  Loss_ins=0.0324 (0.0287)  Loss_qua=0.0008 (0.0010)  Loss_sin=0.0005 (0.0008)  Loss_cos=0.0022 (0.0028)  Loss_wid=0.0003 (0.0004)  IoU=19.82 (42.21)  Prec@50=12.50 (43.51)
2026-03-24 18:27:54 | INFO     | utils.misc:107 - Training: Epoch=[2/50] [3800/7902]  Batch=0.31 (0.38)  Data=0.00 (0.05)  Lr=0.000100  Loss=0.0265 (0.0336)  Loss_ins=0.0382 (0.0286)  Loss_qua=0.0009 (0.0010)  Loss_sin=0.0004 (0.0008)  Loss_cos=0.0038 (0.0028)  Loss_wid=0.0002 (0.0004)  IoU=45.86 (42.31)  Prec@50=37.50 (43.65)
2026-03-24 18:27:54 | INFO     | utils.misc:107 - Training: Epoch=[2/50] [3800/7902]  Batch=0.31 (0.37)  Data=0.00 (0.05)  Lr=0.000100  Loss=0.0265 (0.0336)  Loss_ins=0.0080 (0.0286)  Loss_qua=0.0003 (0.0010)  Loss_sin=0.0002 (0.0008)  Loss_cos=0.0010 (0.0028)  Loss_wid=0.0001 (0.0004)  IoU=45.86 (42.31)  Prec@50=37.50 (43.65)
2026-03-24 18:28:28 | INFO     | utils.misc:107 - Training: Epoch=[2/50] [3900/7902]  Batch=0.35 (0.37)  Data=0.00 (0.05)  Lr=0.000100  Loss=0.0229 (0.0336)  Loss_ins=0.0132 (0.0285)  Loss_qua=0.0006 (0.0010)  Loss_sin=0.0004 (0.0008)  Loss_cos=0.0009 (0.0028)  Loss_wid=0.0001 (0.0004)  IoU=19.17 (42.38)  Prec@50=12.50 (43.74)
2026-03-24 18:28:28 | INFO     | utils.misc:107 - Training: Epoch=[2/50] [3900/7902]  Batch=0.35 (0.38)  Data=0.00 (0.05)  Lr=0.000100  Loss=0.0229 (0.0336)  Loss_ins=0.0269 (0.0286)  Loss_qua=0.0010 (0.0010)  Loss_sin=0.0003 (0.0008)  Loss_cos=0.0022 (0.0028)  Loss_wid=0.0003 (0.0004)  IoU=19.17 (42.38)  Prec@50=12.50 (43.74)
2026-03-24 18:29:03 | INFO     | utils.misc:107 - Training: Epoch=[2/50] [4000/7902]  Batch=0.36 (0.38)  Data=0.00 (0.05)  Lr=0.000100  Loss=0.0286 (0.0335)  Loss_ins=0.0229 (0.0285)  Loss_qua=0.0007 (0.0010)  Loss_sin=0.0010 (0.0008)  Loss_cos=0.0015 (0.0028)  Loss_wid=0.0003 (0.0004)  IoU=46.13 (42.41)  Prec@50=50.00 (43.76)
2026-03-24 18:29:03 | INFO     | utils.misc:107 - Training: Epoch=[2/50] [4000/7902]  Batch=0.36 (0.37)  Data=0.06 (0.05)  Lr=0.000100  Loss=0.0286 (0.0335)  Loss_ins=0.0232 (0.0285)  Loss_qua=0.0012 (0.0010)  Loss_sin=0.0007 (0.0008)  Loss_cos=0.0048 (0.0028)  Loss_wid=0.0009 (0.0004)  IoU=46.13 (42.41)  Prec@50=50.00 (43.76)
2026-03-24 18:29:37 | INFO     | utils.misc:107 - Training: Epoch=[2/50] [4100/7902]  Batch=0.20 (0.37)  Data=0.00 (0.05)  Lr=0.000100  Loss=0.0769 (0.0335)  Loss_ins=0.0155 (0.0284)  Loss_qua=0.0006 (0.0010)  Loss_sin=0.0011 (0.0008)  Loss_cos=0.0018 (0.0027)  Loss_wid=0.0001 (0.0004)  IoU=40.73 (42.49)  Prec@50=25.00 (43.85)
2026-03-24 18:29:37 | INFO     | utils.misc:107 - Training: Epoch=[2/50] [4100/7902]  Batch=0.20 (0.38)  Data=0.00 (0.05)  Lr=0.000100  Loss=0.0769 (0.0335)  Loss_ins=0.1105 (0.0285)  Loss_qua=0.0049 (0.0010)  Loss_sin=0.0012 (0.0008)  Loss_cos=0.0144 (0.0028)  Loss_wid=0.0036 (0.0004)  IoU=40.73 (42.49)  Prec@50=25.00 (43.85)
2026-03-24 18:30:10 | INFO     | utils.misc:107 - Training: Epoch=[2/50] [4200/7902]  Batch=0.39 (0.38)  Data=0.19 (0.04)  Lr=0.000100  Loss=0.0165 (0.0334)  Loss_ins=0.0162 (0.0284)  Loss_qua=0.0011 (0.0010)  Loss_sin=0.0007 (0.0008)  Loss_cos=0.0041 (0.0028)  Loss_wid=0.0004 (0.0004)  IoU=57.34 (42.58)  Prec@50=75.00 (43.97)
2026-03-24 18:30:10 | INFO     | utils.misc:107 - Training: Epoch=[2/50] [4200/7902]  Batch=0.39 (0.37)  Data=0.00 (0.05)  Lr=0.000100  Loss=0.0165 (0.0334)  Loss_ins=0.0093 (0.0284)  Loss_qua=0.0003 (0.0010)  Loss_sin=0.0002 (0.0008)  Loss_cos=0.0007 (0.0027)  Loss_wid=0.0001 (0.0004)  IoU=57.34 (42.58)  Prec@50=75.00 (43.97)
2026-03-24 18:30:42 | INFO     | utils.misc:107 - Training: Epoch=[2/50] [4300/7902]  Batch=0.36 (0.38)  Data=0.00 (0.04)  Lr=0.000100  Loss=0.0751 (0.0333)  Loss_ins=0.1264 (0.0283)  Loss_qua=0.0027 (0.0010)  Loss_sin=0.0014 (0.0008)  Loss_cos=0.0066 (0.0028)  Loss_wid=0.0010 (0.0004)  IoU=40.19 (42.74)  Prec@50=37.50 (44.19)
2026-03-24 18:30:42 | INFO     | utils.misc:107 - Training: Epoch=[2/50] [4300/7902]  Batch=0.36 (0.37)  Data=0.00 (0.05)  Lr=0.000100  Loss=0.0751 (0.0333)  Loss_ins=0.0099 (0.0282)  Loss_qua=0.0004 (0.0010)  Loss_sin=0.0003 (0.0008)  Loss_cos=0.0015 (0.0027)  Loss_wid=0.0001 (0.0004)  IoU=40.19 (42.74)  Prec@50=37.50 (44.19)
2026-03-24 18:31:15 | INFO     | utils.misc:107 - Training: Epoch=[2/50] [4400/7902]  Batch=0.32 (0.38)  Data=0.00 (0.04)  Lr=0.000100  Loss=0.0226 (0.0332)  Loss_ins=0.0269 (0.0283)  Loss_qua=0.0011 (0.0010)  Loss_sin=0.0014 (0.0008)  Loss_cos=0.0022 (0.0028)  Loss_wid=0.0006 (0.0004)  IoU=58.44 (42.88)  Prec@50=62.50 (44.34)
2026-03-24 18:31:15 | INFO     | utils.misc:107 - Training: Epoch=[2/50] [4400/7902]  Batch=0.32 (0.37)  Data=0.00 (0.05)  Lr=0.000100  Loss=0.0226 (0.0332)  Loss_ins=0.0101 (0.0282)  Loss_qua=0.0005 (0.0010)  Loss_sin=0.0004 (0.0008)  Loss_cos=0.0019 (0.0027)  Loss_wid=0.0001 (0.0004)  IoU=58.44 (42.88)  Prec@50=62.50 (44.34)
2026-03-24 18:31:50 | INFO     | utils.misc:107 - Training: Epoch=[2/50] [4500/7902]  Batch=0.31 (0.37)  Data=0.00 (0.04)  Lr=0.000100  Loss=0.0354 (0.0331)  Loss_ins=0.0189 (0.0282)  Loss_qua=0.0009 (0.0010)  Loss_sin=0.0008 (0.0008)  Loss_cos=0.0021 (0.0028)  Loss_wid=0.0004 (0.0004)  IoU=32.57 (43.02)  Prec@50=25.00 (44.56)
2026-03-24 18:31:50 | INFO     | utils.misc:107 - Training: Epoch=[2/50] [4500/7902]  Batch=0.31 (0.37)  Data=0.00 (0.04)  Lr=0.000100  Loss=0.0354 (0.0331)  Loss_ins=0.0446 (0.0281)  Loss_qua=0.0010 (0.0010)  Loss_sin=0.0009 (0.0008)  Loss_cos=0.0010 (0.0027)  Loss_wid=0.0003 (0.0004)  IoU=32.57 (43.02)  Prec@50=25.00 (44.56)
2026-03-24 18:32:24 | INFO     | utils.misc:107 - Training: Epoch=[2/50] [4600/7902]  Batch=0.39 (0.37)  Data=0.13 (0.04)  Lr=0.000100  Loss=0.0280 (0.0330)  Loss_ins=0.0238 (0.0281)  Loss_qua=0.0008 (0.0010)  Loss_sin=0.0007 (0.0008)  Loss_cos=0.0031 (0.0028)  Loss_wid=0.0003 (0.0004)  IoU=46.16 (43.15)  Prec@50=37.50 (44.68)
2026-03-24 18:32:24 | INFO     | utils.misc:107 - Training: Epoch=[2/50] [4600/7902]  Batch=0.39 (0.37)  Data=0.00 (0.04)  Lr=0.000100  Loss=0.0280 (0.0330)  Loss_ins=0.0230 (0.0280)  Loss_qua=0.0009 (0.0010)  Loss_sin=0.0005 (0.0008)  Loss_cos=0.0026 (0.0027)  Loss_wid=0.0004 (0.0004)  IoU=46.16 (43.15)  Prec@50=37.50 (44.68)
2026-03-24 18:33:01 | INFO     | utils.misc:107 - Training: Epoch=[2/50] [4700/7902]  Batch=0.32 (0.37)  Data=0.00 (0.04)  Lr=0.000100  Loss=0.0370 (0.0329)  Loss_ins=0.0356 (0.0280)  Loss_qua=0.0020 (0.0010)  Loss_sin=0.0014 (0.0008)  Loss_cos=0.0042 (0.0028)  Loss_wid=0.0011 (0.0004)  IoU=57.84 (43.30)  Prec@50=62.50 (44.86)
2026-03-24 18:33:01 | INFO     | utils.misc:107 - Training: Epoch=[2/50] [4700/7902]  Batch=0.32 (0.37)  Data=0.00 (0.04)  Lr=0.000100  Loss=0.0370 (0.0329)  Loss_ins=0.0220 (0.0280)  Loss_qua=0.0012 (0.0010)  Loss_sin=0.0005 (0.0008)  Loss_cos=0.0050 (0.0027)  Loss_wid=0.0009 (0.0004)  IoU=57.84 (43.30)  Prec@50=62.50 (44.86)
2026-03-24 18:33:37 | INFO     | utils.misc:107 - Training: Epoch=[2/50] [4800/7902]  Batch=0.19 (0.37)  Data=0.00 (0.04)  Lr=0.000100  Loss=0.0530 (0.0329)  Loss_ins=0.0562 (0.0279)  Loss_qua=0.0017 (0.0010)  Loss_sin=0.0016 (0.0008)  Loss_cos=0.0024 (0.0028)  Loss_wid=0.0009 (0.0004)  IoU=43.89 (43.45)  Prec@50=50.00 (45.07)
2026-03-24 18:33:37 | INFO     | utils.misc:107 - Training: Epoch=[2/50] [4800/7902]  Batch=0.19 (0.37)  Data=0.00 (0.04)  Lr=0.000100  Loss=0.0530 (0.0329)  Loss_ins=0.0390 (0.0280)  Loss_qua=0.0009 (0.0010)  Loss_sin=0.0008 (0.0008)  Loss_cos=0.0021 (0.0027)  Loss_wid=0.0003 (0.0004)  IoU=43.89 (43.45)  Prec@50=50.00 (45.07)
2026-03-24 18:34:10 | INFO     | utils.misc:107 - Training: Epoch=[2/50] [4900/7902]  Batch=0.32 (0.37)  Data=0.00 (0.04)  Lr=0.000100  Loss=0.0359 (0.0328)  Loss_ins=0.0360 (0.0279)  Loss_qua=0.0014 (0.0010)  Loss_sin=0.0017 (0.0008)  Loss_cos=0.0024 (0.0028)  Loss_wid=0.0007 (0.0004)  IoU=40.89 (43.54)  Prec@50=37.50 (45.14)
2026-03-24 18:34:10 | INFO     | utils.misc:107 - Training: Epoch=[2/50] [4900/7902]  Batch=0.32 (0.37)  Data=0.00 (0.04)  Lr=0.000100  Loss=0.0359 (0.0328)  Loss_ins=0.0261 (0.0279)  Loss_qua=0.0009 (0.0010)  Loss_sin=0.0008 (0.0008)  Loss_cos=0.0016 (0.0027)  Loss_wid=0.0002 (0.0004)  IoU=40.89 (43.54)  Prec@50=37.50 (45.14)
2026-03-24 18:34:44 | INFO     | utils.misc:107 - Training: Epoch=[2/50] [5000/7902]  Batch=0.31 (0.37)  Data=0.00 (0.04)  Lr=0.000100  Loss=0.0293 (0.0327)  Loss_ins=0.0165 (0.0278)  Loss_qua=0.0009 (0.0010)  Loss_sin=0.0007 (0.0008)  Loss_cos=0.0027 (0.0028)  Loss_wid=0.0005 (0.0004)  IoU=57.76 (43.63)  Prec@50=62.50 (45.23)
2026-03-24 18:34:44 | INFO     | utils.misc:107 - Training: Epoch=[2/50] [5000/7902]  Batch=0.31 (0.37)  Data=0.00 (0.04)  Lr=0.000100  Loss=0.0293 (0.0327)  Loss_ins=0.0290 (0.0278)  Loss_qua=0.0013 (0.0010)  Loss_sin=0.0008 (0.0008)  Loss_cos=0.0053 (0.0027)  Loss_wid=0.0007 (0.0004)  IoU=57.76 (43.63)  Prec@50=62.50 (45.23)
2026-03-24 18:35:16 | INFO     | utils.misc:107 - Training: Epoch=[2/50] [5100/7902]  Batch=0.35 (0.37)  Data=0.00 (0.04)  Lr=0.000100  Loss=0.0363 (0.0326)  Loss_ins=0.0406 (0.0277)  Loss_qua=0.0007 (0.0010)  Loss_sin=0.0005 (0.0008)  Loss_cos=0.0011 (0.0027)  Loss_wid=0.0003 (0.0004)  IoU=32.31 (43.78)  Prec@50=25.00 (45.41)
2026-03-24 18:35:16 | INFO     | utils.misc:107 - Training: Epoch=[2/50] [5100/7902]  Batch=0.35 (0.36)  Data=0.00 (0.04)  Lr=0.000100  Loss=0.0363 (0.0326)  Loss_ins=0.0237 (0.0277)  Loss_qua=0.0009 (0.0010)  Loss_sin=0.0009 (0.0008)  Loss_cos=0.0036 (0.0027)  Loss_wid=0.0004 (0.0004)  IoU=32.31 (43.78)  Prec@50=25.00 (45.41)
2026-03-24 18:35:50 | INFO     | utils.misc:107 - Training: Epoch=[2/50] [5200/7902]  Batch=0.31 (0.37)  Data=0.00 (0.04)  Lr=0.000100  Loss=0.0315 (0.0326)  Loss_ins=0.0195 (0.0277)  Loss_qua=0.0010 (0.0010)  Loss_sin=0.0018 (0.0008)  Loss_cos=0.0015 (0.0027)  Loss_wid=0.0009 (0.0004)  IoU=44.37 (43.86)  Prec@50=37.50 (45.49)
2026-03-24 18:35:50 | INFO     | utils.misc:107 - Training: Epoch=[2/50] [5200/7902]  Batch=0.31 (0.36)  Data=0.00 (0.04)  Lr=0.000100  Loss=0.0315 (0.0326)  Loss_ins=0.0347 (0.0277)  Loss_qua=0.0008 (0.0010)  Loss_sin=0.0005 (0.0008)  Loss_cos=0.0021 (0.0027)  Loss_wid=0.0002 (0.0004)  IoU=44.37 (43.86)  Prec@50=37.50 (45.49)
2026-03-24 18:36:22 | INFO     | utils.misc:107 - Training: Epoch=[2/50] [5300/7902]  Batch=0.31 (0.37)  Data=0.00 (0.04)  Lr=0.000100  Loss=0.0256 (0.0325)  Loss_ins=0.0171 (0.0276)  Loss_qua=0.0007 (0.0010)  Loss_sin=0.0007 (0.0008)  Loss_cos=0.0015 (0.0027)  Loss_wid=0.0001 (0.0004)  IoU=44.62 (43.93)  Prec@50=62.50 (45.58)
2026-03-24 18:36:22 | INFO     | utils.misc:107 - Training: Epoch=[2/50] [5300/7902]  Batch=0.31 (0.36)  Data=0.00 (0.04)  Lr=0.000100  Loss=0.0256 (0.0325)  Loss_ins=0.0262 (0.0276)  Loss_qua=0.0013 (0.0010)  Loss_sin=0.0009 (0.0008)  Loss_cos=0.0026 (0.0027)  Loss_wid=0.0002 (0.0004)  IoU=44.62 (43.93)  Prec@50=62.50 (45.58)
2026-03-24 18:36:56 | INFO     | utils.misc:107 - Training: Epoch=[2/50] [5400/7902]  Batch=0.36 (0.37)  Data=0.00 (0.04)  Lr=0.000100  Loss=0.0194 (0.0325)  Loss_ins=0.0146 (0.0276)  Loss_qua=0.0005 (0.0010)  Loss_sin=0.0005 (0.0008)  Loss_cos=0.0021 (0.0027)  Loss_wid=0.0001 (0.0004)  IoU=60.42 (44.01)  Prec@50=50.00 (45.68)
2026-03-24 18:36:56 | INFO     | utils.misc:107 - Training: Epoch=[2/50] [5400/7902]  Batch=0.36 (0.36)  Data=0.00 (0.04)  Lr=0.000100  Loss=0.0194 (0.0325)  Loss_ins=0.0165 (0.0276)  Loss_qua=0.0008 (0.0010)  Loss_sin=0.0006 (0.0008)  Loss_cos=0.0029 (0.0027)  Loss_wid=0.0002 (0.0004)  IoU=60.42 (44.01)  Prec@50=50.00 (45.68)
2026-03-24 18:37:41 | INFO     | utils.misc:107 - Training: Epoch=[2/50] [5500/7902]  Batch=0.24 (0.37)  Data=0.00 (0.04)  Lr=0.000100  Loss=0.0162 (0.0324)  Loss_ins=0.0146 (0.0275)  Loss_qua=0.0004 (0.0010)  Loss_sin=0.0006 (0.0008)  Loss_cos=0.0017 (0.0027)  Loss_wid=0.0001 (0.0004)  IoU=51.86 (44.15)  Prec@50=50.00 (45.85)
2026-03-24 18:37:41 | INFO     | utils.misc:107 - Training: Epoch=[2/50] [5500/7902]  Batch=0.24 (0.36)  Data=0.00 (0.04)  Lr=0.000100  Loss=0.0162 (0.0324)  Loss_ins=0.0118 (0.0275)  Loss_qua=0.0006 (0.0010)  Loss_sin=0.0005 (0.0008)  Loss_cos=0.0019 (0.0027)  Loss_wid=0.0001 (0.0004)  IoU=51.86 (44.15)  Prec@50=50.00 (45.85)
2026-03-24 18:38:14 | INFO     | utils.misc:107 - Training: Epoch=[2/50] [5600/7902]  Batch=0.29 (0.37)  Data=0.00 (0.04)  Lr=0.000100  Loss=0.0325 (0.0323)  Loss_ins=0.0422 (0.0275)  Loss_qua=0.0011 (0.0010)  Loss_sin=0.0005 (0.0008)  Loss_cos=0.0035 (0.0027)  Loss_wid=0.0003 (0.0004)  IoU=44.42 (44.26)  Prec@50=62.50 (45.98)
2026-03-24 18:38:14 | INFO     | utils.misc:107 - Training: Epoch=[2/50] [5600/7902]  Batch=0.29 (0.36)  Data=0.00 (0.04)  Lr=0.000100  Loss=0.0325 (0.0323)  Loss_ins=0.0140 (0.0275)  Loss_qua=0.0005 (0.0010)  Loss_sin=0.0006 (0.0008)  Loss_cos=0.0021 (0.0027)  Loss_wid=0.0002 (0.0004)  IoU=44.42 (44.26)  Prec@50=62.50 (45.98)
2026-03-24 18:38:48 | INFO     | utils.misc:107 - Training: Epoch=[2/50] [5700/7902]  Batch=0.31 (0.37)  Data=0.00 (0.04)  Lr=0.000100  Loss=0.0390 (0.0323)  Loss_ins=0.0225 (0.0274)  Loss_qua=0.0007 (0.0010)  Loss_sin=0.0012 (0.0008)  Loss_cos=0.0023 (0.0027)  Loss_wid=0.0002 (0.0004)  IoU=56.91 (44.31)  Prec@50=62.50 (46.05)
2026-03-24 18:38:48 | INFO     | utils.misc:107 - Training: Epoch=[2/50] [5700/7902]  Batch=0.31 (0.36)  Data=0.00 (0.04)  Lr=0.000100  Loss=0.0390 (0.0323)  Loss_ins=0.0430 (0.0274)  Loss_qua=0.0015 (0.0010)  Loss_sin=0.0016 (0.0008)  Loss_cos=0.0041 (0.0027)  Loss_wid=0.0008 (0.0004)  IoU=56.91 (44.31)  Prec@50=62.50 (46.05)
2026-03-24 18:39:21 | INFO     | utils.misc:107 - Training: Epoch=[2/50] [5800/7902]  Batch=0.31 (0.37)  Data=0.00 (0.04)  Lr=0.000100  Loss=0.0351 (0.0322)  Loss_ins=0.0220 (0.0274)  Loss_qua=0.0006 (0.0010)  Loss_sin=0.0003 (0.0008)  Loss_cos=0.0011 (0.0027)  Loss_wid=0.0001 (0.0004)  IoU=41.15 (44.39)  Prec@50=50.00 (46.13)
2026-03-24 18:39:21 | INFO     | utils.misc:107 - Training: Epoch=[2/50] [5800/7902]  Batch=0.31 (0.36)  Data=0.00 (0.04)  Lr=0.000100  Loss=0.0351 (0.0322)  Loss_ins=0.0364 (0.0273)  Loss_qua=0.0017 (0.0010)  Loss_sin=0.0005 (0.0008)  Loss_cos=0.0068 (0.0027)  Loss_wid=0.0008 (0.0004)  IoU=41.15 (44.39)  Prec@50=50.00 (46.13)
2026-03-24 18:39:56 | INFO     | utils.misc:107 - Training: Epoch=[2/50] [5900/7902]  Batch=0.34 (0.37)  Data=0.00 (0.04)  Lr=0.000100  Loss=0.0172 (0.0322)  Loss_ins=0.0117 (0.0273)  Loss_qua=0.0007 (0.0010)  Loss_sin=0.0016 (0.0008)  Loss_cos=0.0010 (0.0027)  Loss_wid=0.0008 (0.0004)  IoU=49.91 (44.45)  Prec@50=37.50 (46.21)
2026-03-24 18:39:56 | INFO     | utils.misc:107 - Training: Epoch=[2/50] [5900/7902]  Batch=0.34 (0.36)  Data=0.00 (0.04)  Lr=0.000100  Loss=0.0172 (0.0322)  Loss_ins=0.0169 (0.0273)  Loss_qua=0.0005 (0.0010)  Loss_sin=0.0002 (0.0008)  Loss_cos=0.0006 (0.0027)  Loss_wid=0.0003 (0.0004)  IoU=49.91 (44.45)  Prec@50=37.50 (46.21)
2026-03-24 18:40:33 | INFO     | utils.misc:107 - Training: Epoch=[2/50] [6000/7902]  Batch=0.69 (0.37)  Data=0.00 (0.04)  Lr=0.000100  Loss=0.0195 (0.0321)  Loss_ins=0.0213 (0.0272)  Loss_qua=0.0008 (0.0010)  Loss_sin=0.0005 (0.0008)  Loss_cos=0.0015 (0.0027)  Loss_wid=0.0002 (0.0004)  IoU=33.75 (44.55)  Prec@50=25.00 (46.34)
2026-03-24 18:40:33 | INFO     | utils.misc:107 - Training: Epoch=[2/50] [6000/7902]  Batch=0.69 (0.36)  Data=0.38 (0.04)  Lr=0.000100  Loss=0.0195 (0.0321)  Loss_ins=0.0116 (0.0273)  Loss_qua=0.0006 (0.0010)  Loss_sin=0.0006 (0.0008)  Loss_cos=0.0018 (0.0027)  Loss_wid=0.0001 (0.0004)  IoU=33.75 (44.55)  Prec@50=25.00 (46.34)
2026-03-24 18:41:09 | INFO     | utils.misc:107 - Training: Epoch=[2/50] [6100/7902]  Batch=0.31 (0.37)  Data=0.00 (0.04)  Lr=0.000100  Loss=0.0562 (0.0321)  Loss_ins=0.0766 (0.0272)  Loss_qua=0.0033 (0.0010)  Loss_sin=0.0027 (0.0008)  Loss_cos=0.0059 (0.0027)  Loss_wid=0.0025 (0.0004)  IoU=52.20 (44.63)  Prec@50=62.50 (46.44)
2026-03-24 18:41:09 | INFO     | utils.misc:107 - Training: Epoch=[2/50] [6100/7902]  Batch=0.31 (0.36)  Data=0.00 (0.04)  Lr=0.000100  Loss=0.0562 (0.0321)  Loss_ins=0.0167 (0.0272)  Loss_qua=0.0011 (0.0010)  Loss_sin=0.0007 (0.0008)  Loss_cos=0.0023 (0.0027)  Loss_wid=0.0006 (0.0004)  IoU=52.20 (44.63)  Prec@50=62.50 (46.44)
2026-03-24 18:41:43 | INFO     | utils.misc:107 - Training: Epoch=[2/50] [6200/7902]  Batch=0.31 (0.37)  Data=0.00 (0.04)  Lr=0.000100  Loss=0.0217 (0.0320)  Loss_ins=0.0201 (0.0271)  Loss_qua=0.0008 (0.0010)  Loss_sin=0.0014 (0.0008)  Loss_cos=0.0014 (0.0027)  Loss_wid=0.0007 (0.0004)  IoU=38.92 (44.72)  Prec@50=37.50 (46.55)
2026-03-24 18:41:43 | INFO     | utils.misc:107 - Training: Epoch=[2/50] [6200/7902]  Batch=0.31 (0.36)  Data=0.00 (0.04)  Lr=0.000100  Loss=0.0217 (0.0320)  Loss_ins=0.0154 (0.0272)  Loss_qua=0.0009 (0.0010)  Loss_sin=0.0008 (0.0008)  Loss_cos=0.0013 (0.0027)  Loss_wid=0.0006 (0.0004)  IoU=38.92 (44.72)  Prec@50=37.50 (46.55)
2026-03-24 18:42:16 | INFO     | utils.misc:107 - Training: Epoch=[2/50] [6300/7902]  Batch=0.32 (0.37)  Data=0.00 (0.04)  Lr=0.000100  Loss=0.0243 (0.0319)  Loss_ins=0.0215 (0.0270)  Loss_qua=0.0007 (0.0010)  Loss_sin=0.0006 (0.0008)  Loss_cos=0.0020 (0.0027)  Loss_wid=0.0002 (0.0004)  IoU=53.09 (44.81)  Prec@50=62.50 (46.66)
2026-03-24 18:42:16 | INFO     | utils.misc:107 - Training: Epoch=[2/50] [6300/7902]  Batch=0.32 (0.36)  Data=0.00 (0.04)  Lr=0.000100  Loss=0.0243 (0.0319)  Loss_ins=0.0196 (0.0271)  Loss_qua=0.0009 (0.0010)  Loss_sin=0.0008 (0.0008)  Loss_cos=0.0020 (0.0027)  Loss_wid=0.0003 (0.0004)  IoU=53.09 (44.81)  Prec@50=62.50 (46.66)
2026-03-24 18:42:48 | INFO     | utils.misc:107 - Training: Epoch=[2/50] [6400/7902]  Batch=0.26 (0.37)  Data=0.00 (0.04)  Lr=0.000100  Loss=0.0346 (0.0318)  Loss_ins=0.0193 (0.0270)  Loss_qua=0.0007 (0.0010)  Loss_sin=0.0004 (0.0008)  Loss_cos=0.0015 (0.0027)  Loss_wid=0.0003 (0.0004)  IoU=39.90 (44.90)  Prec@50=25.00 (46.77)
2026-03-24 18:42:48 | INFO     | utils.misc:107 - Training: Epoch=[2/50] [6400/7902]  Batch=0.26 (0.36)  Data=0.00 (0.04)  Lr=0.000100  Loss=0.0346 (0.0318)  Loss_ins=0.0390 (0.0270)  Loss_qua=0.0015 (0.0010)  Loss_sin=0.0004 (0.0008)  Loss_cos=0.0054 (0.0026)  Loss_wid=0.0007 (0.0004)  IoU=39.90 (44.90)  Prec@50=25.00 (46.77)
2026-03-24 18:43:20 | INFO     | utils.misc:107 - Training: Epoch=[2/50] [6500/7902]  Batch=0.33 (0.37)  Data=0.00 (0.04)  Lr=0.000100  Loss=0.0172 (0.0317)  Loss_ins=0.0183 (0.0269)  Loss_qua=0.0006 (0.0010)  Loss_sin=0.0004 (0.0008)  Loss_cos=0.0011 (0.0027)  Loss_wid=0.0002 (0.0004)  IoU=42.39 (45.01)  Prec@50=50.00 (46.92)
2026-03-24 18:43:20 | INFO     | utils.misc:107 - Training: Epoch=[2/50] [6500/7902]  Batch=0.33 (0.36)  Data=0.00 (0.04)  Lr=0.000100  Loss=0.0172 (0.0317)  Loss_ins=0.0112 (0.0269)  Loss_qua=0.0005 (0.0010)  Loss_sin=0.0007 (0.0008)  Loss_cos=0.0013 (0.0026)  Loss_wid=0.0001 (0.0004)  IoU=42.39 (45.01)  Prec@50=50.00 (46.92)
2026-03-24 18:43:53 | INFO     | utils.misc:107 - Training: Epoch=[2/50] [6600/7902]  Batch=0.31 (0.37)  Data=0.00 (0.03)  Lr=0.000100  Loss=0.0202 (0.0316)  Loss_ins=0.0151 (0.0268)  Loss_qua=0.0009 (0.0010)  Loss_sin=0.0007 (0.0008)  Loss_cos=0.0031 (0.0027)  Loss_wid=0.0005 (0.0004)  IoU=62.14 (45.09)  Prec@50=75.00 (47.01)
2026-03-24 18:43:53 | INFO     | utils.misc:107 - Training: Epoch=[2/50] [6600/7902]  Batch=0.31 (0.36)  Data=0.00 (0.04)  Lr=0.000100  Loss=0.0202 (0.0316)  Loss_ins=0.0138 (0.0268)  Loss_qua=0.0010 (0.0010)  Loss_sin=0.0008 (0.0008)  Loss_cos=0.0042 (0.0026)  Loss_wid=0.0005 (0.0004)  IoU=62.14 (45.09)  Prec@50=75.00 (47.01)
2026-03-24 18:44:26 | INFO     | utils.misc:107 - Training: Epoch=[2/50] [6700/7902]  Batch=0.35 (0.36)  Data=0.00 (0.03)  Lr=0.000100  Loss=0.0210 (0.0316)  Loss_ins=0.0186 (0.0268)  Loss_qua=0.0009 (0.0010)  Loss_sin=0.0002 (0.0008)  Loss_cos=0.0036 (0.0027)  Loss_wid=0.0002 (0.0004)  IoU=47.68 (45.17)  Prec@50=50.00 (47.10)
2026-03-24 18:44:26 | INFO     | utils.misc:107 - Training: Epoch=[2/50] [6700/7902]  Batch=0.35 (0.36)  Data=0.00 (0.04)  Lr=0.000100  Loss=0.0210 (0.0316)  Loss_ins=0.0159 (0.0268)  Loss_qua=0.0007 (0.0010)  Loss_sin=0.0003 (0.0008)  Loss_cos=0.0013 (0.0026)  Loss_wid=0.0003 (0.0004)  IoU=47.68 (45.17)  Prec@50=50.00 (47.10)
2026-03-24 18:44:57 | INFO     | utils.misc:107 - Training: Epoch=[2/50] [6800/7902]  Batch=0.35 (0.36)  Data=0.00 (0.03)  Lr=0.000100  Loss=0.0459 (0.0315)  Loss_ins=0.0143 (0.0267)  Loss_qua=0.0009 (0.0010)  Loss_sin=0.0015 (0.0008)  Loss_cos=0.0026 (0.0027)  Loss_wid=0.0003 (0.0004)  IoU=53.11 (45.27)  Prec@50=62.50 (47.22)
2026-03-24 18:44:57 | INFO     | utils.misc:107 - Training: Epoch=[2/50] [6800/7902]  Batch=0.35 (0.36)  Data=0.00 (0.04)  Lr=0.000100  Loss=0.0459 (0.0315)  Loss_ins=0.0653 (0.0267)  Loss_qua=0.0015 (0.0010)  Loss_sin=0.0008 (0.0008)  Loss_cos=0.0041 (0.0026)  Loss_wid=0.0006 (0.0004)  IoU=53.11 (45.27)  Prec@50=62.50 (47.22)
2026-03-24 18:45:29 | INFO     | utils.misc:107 - Training: Epoch=[2/50] [6900/7902]  Batch=0.31 (0.36)  Data=0.00 (0.03)  Lr=0.000100  Loss=0.0269 (0.0314)  Loss_ins=0.0199 (0.0266)  Loss_qua=0.0010 (0.0010)  Loss_sin=0.0009 (0.0008)  Loss_cos=0.0037 (0.0027)  Loss_wid=0.0004 (0.0004)  IoU=55.52 (45.38)  Prec@50=62.50 (47.38)
2026-03-24 18:45:29 | INFO     | utils.misc:107 - Training: Epoch=[2/50] [6900/7902]  Batch=0.31 (0.36)  Data=0.00 (0.03)  Lr=0.000100  Loss=0.0269 (0.0314)  Loss_ins=0.0245 (0.0266)  Loss_qua=0.0005 (0.0010)  Loss_sin=0.0003 (0.0008)  Loss_cos=0.0025 (0.0026)  Loss_wid=0.0001 (0.0004)  IoU=55.52 (45.38)  Prec@50=62.50 (47.38)
2026-03-24 18:46:17 | INFO     | utils.misc:107 - Training: Epoch=[2/50] [7000/7902]  Batch=0.35 (0.36)  Data=0.00 (0.03)  Lr=0.000100  Loss=0.0350 (0.0313)  Loss_ins=0.0129 (0.0265)  Loss_qua=0.0007 (0.0010)  Loss_sin=0.0007 (0.0008)  Loss_cos=0.0019 (0.0027)  Loss_wid=0.0002 (0.0004)  IoU=39.97 (45.47)  Prec@50=37.50 (47.51)
2026-03-24 18:46:17 | INFO     | utils.misc:107 - Training: Epoch=[2/50] [7000/7902]  Batch=0.35 (0.36)  Data=0.00 (0.04)  Lr=0.000100  Loss=0.0350 (0.0313)  Loss_ins=0.0485 (0.0266)  Loss_qua=0.0015 (0.0010)  Loss_sin=0.0008 (0.0008)  Loss_cos=0.0025 (0.0026)  Loss_wid=0.0005 (0.0004)  IoU=39.97 (45.47)  Prec@50=37.50 (47.51)
2026-03-24 18:47:21 | INFO     | utils.misc:107 - Training: Epoch=[2/50] [7100/7902]  Batch=0.43 (0.37)  Data=0.12 (0.03)  Lr=0.000100  Loss=0.0257 (0.0313)  Loss_ins=0.0172 (0.0265)  Loss_qua=0.0011 (0.0010)  Loss_sin=0.0015 (0.0008)  Loss_cos=0.0031 (0.0027)  Loss_wid=0.0004 (0.0004)  IoU=61.87 (45.56)  Prec@50=75.00 (47.61)
2026-03-24 18:47:21 | INFO     | utils.misc:107 - Training: Epoch=[2/50] [7100/7902]  Batch=0.43 (0.36)  Data=0.00 (0.04)  Lr=0.000100  Loss=0.0257 (0.0313)  Loss_ins=0.0229 (0.0265)  Loss_qua=0.0017 (0.0010)  Loss_sin=0.0004 (0.0008)  Loss_cos=0.0017 (0.0026)  Loss_wid=0.0015 (0.0004)  IoU=61.87 (45.56)  Prec@50=75.00 (47.61)
2026-03-24 18:48:17 | INFO     | utils.misc:107 - Training: Epoch=[2/50] [7200/7902]  Batch=0.35 (0.37)  Data=0.00 (0.04)  Lr=0.000100  Loss=0.0252 (0.0312)  Loss_ins=0.0223 (0.0264)  Loss_qua=0.0006 (0.0010)  Loss_sin=0.0005 (0.0008)  Loss_cos=0.0016 (0.0027)  Loss_wid=0.0002 (0.0004)  IoU=41.71 (45.63)  Prec@50=37.50 (47.70)
2026-03-24 18:48:17 | INFO     | utils.misc:107 - Training: Epoch=[2/50] [7200/7902]  Batch=0.35 (0.37)  Data=0.00 (0.04)  Lr=0.000100  Loss=0.0252 (0.0312)  Loss_ins=0.0211 (0.0265)  Loss_qua=0.0007 (0.0010)  Loss_sin=0.0011 (0.0008)  Loss_cos=0.0019 (0.0026)  Loss_wid=0.0003 (0.0004)  IoU=41.71 (45.63)  Prec@50=37.50 (47.70)
2026-03-24 18:49:32 | INFO     | utils.misc:107 - Training: Epoch=[2/50] [7300/7902]  Batch=2.94 (0.38)  Data=0.00 (0.04)  Lr=0.000100  Loss=0.0504 (0.0311)  Loss_ins=0.0242 (0.0263)  Loss_qua=0.0010 (0.0010)  Loss_sin=0.0007 (0.0008)  Loss_cos=0.0013 (0.0027)  Loss_wid=0.0004 (0.0004)  IoU=23.98 (45.74)  Prec@50=25.00 (47.85)
2026-03-24 18:49:32 | INFO     | utils.misc:107 - Training: Epoch=[2/50] [7300/7902]  Batch=2.94 (0.37)  Data=2.62 (0.05)  Lr=0.000100  Loss=0.0504 (0.0311)  Loss_ins=0.0664 (0.0264)  Loss_qua=0.0020 (0.0010)  Loss_sin=0.0010 (0.0008)  Loss_cos=0.0031 (0.0026)  Loss_wid=0.0006 (0.0004)  IoU=23.98 (45.74)  Prec@50=25.00 (47.85)
2026-03-24 18:50:31 | INFO     | utils.misc:107 - Training: Epoch=[2/50] [7400/7902]  Batch=0.38 (0.38)  Data=0.06 (0.04)  Lr=0.000100  Loss=0.0287 (0.0311)  Loss_ins=0.0122 (0.0263)  Loss_qua=0.0004 (0.0010)  Loss_sin=0.0003 (0.0008)  Loss_cos=0.0013 (0.0026)  Loss_wid=0.0001 (0.0004)  IoU=26.75 (45.81)  Prec@50=25.00 (47.93)
2026-03-24 18:50:31 | INFO     | utils.misc:107 - Training: Epoch=[2/50] [7400/7902]  Batch=0.38 (0.37)  Data=0.00 (0.05)  Lr=0.000100  Loss=0.0287 (0.0311)  Loss_ins=0.0370 (0.0264)  Loss_qua=0.0013 (0.0010)  Loss_sin=0.0005 (0.0008)  Loss_cos=0.0038 (0.0026)  Loss_wid=0.0004 (0.0004)  IoU=26.75 (45.81)  Prec@50=25.00 (47.93)
2026-03-24 18:51:31 | INFO     | utils.misc:107 - Training: Epoch=[2/50] [7500/7902]  Batch=0.37 (0.38)  Data=0.06 (0.04)  Lr=0.000100  Loss=0.0158 (0.0310)  Loss_ins=0.0115 (0.0262)  Loss_qua=0.0008 (0.0010)  Loss_sin=0.0005 (0.0008)  Loss_cos=0.0047 (0.0026)  Loss_wid=0.0007 (0.0004)  IoU=55.56 (45.89)  Prec@50=62.50 (48.03)
2026-03-24 18:51:31 | INFO     | utils.misc:107 - Training: Epoch=[2/50] [7500/7902]  Batch=0.37 (0.38)  Data=0.16 (0.05)  Lr=0.000100  Loss=0.0158 (0.0310)  Loss_ins=0.0110 (0.0263)  Loss_qua=0.0004 (0.0010)  Loss_sin=0.0005 (0.0008)  Loss_cos=0.0012 (0.0026)  Loss_wid=0.0001 (0.0004)  IoU=55.56 (45.89)  Prec@50=62.50 (48.03)
2026-03-24 18:52:34 | INFO     | utils.misc:107 - Training: Epoch=[2/50] [7600/7902]  Batch=6.37 (0.39)  Data=6.17 (0.04)  Lr=0.000100  Loss=0.0245 (0.0310)  Loss_ins=0.0227 (0.0262)  Loss_qua=0.0005 (0.0010)  Loss_sin=0.0005 (0.0008)  Loss_cos=0.0013 (0.0026)  Loss_wid=0.0001 (0.0004)  IoU=50.79 (45.95)  Prec@50=50.00 (48.10)
2026-03-24 18:52:34 | INFO     | utils.misc:107 - Training: Epoch=[2/50] [7600/7902]  Batch=6.37 (0.38)  Data=0.50 (0.05)  Lr=0.000100  Loss=0.0245 (0.0310)  Loss_ins=0.0181 (0.0263)  Loss_qua=0.0011 (0.0010)  Loss_sin=0.0016 (0.0008)  Loss_cos=0.0022 (0.0026)  Loss_wid=0.0008 (0.0004)  IoU=50.79 (45.95)  Prec@50=50.00 (48.10)
2026-03-24 18:54:23 | INFO     | utils.misc:107 - Training: Epoch=[2/50] [7700/7902]  Batch=0.47 (0.39)  Data=0.16 (0.05)  Lr=0.000100  Loss=0.0181 (0.0309)  Loss_ins=0.0129 (0.0261)  Loss_qua=0.0010 (0.0010)  Loss_sin=0.0006 (0.0008)  Loss_cos=0.0015 (0.0026)  Loss_wid=0.0009 (0.0004)  IoU=63.53 (46.02)  Prec@50=75.00 (48.18)
2026-03-24 18:54:24 | INFO     | utils.misc:107 - Training: Epoch=[2/50] [7700/7902]  Batch=0.47 (0.39)  Data=0.00 (0.06)  Lr=0.000100  Loss=0.0181 (0.0309)  Loss_ins=0.0154 (0.0262)  Loss_qua=0.0007 (0.0010)  Loss_sin=0.0008 (0.0008)  Loss_cos=0.0022 (0.0026)  Loss_wid=0.0002 (0.0004)  IoU=63.53 (46.02)  Prec@50=75.00 (48.18)
2026-03-24 18:55:37 | INFO     | utils.misc:107 - Training: Epoch=[2/50] [7800/7902]  Batch=0.40 (0.40)  Data=0.00 (0.05)  Lr=0.000100  Loss=0.0315 (0.0308)  Loss_ins=0.0121 (0.0261)  Loss_qua=0.0008 (0.0009)  Loss_sin=0.0004 (0.0008)  Loss_cos=0.0018 (0.0026)  Loss_wid=0.0002 (0.0004)  IoU=50.71 (46.10)  Prec@50=62.50 (48.28)
2026-03-24 18:55:37 | INFO     | utils.misc:107 - Training: Epoch=[2/50] [7800/7902]  Batch=0.40 (0.39)  Data=0.04 (0.06)  Lr=0.000100  Loss=0.0315 (0.0308)  Loss_ins=0.0439 (0.0262)  Loss_qua=0.0011 (0.0009)  Loss_sin=0.0005 (0.0008)  Loss_cos=0.0016 (0.0026)  Loss_wid=0.0007 (0.0004)  IoU=50.71 (46.10)  Prec@50=62.50 (48.28)
2026-03-24 18:56:25 | INFO     | utils.misc:107 - Training: Epoch=[2/50] [7900/7902]  Batch=0.32 (0.40)  Data=0.00 (0.05)  Lr=0.000100  Loss=0.0948 (0.0308)  Loss_ins=0.0895 (0.0260)  Loss_qua=0.0012 (0.0009)  Loss_sin=0.0004 (0.0008)  Loss_cos=0.0038 (0.0026)  Loss_wid=0.0002 (0.0004)  IoU=14.04 (46.17)  Prec@50=0.00 (48.35)
2026-03-24 18:56:25 | INFO     | utils.misc:107 - Training: Epoch=[2/50] [7900/7902]  Batch=0.32 (0.40)  Data=0.00 (0.06)  Lr=0.000100  Loss=0.0948 (0.0308)  Loss_ins=0.0861 (0.0261)  Loss_qua=0.0020 (0.0009)  Loss_sin=0.0007 (0.0008)  Loss_cos=0.0047 (0.0026)  Loss_wid=0.0010 (0.0004)  IoU=14.04 (46.17)  Prec@50=0.00 (48.35)
/home/tstanley/miniconda3/envs/vmamba_copy/lib/python3.10/site-packages/requests/__init__.py:113: RequestsDependencyWarning: urllib3 (1.26.20) or chardet (7.0.1)/charset_normalizer (3.1.0) doesn't match a supported version!
  warnings.warn(
/home/tstanley/miniconda3/envs/vmamba_copy/lib/python3.10/site-packages/requests/__init__.py:113: RequestsDependencyWarning: urllib3 (1.26.20) or chardet (7.0.1)/charset_normalizer (3.1.0) doesn't match a supported version!
  warnings.warn(
2026-03-24 19:08:07 | INFO     | engine.crog_engine:388 - Evaluation: Epoch=[2/50]  IoU=54.67  J_index@1: 44.27  J_index@5: 52.83  Pr@50: 60.50  Pr@60: 52.15  Pr@70: 42.92  Pr@80: 29.46  Pr@90: 4.11  
2026-03-24 19:08:07 | INFO     | engine.crog_engine:388 - Evaluation: Epoch=[2/50]  IoU=54.67  J_index@1: 45.58  J_index@5: 54.58  Pr@50: 60.50  Pr@60: 52.15  Pr@70: 42.92  Pr@80: 29.46  Pr@90: 4.11  
/home/tstanley/miniconda3/envs/vmamba_copy/lib/python3.10/site-packages/requests/__init__.py:113: RequestsDependencyWarning: urllib3 (1.26.20) or chardet (7.0.1)/charset_normalizer (3.1.0) doesn't match a supported version!
  warnings.warn(
/home/tstanley/miniconda3/envs/vmamba_copy/lib/python3.10/site-packages/requests/__init__.py:113: RequestsDependencyWarning: urllib3 (1.26.20) or chardet (7.0.1)/charset_normalizer (3.1.0) doesn't match a supported version!
  warnings.warn(
2026-03-24 19:12:23 | INFO     | utils.misc:107 - Training: Epoch=[3/50] [ 100/7902]  Batch=0.64 (2.53)  Data=0.14 (2.04)  Lr=0.000100  Loss=0.0202 (0.0250)  Loss_ins=0.0120 (0.0229)  Loss_qua=0.0009 (0.0009)  Loss_sin=0.0014 (0.0008)  Loss_cos=0.0010 (0.0025)  Loss_wid=0.0005 (0.0004)  IoU=68.16 (54.62)  Prec@50=87.50 (58.75)
2026-03-24 19:12:23 | INFO     | utils.misc:107 - Training: Epoch=[3/50] [ 100/7902]  Batch=0.64 (2.14)  Data=0.44 (1.77)  Lr=0.000100  Loss=0.0202 (0.0250)  Loss_ins=0.0204 (0.0184)  Loss_qua=0.0011 (0.0008)  Loss_sin=0.0004 (0.0008)  Loss_cos=0.0021 (0.0023)  Loss_wid=0.0006 (0.0004)  IoU=68.16 (54.62)  Prec@50=87.50 (58.75)
2026-03-24 19:13:03 | INFO     | utils.misc:107 - Training: Epoch=[3/50] [ 200/7902]  Batch=0.35 (1.47)  Data=0.00 (1.04)  Lr=0.000100  Loss=0.0236 (0.0255)  Loss_ins=0.0266 (0.0218)  Loss_qua=0.0008 (0.0008)  Loss_sin=0.0002 (0.0009)  Loss_cos=0.0020 (0.0023)  Loss_wid=0.0002 (0.0004)  IoU=27.27 (54.31)  Prec@50=25.00 (59.38)
2026-03-24 19:13:03 | INFO     | utils.misc:107 - Training: Epoch=[3/50] [ 200/7902]  Batch=0.35 (1.27)  Data=0.00 (0.92)  Lr=0.000100  Loss=0.0236 (0.0255)  Loss_ins=0.0158 (0.0202)  Loss_qua=0.0004 (0.0008)  Loss_sin=0.0003 (0.0008)  Loss_cos=0.0009 (0.0024)  Loss_wid=0.0001 (0.0004)  IoU=27.27 (54.31)  Prec@50=25.00 (59.38)
2026-03-24 19:13:40 | INFO     | utils.misc:107 - Training: Epoch=[3/50] [ 300/7902]  Batch=0.35 (1.10)  Data=0.00 (0.70)  Lr=0.000100  Loss=0.0461 (0.0252)  Loss_ins=0.0575 (0.0216)  Loss_qua=0.0010 (0.0008)  Loss_sin=0.0007 (0.0008)  Loss_cos=0.0044 (0.0023)  Loss_wid=0.0002 (0.0004)  IoU=26.57 (54.22)  Prec@50=25.00 (58.88)
2026-03-24 19:13:40 | INFO     | utils.misc:107 - Training: Epoch=[3/50] [ 300/7902]  Batch=0.35 (0.97)  Data=0.00 (0.63)  Lr=0.000100  Loss=0.0461 (0.0252)  Loss_ins=0.0257 (0.0201)  Loss_qua=0.0008 (0.0008)  Loss_sin=0.0008 (0.0008)  Loss_cos=0.0010 (0.0024)  Loss_wid=0.0002 (0.0004)  IoU=26.57 (54.22)  Prec@50=25.00 (58.88)
2026-03-24 19:14:12 | INFO     | utils.misc:107 - Training: Epoch=[3/50] [ 400/7902]  Batch=0.31 (0.91)  Data=0.00 (0.53)  Lr=0.000100  Loss=0.0125 (0.0253)  Loss_ins=0.0120 (0.0213)  Loss_qua=0.0004 (0.0008)  Loss_sin=0.0003 (0.0008)  Loss_cos=0.0012 (0.0023)  Loss_wid=0.0001 (0.0004)  IoU=56.30 (54.52)  Prec@50=62.50 (59.19)
2026-03-24 19:14:12 | INFO     | utils.misc:107 - Training: Epoch=[3/50] [ 400/7902]  Batch=0.31 (0.81)  Data=0.00 (0.47)  Lr=0.000100  Loss=0.0125 (0.0253)  Loss_ins=0.0081 (0.0204)  Loss_qua=0.0004 (0.0008)  Loss_sin=0.0005 (0.0008)  Loss_cos=0.0019 (0.0024)  Loss_wid=0.0001 (0.0004)  IoU=56.30 (54.52)  Prec@50=62.50 (59.19)
2026-03-24 19:14:45 | INFO     | utils.misc:107 - Training: Epoch=[3/50] [ 500/7902]  Batch=0.31 (0.79)  Data=0.00 (0.42)  Lr=0.000100  Loss=0.0274 (0.0251)  Loss_ins=0.0216 (0.0212)  Loss_qua=0.0012 (0.0008)  Loss_sin=0.0007 (0.0008)  Loss_cos=0.0026 (0.0023)  Loss_wid=0.0007 (0.0004)  IoU=64.66 (54.34)  Prec@50=62.50 (59.20)
2026-03-24 19:14:45 | INFO     | utils.misc:107 - Training: Epoch=[3/50] [ 500/7902]  Batch=0.31 (0.71)  Data=0.00 (0.38)  Lr=0.000100  Loss=0.0274 (0.0251)  Loss_ins=0.0217 (0.0203)  Loss_qua=0.0010 (0.0008)  Loss_sin=0.0004 (0.0008)  Loss_cos=0.0043 (0.0024)  Loss_wid=0.0005 (0.0004)  IoU=64.66 (54.34)  Prec@50=62.50 (59.20)
2026-03-24 19:15:17 | INFO     | utils.misc:107 - Training: Epoch=[3/50] [ 600/7902]  Batch=0.31 (0.71)  Data=0.00 (0.35)  Lr=0.000100  Loss=0.0197 (0.0253)  Loss_ins=0.0130 (0.0215)  Loss_qua=0.0006 (0.0008)  Loss_sin=0.0004 (0.0008)  Loss_cos=0.0017 (0.0023)  Loss_wid=0.0001 (0.0004)  IoU=41.10 (54.14)  Prec@50=50.00 (58.73)
2026-03-24 19:15:17 | INFO     | utils.misc:107 - Training: Epoch=[3/50] [ 600/7902]  Batch=0.31 (0.65)  Data=0.00 (0.32)  Lr=0.000100  Loss=0.0197 (0.0253)  Loss_ins=0.0184 (0.0204)  Loss_qua=0.0012 (0.0008)  Loss_sin=0.0013 (0.0008)  Loss_cos=0.0023 (0.0023)  Loss_wid=0.0004 (0.0004)  IoU=41.10 (54.14)  Prec@50=50.00 (58.73)
2026-03-24 19:15:49 | INFO     | utils.misc:107 - Training: Epoch=[3/50] [ 700/7902]  Batch=0.31 (0.66)  Data=0.00 (0.30)  Lr=0.000100  Loss=0.0331 (0.0252)  Loss_ins=0.0436 (0.0210)  Loss_qua=0.0012 (0.0008)  Loss_sin=0.0011 (0.0008)  Loss_cos=0.0016 (0.0023)  Loss_wid=0.0002 (0.0004)  IoU=45.01 (54.34)  Prec@50=37.50 (59.02)
2026-03-24 19:15:49 | INFO     | utils.misc:107 - Training: Epoch=[3/50] [ 700/7902]  Batch=0.31 (0.60)  Data=0.00 (0.27)  Lr=0.000100  Loss=0.0331 (0.0252)  Loss_ins=0.0149 (0.0207)  Loss_qua=0.0005 (0.0008)  Loss_sin=0.0014 (0.0008)  Loss_cos=0.0015 (0.0023)  Loss_wid=0.0002 (0.0004)  IoU=45.01 (54.34)  Prec@50=37.50 (59.02)
2026-03-24 19:16:21 | INFO     | utils.misc:107 - Training: Epoch=[3/50] [ 800/7902]  Batch=0.32 (0.61)  Data=0.00 (0.27)  Lr=0.000100  Loss=0.0202 (0.0253)  Loss_ins=0.0182 (0.0212)  Loss_qua=0.0005 (0.0008)  Loss_sin=0.0010 (0.0008)  Loss_cos=0.0008 (0.0023)  Loss_wid=0.0002 (0.0004)  IoU=61.46 (54.07)  Prec@50=62.50 (58.50)
2026-03-24 19:16:21 | INFO     | utils.misc:107 - Training: Epoch=[3/50] [ 800/7902]  Batch=0.32 (0.57)  Data=0.00 (0.24)  Lr=0.000100  Loss=0.0202 (0.0253)  Loss_ins=0.0151 (0.0207)  Loss_qua=0.0008 (0.0008)  Loss_sin=0.0010 (0.0008)  Loss_cos=0.0025 (0.0023)  Loss_wid=0.0003 (0.0004)  IoU=61.46 (54.07)  Prec@50=62.50 (58.50)
2026-03-24 19:16:57 | INFO     | utils.misc:107 - Training: Epoch=[3/50] [ 900/7902]  Batch=0.34 (0.59)  Data=0.00 (0.24)  Lr=0.000100  Loss=0.0157 (0.0253)  Loss_ins=0.0173 (0.0211)  Loss_qua=0.0009 (0.0008)  Loss_sin=0.0006 (0.0008)  Loss_cos=0.0012 (0.0023)  Loss_wid=0.0003 (0.0004)  IoU=52.50 (54.07)  Prec@50=50.00 (58.56)
2026-03-24 19:16:57 | INFO     | utils.misc:107 - Training: Epoch=[3/50] [ 900/7902]  Batch=0.34 (0.54)  Data=0.00 (0.21)  Lr=0.000100  Loss=0.0157 (0.0253)  Loss_ins=0.0078 (0.0209)  Loss_qua=0.0004 (0.0008)  Loss_sin=0.0011 (0.0008)  Loss_cos=0.0014 (0.0023)  Loss_wid=0.0003 (0.0004)  IoU=52.50 (54.07)  Prec@50=50.00 (58.56)
2026-03-24 19:17:32 | INFO     | utils.misc:107 - Training: Epoch=[3/50] [1000/7902]  Batch=0.22 (0.56)  Data=0.00 (0.22)  Lr=0.000100  Loss=0.0187 (0.0257)  Loss_ins=0.0125 (0.0215)  Loss_qua=0.0003 (0.0008)  Loss_sin=0.0003 (0.0008)  Loss_cos=0.0008 (0.0023)  Loss_wid=0.0001 (0.0004)  IoU=40.28 (53.83)  Prec@50=37.50 (58.27)
2026-03-24 19:17:32 | INFO     | utils.misc:107 - Training: Epoch=[3/50] [1000/7902]  Batch=0.22 (0.52)  Data=0.03 (0.20)  Lr=0.000100  Loss=0.0187 (0.0257)  Loss_ins=0.0184 (0.0212)  Loss_qua=0.0008 (0.0008)  Loss_sin=0.0006 (0.0008)  Loss_cos=0.0033 (0.0024)  Loss_wid=0.0003 (0.0004)  IoU=40.28 (53.83)  Prec@50=37.50 (58.27)
2026-03-24 19:18:08 | INFO     | utils.misc:107 - Training: Epoch=[3/50] [1100/7902]  Batch=0.31 (0.54)  Data=0.00 (0.20)  Lr=0.000100  Loss=0.0212 (0.0258)  Loss_ins=0.0087 (0.0213)  Loss_qua=0.0006 (0.0008)  Loss_sin=0.0007 (0.0008)  Loss_cos=0.0013 (0.0023)  Loss_wid=0.0002 (0.0004)  IoU=60.41 (53.88)  Prec@50=75.00 (58.36)
2026-03-24 19:18:08 | INFO     | utils.misc:107 - Training: Epoch=[3/50] [1100/7902]  Batch=0.31 (0.51)  Data=0.00 (0.18)  Lr=0.000100  Loss=0.0212 (0.0258)  Loss_ins=0.0280 (0.0216)  Loss_qua=0.0009 (0.0009)  Loss_sin=0.0005 (0.0008)  Loss_cos=0.0013 (0.0024)  Loss_wid=0.0003 (0.0004)  IoU=60.41 (53.88)  Prec@50=75.00 (58.36)
2026-03-24 19:18:47 | INFO     | utils.misc:107 - Training: Epoch=[3/50] [1200/7902]  Batch=0.31 (0.53)  Data=0.00 (0.19)  Lr=0.000100  Loss=0.0344 (0.0256)  Loss_ins=0.0155 (0.0213)  Loss_qua=0.0006 (0.0008)  Loss_sin=0.0003 (0.0008)  Loss_cos=0.0007 (0.0023)  Loss_wid=0.0001 (0.0004)  IoU=38.11 (54.02)  Prec@50=37.50 (58.49)
2026-03-24 19:18:47 | INFO     | utils.misc:107 - Training: Epoch=[3/50] [1200/7902]  Batch=0.31 (0.50)  Data=0.00 (0.17)  Lr=0.000100  Loss=0.0344 (0.0256)  Loss_ins=0.0472 (0.0213)  Loss_qua=0.0009 (0.0008)  Loss_sin=0.0008 (0.0008)  Loss_cos=0.0025 (0.0023)  Loss_wid=0.0002 (0.0004)  IoU=38.11 (54.02)  Prec@50=37.50 (58.49)
2026-03-24 19:19:22 | INFO     | utils.misc:107 - Training: Epoch=[3/50] [1300/7902]  Batch=0.45 (0.52)  Data=0.14 (0.17)  Lr=0.000100  Loss=0.0137 (0.0256)  Loss_ins=0.0113 (0.0212)  Loss_qua=0.0010 (0.0008)  Loss_sin=0.0012 (0.0008)  Loss_cos=0.0019 (0.0024)  Loss_wid=0.0008 (0.0004)  IoU=65.17 (54.05)  Prec@50=75.00 (58.50)
2026-03-24 19:19:22 | INFO     | utils.misc:107 - Training: Epoch=[3/50] [1300/7902]  Batch=0.45 (0.49)  Data=0.00 (0.16)  Lr=0.000100  Loss=0.0137 (0.0256)  Loss_ins=0.0088 (0.0213)  Loss_qua=0.0005 (0.0008)  Loss_sin=0.0006 (0.0008)  Loss_cos=0.0008 (0.0024)  Loss_wid=0.0005 (0.0004)  IoU=65.17 (54.05)  Prec@50=75.00 (58.50)
2026-03-24 19:19:55 | INFO     | utils.misc:107 - Training: Epoch=[3/50] [1400/7902]  Batch=0.33 (0.50)  Data=0.00 (0.16)  Lr=0.000100  Loss=0.0298 (0.0257)  Loss_ins=0.0093 (0.0212)  Loss_qua=0.0004 (0.0008)  Loss_sin=0.0005 (0.0008)  Loss_cos=0.0005 (0.0024)  Loss_wid=0.0002 (0.0004)  IoU=42.55 (54.01)  Prec@50=50.00 (58.38)
2026-03-24 19:19:55 | INFO     | utils.misc:107 - Training: Epoch=[3/50] [1400/7902]  Batch=0.33 (0.48)  Data=0.00 (0.15)  Lr=0.000100  Loss=0.0298 (0.0257)  Loss_ins=0.0410 (0.0215)  Loss_qua=0.0014 (0.0008)  Loss_sin=0.0016 (0.0008)  Loss_cos=0.0038 (0.0024)  Loss_wid=0.0009 (0.0004)  IoU=42.55 (54.01)  Prec@50=50.00 (58.38)
2026-03-24 19:20:33 | INFO     | utils.misc:107 - Training: Epoch=[3/50] [1500/7902]  Batch=0.45 (0.50)  Data=0.00 (0.15)  Lr=0.000100  Loss=0.0174 (0.0258)  Loss_ins=0.0205 (0.0213)  Loss_qua=0.0009 (0.0008)  Loss_sin=0.0009 (0.0008)  Loss_cos=0.0022 (0.0024)  Loss_wid=0.0004 (0.0004)  IoU=49.60 (54.08)  Prec@50=50.00 (58.58)
2026-03-24 19:20:33 | INFO     | utils.misc:107 - Training: Epoch=[3/50] [1500/7902]  Batch=0.45 (0.47)  Data=0.13 (0.14)  Lr=0.000100  Loss=0.0174 (0.0258)  Loss_ins=0.0072 (0.0215)  Loss_qua=0.0005 (0.0008)  Loss_sin=0.0005 (0.0008)  Loss_cos=0.0014 (0.0024)  Loss_wid=0.0003 (0.0004)  IoU=49.60 (54.08)  Prec@50=50.00 (58.58)
2026-03-24 19:21:08 | INFO     | utils.misc:107 - Training: Epoch=[3/50] [1600/7902]  Batch=0.31 (0.49)  Data=0.00 (0.14)  Lr=0.000100  Loss=0.0244 (0.0258)  Loss_ins=0.0285 (0.0214)  Loss_qua=0.0005 (0.0008)  Loss_sin=0.0006 (0.0008)  Loss_cos=0.0015 (0.0024)  Loss_wid=0.0002 (0.0004)  IoU=54.90 (54.07)  Prec@50=62.50 (58.54)
2026-03-24 19:21:08 | INFO     | utils.misc:107 - Training: Epoch=[3/50] [1600/7902]  Batch=0.31 (0.46)  Data=0.00 (0.13)  Lr=0.000100  Loss=0.0244 (0.0258)  Loss_ins=0.0131 (0.0214)  Loss_qua=0.0008 (0.0008)  Loss_sin=0.0009 (0.0008)  Loss_cos=0.0018 (0.0024)  Loss_wid=0.0008 (0.0004)  IoU=54.90 (54.07)  Prec@50=62.50 (58.54)
2026-03-24 19:21:44 | INFO     | utils.misc:107 - Training: Epoch=[3/50] [1700/7902]  Batch=0.35 (0.48)  Data=0.00 (0.14)  Lr=0.000100  Loss=0.0195 (0.0258)  Loss_ins=0.0104 (0.0213)  Loss_qua=0.0019 (0.0008)  Loss_sin=0.0013 (0.0008)  Loss_cos=0.0018 (0.0024)  Loss_wid=0.0010 (0.0004)  IoU=63.33 (54.07)  Prec@50=75.00 (58.62)
2026-03-24 19:21:44 | INFO     | utils.misc:107 - Training: Epoch=[3/50] [1700/7902]  Batch=0.35 (0.46)  Data=0.00 (0.13)  Lr=0.000100  Loss=0.0195 (0.0258)  Loss_ins=0.0194 (0.0215)  Loss_qua=0.0016 (0.0009)  Loss_sin=0.0004 (0.0008)  Loss_cos=0.0009 (0.0024)  Loss_wid=0.0002 (0.0004)  IoU=63.33 (54.07)  Prec@50=75.00 (58.62)
2026-03-24 19:22:22 | INFO     | utils.misc:107 - Training: Epoch=[3/50] [1800/7902]  Batch=0.79 (0.47)  Data=0.48 (0.13)  Lr=0.000100  Loss=0.0453 (0.0258)  Loss_ins=0.0697 (0.0214)  Loss_qua=0.0004 (0.0009)  Loss_sin=0.0002 (0.0008)  Loss_cos=0.0016 (0.0024)  Loss_wid=0.0001 (0.0004)  IoU=60.14 (53.98)  Prec@50=62.50 (58.53)
2026-03-24 19:22:22 | INFO     | utils.misc:107 - Training: Epoch=[3/50] [1800/7902]  Batch=0.79 (0.45)  Data=0.00 (0.12)  Lr=0.000100  Loss=0.0453 (0.0258)  Loss_ins=0.0111 (0.0215)  Loss_qua=0.0010 (0.0009)  Loss_sin=0.0011 (0.0008)  Loss_cos=0.0043 (0.0024)  Loss_wid=0.0008 (0.0004)  IoU=60.14 (53.98)  Prec@50=62.50 (58.53)
2026-03-24 19:23:00 | INFO     | utils.misc:107 - Training: Epoch=[3/50] [1900/7902]  Batch=0.23 (0.47)  Data=0.00 (0.12)  Lr=0.000100  Loss=0.0199 (0.0259)  Loss_ins=0.0171 (0.0214)  Loss_qua=0.0006 (0.0009)  Loss_sin=0.0006 (0.0008)  Loss_cos=0.0020 (0.0024)  Loss_wid=0.0001 (0.0004)  IoU=42.37 (53.91)  Prec@50=37.50 (58.34)
2026-03-24 19:23:00 | INFO     | utils.misc:107 - Training: Epoch=[3/50] [1900/7902]  Batch=0.23 (0.45)  Data=0.03 (0.12)  Lr=0.000100  Loss=0.0199 (0.0259)  Loss_ins=0.0156 (0.0216)  Loss_qua=0.0006 (0.0009)  Loss_sin=0.0007 (0.0008)  Loss_cos=0.0022 (0.0024)  Loss_wid=0.0002 (0.0004)  IoU=42.37 (53.91)  Prec@50=37.50 (58.34)
2026-03-24 19:23:34 | INFO     | utils.misc:107 - Training: Epoch=[3/50] [2000/7902]  Batch=0.32 (0.46)  Data=0.00 (0.12)  Lr=0.000100  Loss=0.0208 (0.0259)  Loss_ins=0.0170 (0.0215)  Loss_qua=0.0009 (0.0009)  Loss_sin=0.0008 (0.0008)  Loss_cos=0.0007 (0.0024)  Loss_wid=0.0002 (0.0004)  IoU=33.04 (53.97)  Prec@50=37.50 (58.44)
2026-03-24 19:23:34 | INFO     | utils.misc:107 - Training: Epoch=[3/50] [2000/7902]  Batch=0.32 (0.44)  Data=0.00 (0.11)  Lr=0.000100  Loss=0.0208 (0.0259)  Loss_ins=0.0194 (0.0215)  Loss_qua=0.0005 (0.0009)  Loss_sin=0.0007 (0.0008)  Loss_cos=0.0013 (0.0024)  Loss_wid=0.0001 (0.0004)  IoU=33.04 (53.97)  Prec@50=37.50 (58.44)
2026-03-24 19:24:19 | INFO     | utils.misc:107 - Training: Epoch=[3/50] [2100/7902]  Batch=0.31 (0.46)  Data=0.00 (0.12)  Lr=0.000100  Loss=0.0265 (0.0259)  Loss_ins=0.0111 (0.0214)  Loss_qua=0.0029 (0.0009)  Loss_sin=0.0007 (0.0008)  Loss_cos=0.0034 (0.0024)  Loss_wid=0.0003 (0.0004)  IoU=52.58 (54.00)  Prec@50=50.00 (58.45)
2026-03-24 19:24:19 | INFO     | utils.misc:107 - Training: Epoch=[3/50] [2100/7902]  Batch=0.31 (0.44)  Data=0.00 (0.11)  Lr=0.000100  Loss=0.0265 (0.0259)  Loss_ins=0.0265 (0.0215)  Loss_qua=0.0033 (0.0009)  Loss_sin=0.0010 (0.0008)  Loss_cos=0.0035 (0.0024)  Loss_wid=0.0003 (0.0004)  IoU=52.58 (54.00)  Prec@50=50.00 (58.45)
2026-03-24 19:24:54 | INFO     | utils.misc:107 - Training: Epoch=[3/50] [2200/7902]  Batch=0.31 (0.44)  Data=0.00 (0.11)  Lr=0.000100  Loss=0.0326 (0.0259)  Loss_ins=0.0420 (0.0216)  Loss_qua=0.0007 (0.0009)  Loss_sin=0.0007 (0.0008)  Loss_cos=0.0023 (0.0024)  Loss_wid=0.0002 (0.0004)  IoU=47.70 (54.02)  Prec@50=62.50 (58.52)
2026-03-24 19:24:54 | INFO     | utils.misc:107 - Training: Epoch=[3/50] [2200/7902]  Batch=0.32 (0.46)  Data=0.00 (0.11)  Lr=0.000100  Loss=0.0326 (0.0259)  Loss_ins=0.0156 (0.0213)  Loss_qua=0.0010 (0.0009)  Loss_sin=0.0006 (0.0008)  Loss_cos=0.0016 (0.0024)  Loss_wid=0.0004 (0.0004)  IoU=47.70 (54.02)  Prec@50=62.50 (58.52)
2026-03-24 19:25:31 | INFO     | utils.misc:107 - Training: Epoch=[3/50] [2300/7902]  Batch=0.31 (0.45)  Data=0.00 (0.11)  Lr=0.000100  Loss=0.0184 (0.0259)  Loss_ins=0.0128 (0.0213)  Loss_qua=0.0007 (0.0009)  Loss_sin=0.0006 (0.0008)  Loss_cos=0.0010 (0.0024)  Loss_wid=0.0002 (0.0004)  IoU=54.15 (54.04)  Prec@50=62.50 (58.57)
2026-03-24 19:25:31 | INFO     | utils.misc:107 - Training: Epoch=[3/50] [2300/7902]  Batch=0.31 (0.44)  Data=0.00 (0.11)  Lr=0.000100  Loss=0.0184 (0.0259)  Loss_ins=0.0188 (0.0216)  Loss_qua=0.0006 (0.0009)  Loss_sin=0.0009 (0.0008)  Loss_cos=0.0010 (0.0024)  Loss_wid=0.0002 (0.0004)  IoU=54.15 (54.04)  Prec@50=62.50 (58.57)
2026-03-24 19:26:06 | INFO     | utils.misc:107 - Training: Epoch=[3/50] [2400/7902]  Batch=0.19 (0.45)  Data=0.00 (0.10)  Lr=0.000100  Loss=0.0243 (0.0259)  Loss_ins=0.0199 (0.0214)  Loss_qua=0.0004 (0.0009)  Loss_sin=0.0003 (0.0008)  Loss_cos=0.0006 (0.0024)  Loss_wid=0.0001 (0.0004)  IoU=43.03 (54.01)  Prec@50=37.50 (58.53)
2026-03-24 19:26:06 | INFO     | utils.misc:107 - Training: Epoch=[3/50] [2400/7902]  Batch=0.19 (0.43)  Data=0.00 (0.10)  Lr=0.000100  Loss=0.0243 (0.0259)  Loss_ins=0.0242 (0.0215)  Loss_qua=0.0005 (0.0009)  Loss_sin=0.0006 (0.0008)  Loss_cos=0.0019 (0.0024)  Loss_wid=0.0001 (0.0004)  IoU=43.03 (54.01)  Prec@50=37.50 (58.53)
2026-03-24 19:26:41 | INFO     | utils.misc:107 - Training: Epoch=[3/50] [2500/7902]  Batch=0.32 (0.44)  Data=0.00 (0.10)  Lr=0.000100  Loss=0.0239 (0.0259)  Loss_ins=0.0256 (0.0214)  Loss_qua=0.0005 (0.0009)  Loss_sin=0.0003 (0.0008)  Loss_cos=0.0009 (0.0024)  Loss_wid=0.0001 (0.0004)  IoU=41.49 (53.94)  Prec@50=37.50 (58.41)
2026-03-24 19:26:41 | INFO     | utils.misc:107 - Training: Epoch=[3/50] [2500/7902]  Batch=0.32 (0.43)  Data=0.00 (0.10)  Lr=0.000100  Loss=0.0239 (0.0259)  Loss_ins=0.0163 (0.0216)  Loss_qua=0.0008 (0.0009)  Loss_sin=0.0012 (0.0008)  Loss_cos=0.0019 (0.0024)  Loss_wid=0.0002 (0.0004)  IoU=41.49 (53.94)  Prec@50=37.50 (58.41)
2026-03-24 19:27:15 | INFO     | utils.misc:107 - Training: Epoch=[3/50] [2600/7902]  Batch=0.32 (0.44)  Data=0.00 (0.10)  Lr=0.000100  Loss=0.0254 (0.0259)  Loss_ins=0.0348 (0.0214)  Loss_qua=0.0010 (0.0009)  Loss_sin=0.0003 (0.0008)  Loss_cos=0.0019 (0.0024)  Loss_wid=0.0002 (0.0004)  IoU=57.78 (53.95)  Prec@50=75.00 (58.40)
2026-03-24 19:27:15 | INFO     | utils.misc:107 - Training: Epoch=[3/50] [2600/7902]  Batch=0.32 (0.43)  Data=0.00 (0.10)  Lr=0.000100  Loss=0.0254 (0.0259)  Loss_ins=0.0096 (0.0215)  Loss_qua=0.0006 (0.0009)  Loss_sin=0.0003 (0.0008)  Loss_cos=0.0020 (0.0024)  Loss_wid=0.0002 (0.0004)  IoU=57.78 (53.95)  Prec@50=75.00 (58.40)
2026-03-24 19:27:48 | INFO     | utils.misc:107 - Training: Epoch=[3/50] [2700/7902]  Batch=0.31 (0.44)  Data=0.00 (0.09)  Lr=0.000100  Loss=0.0196 (0.0258)  Loss_ins=0.0256 (0.0214)  Loss_qua=0.0006 (0.0009)  Loss_sin=0.0006 (0.0008)  Loss_cos=0.0018 (0.0024)  Loss_wid=0.0002 (0.0004)  IoU=62.91 (54.03)  Prec@50=75.00 (58.54)
2026-03-24 19:27:48 | INFO     | utils.misc:107 - Training: Epoch=[3/50] [2700/7902]  Batch=0.31 (0.42)  Data=0.00 (0.09)  Lr=0.000100  Loss=0.0196 (0.0258)  Loss_ins=0.0079 (0.0215)  Loss_qua=0.0004 (0.0009)  Loss_sin=0.0004 (0.0008)  Loss_cos=0.0014 (0.0024)  Loss_wid=0.0002 (0.0004)  IoU=62.91 (54.03)  Prec@50=75.00 (58.54)
2026-03-24 19:28:19 | INFO     | utils.misc:107 - Training: Epoch=[3/50] [2800/7902]  Batch=0.37 (0.43)  Data=0.18 (0.09)  Lr=0.000100  Loss=0.0143 (0.0258)  Loss_ins=0.0140 (0.0214)  Loss_qua=0.0004 (0.0009)  Loss_sin=0.0004 (0.0008)  Loss_cos=0.0015 (0.0024)  Loss_wid=0.0001 (0.0004)  IoU=42.54 (54.10)  Prec@50=50.00 (58.58)
2026-03-24 19:28:19 | INFO     | utils.misc:107 - Training: Epoch=[3/50] [2800/7902]  Batch=0.37 (0.42)  Data=0.01 (0.09)  Lr=0.000100  Loss=0.0143 (0.0258)  Loss_ins=0.0100 (0.0215)  Loss_qua=0.0004 (0.0009)  Loss_sin=0.0004 (0.0008)  Loss_cos=0.0014 (0.0024)  Loss_wid=0.0001 (0.0004)  IoU=42.54 (54.10)  Prec@50=50.00 (58.58)
2026-03-24 19:28:52 | INFO     | utils.misc:107 - Training: Epoch=[3/50] [2900/7902]  Batch=0.31 (0.43)  Data=0.00 (0.09)  Lr=0.000100  Loss=0.0365 (0.0257)  Loss_ins=0.0099 (0.0213)  Loss_qua=0.0006 (0.0009)  Loss_sin=0.0012 (0.0008)  Loss_cos=0.0035 (0.0024)  Loss_wid=0.0002 (0.0004)  IoU=52.51 (54.21)  Prec@50=62.50 (58.74)
2026-03-24 19:28:52 | INFO     | utils.misc:107 - Training: Epoch=[3/50] [2900/7902]  Batch=0.31 (0.41)  Data=0.00 (0.09)  Lr=0.000100  Loss=0.0365 (0.0257)  Loss_ins=0.0529 (0.0215)  Loss_qua=0.0009 (0.0009)  Loss_sin=0.0011 (0.0008)  Loss_cos=0.0024 (0.0024)  Loss_wid=0.0002 (0.0004)  IoU=52.51 (54.21)  Prec@50=62.50 (58.74)
2026-03-24 19:29:27 | INFO     | utils.misc:107 - Training: Epoch=[3/50] [3000/7902]  Batch=0.31 (0.43)  Data=0.00 (0.09)  Lr=0.000100  Loss=0.0173 (0.0257)  Loss_ins=0.0099 (0.0213)  Loss_qua=0.0009 (0.0009)  Loss_sin=0.0005 (0.0008)  Loss_cos=0.0017 (0.0024)  Loss_wid=0.0009 (0.0004)  IoU=64.20 (54.29)  Prec@50=62.50 (58.83)
2026-03-24 19:29:27 | INFO     | utils.misc:107 - Training: Epoch=[3/50] [3000/7902]  Batch=0.31 (0.41)  Data=0.00 (0.09)  Lr=0.000100  Loss=0.0173 (0.0257)  Loss_ins=0.0176 (0.0214)  Loss_qua=0.0007 (0.0009)  Loss_sin=0.0008 (0.0008)  Loss_cos=0.0017 (0.0024)  Loss_wid=0.0002 (0.0004)  IoU=64.20 (54.29)  Prec@50=62.50 (58.83)
2026-03-24 19:30:02 | INFO     | utils.misc:107 - Training: Epoch=[3/50] [3100/7902]  Batch=0.32 (0.42)  Data=0.00 (0.08)  Lr=0.000100  Loss=0.0163 (0.0256)  Loss_ins=0.0098 (0.0212)  Loss_qua=0.0004 (0.0009)  Loss_sin=0.0002 (0.0008)  Loss_cos=0.0021 (0.0024)  Loss_wid=0.0001 (0.0004)  IoU=70.07 (54.36)  Prec@50=87.50 (58.90)
2026-03-24 19:30:02 | INFO     | utils.misc:107 - Training: Epoch=[3/50] [3100/7902]  Batch=0.32 (0.41)  Data=0.00 (0.08)  Lr=0.000100  Loss=0.0163 (0.0256)  Loss_ins=0.0151 (0.0214)  Loss_qua=0.0008 (0.0009)  Loss_sin=0.0007 (0.0008)  Loss_cos=0.0025 (0.0024)  Loss_wid=0.0007 (0.0004)  IoU=70.07 (54.36)  Prec@50=87.50 (58.90)
2026-03-24 19:30:35 | INFO     | utils.misc:107 - Training: Epoch=[3/50] [3200/7902]  Batch=0.31 (0.42)  Data=0.00 (0.08)  Lr=0.000100  Loss=0.0135 (0.0256)  Loss_ins=0.0123 (0.0211)  Loss_qua=0.0005 (0.0008)  Loss_sin=0.0005 (0.0008)  Loss_cos=0.0020 (0.0024)  Loss_wid=0.0002 (0.0004)  IoU=59.35 (54.42)  Prec@50=62.50 (59.02)
2026-03-24 19:30:35 | INFO     | utils.misc:107 - Training: Epoch=[3/50] [3200/7902]  Batch=0.31 (0.41)  Data=0.00 (0.08)  Lr=0.000100  Loss=0.0135 (0.0256)  Loss_ins=0.0090 (0.0213)  Loss_qua=0.0004 (0.0009)  Loss_sin=0.0005 (0.0008)  Loss_cos=0.0015 (0.0024)  Loss_wid=0.0002 (0.0004)  IoU=59.35 (54.42)  Prec@50=62.50 (59.02)
2026-03-24 19:31:08 | INFO     | utils.misc:107 - Training: Epoch=[3/50] [3300/7902]  Batch=0.37 (0.42)  Data=0.00 (0.08)  Lr=0.000100  Loss=0.0139 (0.0254)  Loss_ins=0.0081 (0.0210)  Loss_qua=0.0003 (0.0008)  Loss_sin=0.0006 (0.0007)  Loss_cos=0.0013 (0.0023)  Loss_wid=0.0001 (0.0004)  IoU=74.58 (54.49)  Prec@50=75.00 (59.12)
2026-03-24 19:31:08 | INFO     | utils.misc:107 - Training: Epoch=[3/50] [3300/7902]  Batch=0.37 (0.41)  Data=0.00 (0.08)  Lr=0.000100  Loss=0.0139 (0.0254)  Loss_ins=0.0135 (0.0212)  Loss_qua=0.0006 (0.0009)  Loss_sin=0.0008 (0.0008)  Loss_cos=0.0023 (0.0023)  Loss_wid=0.0003 (0.0004)  IoU=74.58 (54.49)  Prec@50=75.00 (59.12)
2026-03-24 19:31:42 | INFO     | utils.misc:107 - Training: Epoch=[3/50] [3400/7902]  Batch=0.32 (0.42)  Data=0.00 (0.08)  Lr=0.000100  Loss=0.0138 (0.0253)  Loss_ins=0.0097 (0.0209)  Loss_qua=0.0003 (0.0008)  Loss_sin=0.0002 (0.0007)  Loss_cos=0.0015 (0.0023)  Loss_wid=0.0002 (0.0004)  IoU=44.25 (54.57)  Prec@50=37.50 (59.19)
2026-03-24 19:31:42 | INFO     | utils.misc:107 - Training: Epoch=[3/50] [3400/7902]  Batch=0.32 (0.40)  Data=0.00 (0.08)  Lr=0.000100  Loss=0.0138 (0.0253)  Loss_ins=0.0128 (0.0211)  Loss_qua=0.0005 (0.0008)  Loss_sin=0.0003 (0.0008)  Loss_cos=0.0020 (0.0023)  Loss_wid=0.0001 (0.0004)  IoU=44.25 (54.57)  Prec@50=37.50 (59.19)
2026-03-24 19:32:14 | INFO     | utils.misc:107 - Training: Epoch=[3/50] [3500/7902]  Batch=0.31 (0.41)  Data=0.00 (0.07)  Lr=0.000100  Loss=0.0084 (0.0252)  Loss_ins=0.0054 (0.0209)  Loss_qua=0.0002 (0.0008)  Loss_sin=0.0003 (0.0007)  Loss_cos=0.0008 (0.0023)  Loss_wid=0.0000 (0.0003)  IoU=62.71 (54.64)  Prec@50=87.50 (59.27)
2026-03-24 19:32:14 | INFO     | utils.misc:107 - Training: Epoch=[3/50] [3500/7902]  Batch=0.31 (0.40)  Data=0.00 (0.08)  Lr=0.000100  Loss=0.0084 (0.0252)  Loss_ins=0.0087 (0.0211)  Loss_qua=0.0003 (0.0008)  Loss_sin=0.0003 (0.0007)  Loss_cos=0.0007 (0.0023)  Loss_wid=0.0000 (0.0004)  IoU=62.71 (54.64)  Prec@50=87.50 (59.27)
2026-03-24 19:32:48 | INFO     | utils.misc:107 - Training: Epoch=[3/50] [3600/7902]  Batch=0.35 (0.41)  Data=0.00 (0.07)  Lr=0.000100  Loss=0.0131 (0.0252)  Loss_ins=0.0123 (0.0209)  Loss_qua=0.0004 (0.0008)  Loss_sin=0.0007 (0.0007)  Loss_cos=0.0017 (0.0023)  Loss_wid=0.0002 (0.0003)  IoU=62.69 (54.71)  Prec@50=75.00 (59.36)
2026-03-24 19:32:48 | INFO     | utils.misc:107 - Training: Epoch=[3/50] [3600/7902]  Batch=0.35 (0.40)  Data=0.00 (0.07)  Lr=0.000100  Loss=0.0131 (0.0252)  Loss_ins=0.0087 (0.0210)  Loss_qua=0.0004 (0.0008)  Loss_sin=0.0005 (0.0007)  Loss_cos=0.0013 (0.0023)  Loss_wid=0.0001 (0.0004)  IoU=62.69 (54.71)  Prec@50=75.00 (59.36)
2026-03-24 19:33:20 | INFO     | utils.misc:107 - Training: Epoch=[3/50] [3700/7902]  Batch=0.35 (0.41)  Data=0.00 (0.07)  Lr=0.000100  Loss=0.0210 (0.0252)  Loss_ins=0.0147 (0.0208)  Loss_qua=0.0005 (0.0008)  Loss_sin=0.0007 (0.0007)  Loss_cos=0.0021 (0.0023)  Loss_wid=0.0003 (0.0003)  IoU=58.22 (54.76)  Prec@50=75.00 (59.46)
2026-03-24 19:33:20 | INFO     | utils.misc:107 - Training: Epoch=[3/50] [3700/7902]  Batch=0.35 (0.40)  Data=0.00 (0.07)  Lr=0.000100  Loss=0.0210 (0.0252)  Loss_ins=0.0184 (0.0210)  Loss_qua=0.0007 (0.0008)  Loss_sin=0.0008 (0.0007)  Loss_cos=0.0031 (0.0023)  Loss_wid=0.0007 (0.0004)  IoU=58.22 (54.76)  Prec@50=75.00 (59.46)
2026-03-24 19:33:54 | INFO     | utils.misc:107 - Training: Epoch=[3/50] [3800/7902]  Batch=0.36 (0.41)  Data=0.00 (0.07)  Lr=0.000100  Loss=0.0283 (0.0252)  Loss_ins=0.0339 (0.0208)  Loss_qua=0.0010 (0.0008)  Loss_sin=0.0014 (0.0007)  Loss_cos=0.0024 (0.0023)  Loss_wid=0.0002 (0.0004)  IoU=42.14 (54.79)  Prec@50=37.50 (59.53)
2026-03-24 19:33:54 | INFO     | utils.misc:107 - Training: Epoch=[3/50] [3800/7902]  Batch=0.36 (0.40)  Data=0.00 (0.07)  Lr=0.000100  Loss=0.0283 (0.0252)  Loss_ins=0.0142 (0.0210)  Loss_qua=0.0006 (0.0008)  Loss_sin=0.0007 (0.0007)  Loss_cos=0.0020 (0.0023)  Loss_wid=0.0001 (0.0004)  IoU=42.14 (54.79)  Prec@50=37.50 (59.53)
2026-03-24 19:34:27 | INFO     | utils.misc:107 - Training: Epoch=[3/50] [3900/7902]  Batch=0.36 (0.40)  Data=0.00 (0.07)  Lr=0.000100  Loss=0.0328 (0.0252)  Loss_ins=0.0337 (0.0208)  Loss_qua=0.0012 (0.0008)  Loss_sin=0.0009 (0.0007)  Loss_cos=0.0031 (0.0023)  Loss_wid=0.0004 (0.0004)  IoU=65.28 (54.76)  Prec@50=62.50 (59.46)
2026-03-24 19:34:27 | INFO     | utils.misc:107 - Training: Epoch=[3/50] [3900/7902]  Batch=0.36 (0.39)  Data=0.00 (0.07)  Lr=0.000100  Loss=0.0328 (0.0252)  Loss_ins=0.0219 (0.0210)  Loss_qua=0.0011 (0.0008)  Loss_sin=0.0009 (0.0008)  Loss_cos=0.0017 (0.0023)  Loss_wid=0.0007 (0.0004)  IoU=65.28 (54.76)  Prec@50=62.50 (59.46)
2026-03-24 19:34:59 | INFO     | utils.misc:107 - Training: Epoch=[3/50] [4000/7902]  Batch=0.30 (0.40)  Data=0.00 (0.07)  Lr=0.000100  Loss=0.0303 (0.0252)  Loss_ins=0.0196 (0.0208)  Loss_qua=0.0008 (0.0008)  Loss_sin=0.0008 (0.0007)  Loss_cos=0.0017 (0.0023)  Loss_wid=0.0005 (0.0004)  IoU=48.63 (54.76)  Prec@50=50.00 (59.44)
2026-03-24 19:34:59 | INFO     | utils.misc:107 - Training: Epoch=[3/50] [4000/7902]  Batch=0.30 (0.39)  Data=0.00 (0.07)  Lr=0.000100  Loss=0.0303 (0.0252)  Loss_ins=0.0313 (0.0210)  Loss_qua=0.0011 (0.0008)  Loss_sin=0.0017 (0.0008)  Loss_cos=0.0025 (0.0023)  Loss_wid=0.0007 (0.0004)  IoU=48.63 (54.76)  Prec@50=50.00 (59.44)
2026-03-24 19:35:31 | INFO     | utils.misc:107 - Training: Epoch=[3/50] [4100/7902]  Batch=0.32 (0.40)  Data=0.00 (0.06)  Lr=0.000100  Loss=0.0189 (0.0253)  Loss_ins=0.0168 (0.0210)  Loss_qua=0.0008 (0.0008)  Loss_sin=0.0004 (0.0007)  Loss_cos=0.0011 (0.0024)  Loss_wid=0.0002 (0.0004)  IoU=43.14 (54.77)  Prec@50=25.00 (59.44)
2026-03-24 19:35:31 | INFO     | utils.misc:107 - Training: Epoch=[3/50] [4100/7902]  Batch=0.32 (0.39)  Data=0.00 (0.07)  Lr=0.000100  Loss=0.0189 (0.0253)  Loss_ins=0.0148 (0.0210)  Loss_qua=0.0007 (0.0008)  Loss_sin=0.0009 (0.0008)  Loss_cos=0.0017 (0.0023)  Loss_wid=0.0002 (0.0004)  IoU=43.14 (54.77)  Prec@50=25.00 (59.44)
2026-03-24 19:36:04 | INFO     | utils.misc:107 - Training: Epoch=[3/50] [4200/7902]  Batch=1.46 (0.40)  Data=0.00 (0.06)  Lr=0.000100  Loss=0.0151 (0.0253)  Loss_ins=0.0134 (0.0209)  Loss_qua=0.0006 (0.0008)  Loss_sin=0.0009 (0.0008)  Loss_cos=0.0017 (0.0024)  Loss_wid=0.0004 (0.0004)  IoU=63.01 (54.77)  Prec@50=62.50 (59.47)
2026-03-24 19:36:04 | INFO     | utils.misc:107 - Training: Epoch=[3/50] [4200/7902]  Batch=1.46 (0.39)  Data=0.00 (0.06)  Lr=0.000100  Loss=0.0151 (0.0253)  Loss_ins=0.0093 (0.0211)  Loss_qua=0.0004 (0.0008)  Loss_sin=0.0008 (0.0008)  Loss_cos=0.0025 (0.0023)  Loss_wid=0.0002 (0.0004)  IoU=63.01 (54.77)  Prec@50=62.50 (59.47)
2026-03-24 19:36:35 | INFO     | utils.misc:107 - Training: Epoch=[3/50] [4300/7902]  Batch=0.32 (0.40)  Data=0.00 (0.06)  Lr=0.000100  Loss=0.0203 (0.0253)  Loss_ins=0.0195 (0.0209)  Loss_qua=0.0012 (0.0008)  Loss_sin=0.0010 (0.0008)  Loss_cos=0.0027 (0.0024)  Loss_wid=0.0005 (0.0004)  IoU=55.86 (54.81)  Prec@50=62.50 (59.53)
2026-03-24 19:36:35 | INFO     | utils.misc:107 - Training: Epoch=[3/50] [4300/7902]  Batch=0.32 (0.39)  Data=0.00 (0.06)  Lr=0.000100  Loss=0.0203 (0.0253)  Loss_ins=0.0115 (0.0211)  Loss_qua=0.0006 (0.0008)  Loss_sin=0.0011 (0.0008)  Loss_cos=0.0023 (0.0023)  Loss_wid=0.0003 (0.0004)  IoU=55.86 (54.81)  Prec@50=62.50 (59.53)
2026-03-24 19:37:08 | INFO     | utils.misc:107 - Training: Epoch=[3/50] [4400/7902]  Batch=0.35 (0.40)  Data=0.00 (0.06)  Lr=0.000100  Loss=0.0257 (0.0253)  Loss_ins=0.0135 (0.0209)  Loss_qua=0.0012 (0.0008)  Loss_sin=0.0014 (0.0008)  Loss_cos=0.0009 (0.0024)  Loss_wid=0.0006 (0.0004)  IoU=44.30 (54.79)  Prec@50=37.50 (59.52)
2026-03-24 19:37:08 | INFO     | utils.misc:107 - Training: Epoch=[3/50] [4400/7902]  Batch=0.35 (0.39)  Data=0.00 (0.06)  Lr=0.000100  Loss=0.0257 (0.0253)  Loss_ins=0.0280 (0.0211)  Loss_qua=0.0018 (0.0009)  Loss_sin=0.0015 (0.0008)  Loss_cos=0.0020 (0.0024)  Loss_wid=0.0006 (0.0004)  IoU=44.30 (54.79)  Prec@50=37.50 (59.52)
2026-03-24 19:37:39 | INFO     | utils.misc:107 - Training: Epoch=[3/50] [4500/7902]  Batch=0.19 (0.39)  Data=0.00 (0.06)  Lr=0.000100  Loss=0.0133 (0.0254)  Loss_ins=0.0093 (0.0210)  Loss_qua=0.0010 (0.0009)  Loss_sin=0.0008 (0.0008)  Loss_cos=0.0011 (0.0024)  Loss_wid=0.0001 (0.0004)  IoU=67.66 (54.67)  Prec@50=75.00 (59.36)
2026-03-24 19:37:39 | INFO     | utils.misc:107 - Training: Epoch=[3/50] [4500/7902]  Batch=0.19 (0.38)  Data=0.00 (0.06)  Lr=0.000100  Loss=0.0133 (0.0254)  Loss_ins=0.0084 (0.0211)  Loss_qua=0.0012 (0.0009)  Loss_sin=0.0013 (0.0008)  Loss_cos=0.0027 (0.0024)  Loss_wid=0.0007 (0.0004)  IoU=67.66 (54.67)  Prec@50=75.00 (59.36)
2026-03-24 19:38:11 | INFO     | utils.misc:107 - Training: Epoch=[3/50] [4600/7902]  Batch=0.35 (0.39)  Data=0.00 (0.06)  Lr=0.000100  Loss=0.0181 (0.0255)  Loss_ins=0.0109 (0.0211)  Loss_qua=0.0005 (0.0009)  Loss_sin=0.0004 (0.0008)  Loss_cos=0.0018 (0.0024)  Loss_wid=0.0001 (0.0004)  IoU=47.19 (54.55)  Prec@50=25.00 (59.17)
2026-03-24 19:38:11 | INFO     | utils.misc:107 - Training: Epoch=[3/50] [4600/7902]  Batch=0.35 (0.38)  Data=0.00 (0.06)  Lr=0.000100  Loss=0.0181 (0.0255)  Loss_ins=0.0173 (0.0212)  Loss_qua=0.0010 (0.0009)  Loss_sin=0.0007 (0.0008)  Loss_cos=0.0028 (0.0024)  Loss_wid=0.0005 (0.0004)  IoU=47.19 (54.55)  Prec@50=25.00 (59.17)
2026-03-24 19:38:43 | INFO     | utils.misc:107 - Training: Epoch=[3/50] [4700/7902]  Batch=0.31 (0.39)  Data=0.00 (0.06)  Lr=0.000100  Loss=0.0185 (0.0256)  Loss_ins=0.0167 (0.0211)  Loss_qua=0.0006 (0.0009)  Loss_sin=0.0007 (0.0008)  Loss_cos=0.0014 (0.0024)  Loss_wid=0.0003 (0.0004)  IoU=33.90 (54.50)  Prec@50=25.00 (59.11)
2026-03-24 19:38:43 | INFO     | utils.misc:107 - Training: Epoch=[3/50] [4700/7902]  Batch=0.31 (0.38)  Data=0.00 (0.06)  Lr=0.000100  Loss=0.0185 (0.0256)  Loss_ins=0.0145 (0.0213)  Loss_qua=0.0005 (0.0009)  Loss_sin=0.0004 (0.0008)  Loss_cos=0.0018 (0.0024)  Loss_wid=0.0001 (0.0004)  IoU=33.90 (54.50)  Prec@50=25.00 (59.11)
2026-03-24 19:39:15 | INFO     | utils.misc:107 - Training: Epoch=[3/50] [4800/7902]  Batch=0.32 (0.39)  Data=0.00 (0.05)  Lr=0.000100  Loss=0.0314 (0.0257)  Loss_ins=0.0277 (0.0211)  Loss_qua=0.0008 (0.0009)  Loss_sin=0.0005 (0.0008)  Loss_cos=0.0032 (0.0024)  Loss_wid=0.0003 (0.0004)  IoU=42.85 (54.45)  Prec@50=37.50 (59.06)
2026-03-24 19:39:15 | INFO     | utils.misc:107 - Training: Epoch=[3/50] [4800/7902]  Batch=0.32 (0.38)  Data=0.00 (0.06)  Lr=0.000100  Loss=0.0314 (0.0257)  Loss_ins=0.0249 (0.0214)  Loss_qua=0.0007 (0.0009)  Loss_sin=0.0007 (0.0008)  Loss_cos=0.0038 (0.0024)  Loss_wid=0.0002 (0.0004)  IoU=42.85 (54.45)  Prec@50=37.50 (59.06)
2026-03-24 19:39:47 | INFO     | utils.misc:107 - Training: Epoch=[3/50] [4900/7902]  Batch=0.32 (0.39)  Data=0.00 (0.05)  Lr=0.000100  Loss=0.0155 (0.0257)  Loss_ins=0.0111 (0.0212)  Loss_qua=0.0005 (0.0009)  Loss_sin=0.0010 (0.0008)  Loss_cos=0.0010 (0.0024)  Loss_wid=0.0003 (0.0004)  IoU=52.87 (54.34)  Prec@50=62.50 (58.95)
2026-03-24 19:39:47 | INFO     | utils.misc:107 - Training: Epoch=[3/50] [4900/7902]  Batch=0.32 (0.38)  Data=0.00 (0.06)  Lr=0.000100  Loss=0.0155 (0.0257)  Loss_ins=0.0135 (0.0214)  Loss_qua=0.0006 (0.0009)  Loss_sin=0.0008 (0.0008)  Loss_cos=0.0020 (0.0024)  Loss_wid=0.0003 (0.0004)  IoU=52.87 (54.34)  Prec@50=62.50 (58.95)
2026-03-24 19:40:20 | INFO     | utils.misc:107 - Training: Epoch=[3/50] [5000/7902]  Batch=0.32 (0.39)  Data=0.00 (0.05)  Lr=0.000100  Loss=0.0190 (0.0259)  Loss_ins=0.0161 (0.0213)  Loss_qua=0.0006 (0.0009)  Loss_sin=0.0003 (0.0008)  Loss_cos=0.0012 (0.0024)  Loss_wid=0.0001 (0.0004)  IoU=43.75 (54.26)  Prec@50=50.00 (58.87)
2026-03-24 19:40:20 | INFO     | utils.misc:107 - Training: Epoch=[3/50] [5000/7902]  Batch=0.32 (0.38)  Data=0.00 (0.05)  Lr=0.000100  Loss=0.0190 (0.0259)  Loss_ins=0.0135 (0.0216)  Loss_qua=0.0010 (0.0009)  Loss_sin=0.0013 (0.0008)  Loss_cos=0.0035 (0.0024)  Loss_wid=0.0005 (0.0004)  IoU=43.75 (54.26)  Prec@50=50.00 (58.87)
2026-03-24 19:40:52 | INFO     | utils.misc:107 - Training: Epoch=[3/50] [5100/7902]  Batch=0.31 (0.38)  Data=0.00 (0.05)  Lr=0.000100  Loss=0.0265 (0.0259)  Loss_ins=0.0127 (0.0213)  Loss_qua=0.0010 (0.0009)  Loss_sin=0.0009 (0.0008)  Loss_cos=0.0030 (0.0024)  Loss_wid=0.0005 (0.0004)  IoU=49.41 (54.15)  Prec@50=50.00 (58.72)
2026-03-24 19:40:52 | INFO     | utils.misc:107 - Training: Epoch=[3/50] [5100/7902]  Batch=0.31 (0.38)  Data=0.00 (0.05)  Lr=0.000100  Loss=0.0265 (0.0259)  Loss_ins=0.0282 (0.0216)  Loss_qua=0.0013 (0.0009)  Loss_sin=0.0010 (0.0008)  Loss_cos=0.0035 (0.0024)  Loss_wid=0.0008 (0.0004)  IoU=49.41 (54.15)  Prec@50=50.00 (58.72)
2026-03-24 19:41:25 | INFO     | utils.misc:107 - Training: Epoch=[3/50] [5200/7902]  Batch=0.32 (0.38)  Data=0.00 (0.05)  Lr=0.000100  Loss=0.0179 (0.0259)  Loss_ins=0.0092 (0.0213)  Loss_qua=0.0009 (0.0009)  Loss_sin=0.0006 (0.0008)  Loss_cos=0.0024 (0.0024)  Loss_wid=0.0002 (0.0004)  IoU=58.48 (54.12)  Prec@50=75.00 (58.69)
2026-03-24 19:41:25 | INFO     | utils.misc:107 - Training: Epoch=[3/50] [5200/7902]  Batch=0.32 (0.38)  Data=0.00 (0.05)  Lr=0.000100  Loss=0.0179 (0.0259)  Loss_ins=0.0189 (0.0216)  Loss_qua=0.0008 (0.0009)  Loss_sin=0.0005 (0.0008)  Loss_cos=0.0020 (0.0024)  Loss_wid=0.0002 (0.0004)  IoU=58.48 (54.12)  Prec@50=75.00 (58.69)
2026-03-24 19:41:57 | INFO     | utils.misc:107 - Training: Epoch=[3/50] [5300/7902]  Batch=0.31 (0.38)  Data=0.00 (0.05)  Lr=0.000100  Loss=0.0228 (0.0259)  Loss_ins=0.0148 (0.0214)  Loss_qua=0.0006 (0.0009)  Loss_sin=0.0006 (0.0008)  Loss_cos=0.0023 (0.0024)  Loss_wid=0.0002 (0.0004)  IoU=48.04 (54.09)  Prec@50=50.00 (58.62)
2026-03-24 19:41:57 | INFO     | utils.misc:107 - Training: Epoch=[3/50] [5300/7902]  Batch=0.31 (0.38)  Data=0.00 (0.05)  Lr=0.000100  Loss=0.0228 (0.0259)  Loss_ins=0.0206 (0.0216)  Loss_qua=0.0012 (0.0009)  Loss_sin=0.0018 (0.0008)  Loss_cos=0.0029 (0.0024)  Loss_wid=0.0009 (0.0004)  IoU=48.04 (54.09)  Prec@50=50.00 (58.62)
2026-03-24 19:42:27 | INFO     | utils.misc:107 - Training: Epoch=[3/50] [5400/7902]  Batch=0.31 (0.38)  Data=0.00 (0.05)  Lr=0.000100  Loss=0.0226 (0.0260)  Loss_ins=0.0168 (0.0214)  Loss_qua=0.0007 (0.0009)  Loss_sin=0.0009 (0.0008)  Loss_cos=0.0035 (0.0024)  Loss_wid=0.0006 (0.0004)  IoU=50.09 (54.00)  Prec@50=50.00 (58.48)
2026-03-24 19:42:27 | INFO     | utils.misc:107 - Training: Epoch=[3/50] [5400/7902]  Batch=0.31 (0.37)  Data=0.00 (0.05)  Lr=0.000100  Loss=0.0226 (0.0260)  Loss_ins=0.0178 (0.0216)  Loss_qua=0.0007 (0.0009)  Loss_sin=0.0005 (0.0008)  Loss_cos=0.0032 (0.0024)  Loss_wid=0.0005 (0.0004)  IoU=50.09 (54.00)  Prec@50=50.00 (58.48)
2026-03-24 19:42:58 | INFO     | utils.misc:107 - Training: Epoch=[3/50] [5500/7902]  Batch=0.26 (0.38)  Data=0.00 (0.05)  Lr=0.000100  Loss=0.0271 (0.0260)  Loss_ins=0.0095 (0.0215)  Loss_qua=0.0004 (0.0009)  Loss_sin=0.0009 (0.0008)  Loss_cos=0.0019 (0.0024)  Loss_wid=0.0002 (0.0004)  IoU=36.92 (53.99)  Prec@50=50.00 (58.46)
2026-03-24 19:42:58 | INFO     | utils.misc:107 - Training: Epoch=[3/50] [5500/7902]  Batch=0.26 (0.37)  Data=0.00 (0.05)  Lr=0.000100  Loss=0.0271 (0.0260)  Loss_ins=0.0378 (0.0216)  Loss_qua=0.0008 (0.0009)  Loss_sin=0.0006 (0.0008)  Loss_cos=0.0019 (0.0024)  Loss_wid=0.0002 (0.0004)  IoU=36.92 (53.99)  Prec@50=50.00 (58.46)
2026-03-24 19:43:30 | INFO     | utils.misc:107 - Training: Epoch=[3/50] [5600/7902]  Batch=0.32 (0.38)  Data=0.00 (0.05)  Lr=0.000100  Loss=0.0452 (0.0260)  Loss_ins=0.0615 (0.0215)  Loss_qua=0.0018 (0.0009)  Loss_sin=0.0012 (0.0008)  Loss_cos=0.0057 (0.0024)  Loss_wid=0.0005 (0.0004)  IoU=49.61 (53.97)  Prec@50=50.00 (58.43)
2026-03-24 19:43:30 | INFO     | utils.misc:107 - Training: Epoch=[3/50] [5600/7902]  Batch=0.32 (0.37)  Data=0.00 (0.05)  Lr=0.000100  Loss=0.0452 (0.0260)  Loss_ins=0.0178 (0.0216)  Loss_qua=0.0004 (0.0009)  Loss_sin=0.0005 (0.0008)  Loss_cos=0.0008 (0.0024)  Loss_wid=0.0001 (0.0004)  IoU=49.61 (53.97)  Prec@50=50.00 (58.43)
2026-03-24 19:44:01 | INFO     | utils.misc:107 - Training: Epoch=[3/50] [5700/7902]  Batch=0.32 (0.38)  Data=0.00 (0.05)  Lr=0.000100  Loss=0.0316 (0.0261)  Loss_ins=0.0361 (0.0215)  Loss_qua=0.0012 (0.0009)  Loss_sin=0.0005 (0.0008)  Loss_cos=0.0028 (0.0025)  Loss_wid=0.0009 (0.0004)  IoU=45.37 (53.93)  Prec@50=50.00 (58.39)
2026-03-24 19:44:01 | INFO     | utils.misc:107 - Training: Epoch=[3/50] [5700/7902]  Batch=0.32 (0.37)  Data=0.00 (0.05)  Lr=0.000100  Loss=0.0316 (0.0261)  Loss_ins=0.0181 (0.0216)  Loss_qua=0.0008 (0.0009)  Loss_sin=0.0006 (0.0008)  Loss_cos=0.0019 (0.0024)  Loss_wid=0.0005 (0.0004)  IoU=45.37 (53.93)  Prec@50=50.00 (58.39)
2026-03-24 19:44:33 | INFO     | utils.misc:107 - Training: Epoch=[3/50] [5800/7902]  Batch=0.31 (0.38)  Data=0.00 (0.05)  Lr=0.000100  Loss=0.0387 (0.0261)  Loss_ins=0.0149 (0.0216)  Loss_qua=0.0009 (0.0009)  Loss_sin=0.0005 (0.0008)  Loss_cos=0.0028 (0.0025)  Loss_wid=0.0003 (0.0004)  IoU=54.21 (53.89)  Prec@50=50.00 (58.35)
2026-03-24 19:44:33 | INFO     | utils.misc:107 - Training: Epoch=[3/50] [5800/7902]  Batch=0.31 (0.37)  Data=0.00 (0.05)  Lr=0.000100  Loss=0.0387 (0.0261)  Loss_ins=0.0500 (0.0217)  Loss_qua=0.0015 (0.0009)  Loss_sin=0.0006 (0.0008)  Loss_cos=0.0051 (0.0024)  Loss_wid=0.0008 (0.0004)  IoU=54.21 (53.89)  Prec@50=50.00 (58.35)
2026-03-24 19:45:06 | INFO     | utils.misc:107 - Training: Epoch=[3/50] [5900/7902]  Batch=0.35 (0.38)  Data=0.00 (0.04)  Lr=0.000100  Loss=0.0430 (0.0261)  Loss_ins=0.0284 (0.0216)  Loss_qua=0.0008 (0.0009)  Loss_sin=0.0007 (0.0008)  Loss_cos=0.0025 (0.0025)  Loss_wid=0.0003 (0.0004)  IoU=47.89 (53.87)  Prec@50=50.00 (58.32)
2026-03-24 19:45:06 | INFO     | utils.misc:107 - Training: Epoch=[3/50] [5900/7902]  Batch=0.35 (0.37)  Data=0.00 (0.05)  Lr=0.000100  Loss=0.0430 (0.0261)  Loss_ins=0.0449 (0.0217)  Loss_qua=0.0016 (0.0009)  Loss_sin=0.0007 (0.0008)  Loss_cos=0.0055 (0.0024)  Loss_wid=0.0007 (0.0004)  IoU=47.89 (53.87)  Prec@50=50.00 (58.32)
2026-03-24 19:45:38 | INFO     | utils.misc:107 - Training: Epoch=[3/50] [6000/7902]  Batch=0.32 (0.37)  Data=0.00 (0.04)  Lr=0.000100  Loss=0.0262 (0.0261)  Loss_ins=0.0255 (0.0216)  Loss_qua=0.0008 (0.0009)  Loss_sin=0.0007 (0.0008)  Loss_cos=0.0020 (0.0025)  Loss_wid=0.0003 (0.0004)  IoU=36.50 (53.84)  Prec@50=37.50 (58.29)
2026-03-24 19:45:38 | INFO     | utils.misc:107 - Training: Epoch=[3/50] [6000/7902]  Batch=0.32 (0.37)  Data=0.00 (0.05)  Lr=0.000100  Loss=0.0262 (0.0261)  Loss_ins=0.0215 (0.0218)  Loss_qua=0.0006 (0.0009)  Loss_sin=0.0002 (0.0008)  Loss_cos=0.0006 (0.0024)  Loss_wid=0.0002 (0.0004)  IoU=36.50 (53.84)  Prec@50=37.50 (58.29)
2026-03-24 19:46:09 | INFO     | utils.misc:107 - Training: Epoch=[3/50] [6100/7902]  Batch=0.32 (0.37)  Data=0.00 (0.04)  Lr=0.000100  Loss=0.0311 (0.0262)  Loss_ins=0.0410 (0.0216)  Loss_qua=0.0009 (0.0009)  Loss_sin=0.0005 (0.0008)  Loss_cos=0.0018 (0.0025)  Loss_wid=0.0003 (0.0004)  IoU=46.19 (53.81)  Prec@50=50.00 (58.24)
2026-03-24 19:46:09 | INFO     | utils.misc:107 - Training: Epoch=[3/50] [6100/7902]  Batch=0.32 (0.37)  Data=0.00 (0.05)  Lr=0.000100  Loss=0.0311 (0.0262)  Loss_ins=0.0142 (0.0218)  Loss_qua=0.0006 (0.0009)  Loss_sin=0.0005 (0.0008)  Loss_cos=0.0024 (0.0025)  Loss_wid=0.0002 (0.0004)  IoU=46.19 (53.81)  Prec@50=50.00 (58.24)
2026-03-24 19:46:41 | INFO     | utils.misc:107 - Training: Epoch=[3/50] [6200/7902]  Batch=0.31 (0.37)  Data=0.00 (0.04)  Lr=0.000100  Loss=0.0146 (0.0262)  Loss_ins=0.0088 (0.0216)  Loss_qua=0.0004 (0.0009)  Loss_sin=0.0005 (0.0008)  Loss_cos=0.0018 (0.0025)  Loss_wid=0.0001 (0.0004)  IoU=63.68 (53.80)  Prec@50=62.50 (58.23)
2026-03-24 19:46:41 | INFO     | utils.misc:107 - Training: Epoch=[3/50] [6200/7902]  Batch=0.31 (0.37)  Data=0.00 (0.04)  Lr=0.000100  Loss=0.0146 (0.0262)  Loss_ins=0.0122 (0.0218)  Loss_qua=0.0008 (0.0009)  Loss_sin=0.0008 (0.0008)  Loss_cos=0.0034 (0.0025)  Loss_wid=0.0003 (0.0004)  IoU=63.68 (53.80)  Prec@50=62.50 (58.23)
2026-03-24 19:47:13 | INFO     | utils.misc:107 - Training: Epoch=[3/50] [6300/7902]  Batch=0.31 (0.37)  Data=0.00 (0.04)  Lr=0.000100  Loss=0.0139 (0.0262)  Loss_ins=0.0079 (0.0216)  Loss_qua=0.0004 (0.0009)  Loss_sin=0.0007 (0.0008)  Loss_cos=0.0016 (0.0025)  Loss_wid=0.0002 (0.0004)  IoU=55.89 (53.78)  Prec@50=50.00 (58.18)
2026-03-24 19:47:13 | INFO     | utils.misc:107 - Training: Epoch=[3/50] [6300/7902]  Batch=0.31 (0.37)  Data=0.00 (0.04)  Lr=0.000100  Loss=0.0139 (0.0262)  Loss_ins=0.0150 (0.0219)  Loss_qua=0.0005 (0.0009)  Loss_sin=0.0003 (0.0008)  Loss_cos=0.0010 (0.0025)  Loss_wid=0.0002 (0.0004)  IoU=55.89 (53.78)  Prec@50=50.00 (58.18)
2026-03-24 19:47:46 | INFO     | utils.misc:107 - Training: Epoch=[3/50] [6400/7902]  Batch=0.32 (0.37)  Data=0.00 (0.04)  Lr=0.000100  Loss=0.0630 (0.0262)  Loss_ins=0.0899 (0.0216)  Loss_qua=0.0036 (0.0009)  Loss_sin=0.0012 (0.0008)  Loss_cos=0.0102 (0.0025)  Loss_wid=0.0024 (0.0004)  IoU=60.86 (53.79)  Prec@50=50.00 (58.21)
2026-03-24 19:47:46 | INFO     | utils.misc:107 - Training: Epoch=[3/50] [6400/7902]  Batch=0.32 (0.37)  Data=0.00 (0.04)  Lr=0.000100  Loss=0.0630 (0.0262)  Loss_ins=0.0150 (0.0219)  Loss_qua=0.0005 (0.0009)  Loss_sin=0.0012 (0.0008)  Loss_cos=0.0018 (0.0025)  Loss_wid=0.0002 (0.0004)  IoU=60.86 (53.79)  Prec@50=50.00 (58.21)
2026-03-24 19:48:18 | INFO     | utils.misc:107 - Training: Epoch=[3/50] [6500/7902]  Batch=0.32 (0.37)  Data=0.00 (0.04)  Lr=0.000100  Loss=0.0119 (0.0262)  Loss_ins=0.0073 (0.0215)  Loss_qua=0.0005 (0.0009)  Loss_sin=0.0007 (0.0008)  Loss_cos=0.0019 (0.0024)  Loss_wid=0.0002 (0.0004)  IoU=58.93 (53.83)  Prec@50=50.00 (58.26)
2026-03-24 19:48:18 | INFO     | utils.misc:107 - Training: Epoch=[3/50] [6500/7902]  Batch=0.32 (0.36)  Data=0.00 (0.04)  Lr=0.000100  Loss=0.0119 (0.0262)  Loss_ins=0.0114 (0.0218)  Loss_qua=0.0004 (0.0009)  Loss_sin=0.0004 (0.0008)  Loss_cos=0.0009 (0.0025)  Loss_wid=0.0001 (0.0004)  IoU=58.93 (53.83)  Prec@50=50.00 (58.26)
2026-03-24 19:48:50 | INFO     | utils.misc:107 - Training: Epoch=[3/50] [6600/7902]  Batch=0.32 (0.37)  Data=0.00 (0.04)  Lr=0.000100  Loss=0.0237 (0.0261)  Loss_ins=0.0226 (0.0215)  Loss_qua=0.0013 (0.0009)  Loss_sin=0.0011 (0.0008)  Loss_cos=0.0041 (0.0024)  Loss_wid=0.0005 (0.0004)  IoU=58.57 (53.85)  Prec@50=62.50 (58.29)
2026-03-24 19:48:50 | INFO     | utils.misc:107 - Training: Epoch=[3/50] [6600/7902]  Batch=0.32 (0.36)  Data=0.00 (0.04)  Lr=0.000100  Loss=0.0237 (0.0261)  Loss_ins=0.0146 (0.0218)  Loss_qua=0.0007 (0.0009)  Loss_sin=0.0009 (0.0008)  Loss_cos=0.0013 (0.0024)  Loss_wid=0.0003 (0.0004)  IoU=58.57 (53.85)  Prec@50=62.50 (58.29)
2026-03-24 19:49:22 | INFO     | utils.misc:107 - Training: Epoch=[3/50] [6700/7902]  Batch=0.35 (0.37)  Data=0.00 (0.04)  Lr=0.000100  Loss=0.0279 (0.0261)  Loss_ins=0.0338 (0.0215)  Loss_qua=0.0017 (0.0009)  Loss_sin=0.0005 (0.0008)  Loss_cos=0.0031 (0.0024)  Loss_wid=0.0011 (0.0004)  IoU=63.25 (53.89)  Prec@50=75.00 (58.32)
2026-03-24 19:49:22 | INFO     | utils.misc:107 - Training: Epoch=[3/50] [6700/7902]  Batch=0.35 (0.36)  Data=0.00 (0.04)  Lr=0.000100  Loss=0.0279 (0.0261)  Loss_ins=0.0130 (0.0218)  Loss_qua=0.0005 (0.0009)  Loss_sin=0.0002 (0.0008)  Loss_cos=0.0017 (0.0024)  Loss_wid=0.0001 (0.0004)  IoU=63.25 (53.89)  Prec@50=75.00 (58.32)
2026-03-24 19:49:54 | INFO     | utils.misc:107 - Training: Epoch=[3/50] [6800/7902]  Batch=0.31 (0.37)  Data=0.00 (0.04)  Lr=0.000100  Loss=0.0570 (0.0261)  Loss_ins=0.0887 (0.0215)  Loss_qua=0.0016 (0.0009)  Loss_sin=0.0005 (0.0008)  Loss_cos=0.0039 (0.0024)  Loss_wid=0.0009 (0.0004)  IoU=51.04 (53.92)  Prec@50=50.00 (58.36)
2026-03-24 19:49:54 | INFO     | utils.misc:107 - Training: Epoch=[3/50] [6800/7902]  Batch=0.31 (0.36)  Data=0.00 (0.04)  Lr=0.000100  Loss=0.0570 (0.0261)  Loss_ins=0.0155 (0.0217)  Loss_qua=0.0006 (0.0009)  Loss_sin=0.0004 (0.0008)  Loss_cos=0.0018 (0.0024)  Loss_wid=0.0001 (0.0004)  IoU=51.04 (53.92)  Prec@50=50.00 (58.36)
2026-03-24 19:50:27 | INFO     | utils.misc:107 - Training: Epoch=[3/50] [6900/7902]  Batch=0.32 (0.37)  Data=0.00 (0.04)  Lr=0.000100  Loss=0.0181 (0.0261)  Loss_ins=0.0119 (0.0215)  Loss_qua=0.0005 (0.0009)  Loss_sin=0.0007 (0.0008)  Loss_cos=0.0024 (0.0024)  Loss_wid=0.0002 (0.0004)  IoU=57.08 (53.94)  Prec@50=75.00 (58.39)
2026-03-24 19:50:27 | INFO     | utils.misc:107 - Training: Epoch=[3/50] [6900/7902]  Batch=0.32 (0.36)  Data=0.00 (0.04)  Lr=0.000100  Loss=0.0181 (0.0261)  Loss_ins=0.0164 (0.0217)  Loss_qua=0.0006 (0.0009)  Loss_sin=0.0006 (0.0008)  Loss_cos=0.0028 (0.0024)  Loss_wid=0.0002 (0.0004)  IoU=57.08 (53.94)  Prec@50=75.00 (58.39)
2026-03-24 19:51:00 | INFO     | utils.misc:107 - Training: Epoch=[3/50] [7000/7902]  Batch=0.35 (0.37)  Data=0.00 (0.04)  Lr=0.000100  Loss=0.0198 (0.0260)  Loss_ins=0.0146 (0.0215)  Loss_qua=0.0004 (0.0009)  Loss_sin=0.0003 (0.0008)  Loss_cos=0.0018 (0.0024)  Loss_wid=0.0001 (0.0004)  IoU=58.16 (54.01)  Prec@50=50.00 (58.46)
2026-03-24 19:51:00 | INFO     | utils.misc:107 - Training: Epoch=[3/50] [7000/7902]  Batch=0.35 (0.36)  Data=0.00 (0.04)  Lr=0.000100  Loss=0.0198 (0.0260)  Loss_ins=0.0184 (0.0217)  Loss_qua=0.0006 (0.0009)  Loss_sin=0.0005 (0.0008)  Loss_cos=0.0027 (0.0024)  Loss_wid=0.0001 (0.0004)  IoU=58.16 (54.01)  Prec@50=50.00 (58.46)
2026-03-24 19:51:37 | INFO     | utils.misc:107 - Training: Epoch=[3/50] [7100/7902]  Batch=0.32 (0.37)  Data=0.00 (0.04)  Lr=0.000100  Loss=0.0217 (0.0260)  Loss_ins=0.0213 (0.0214)  Loss_qua=0.0005 (0.0009)  Loss_sin=0.0007 (0.0008)  Loss_cos=0.0022 (0.0024)  Loss_wid=0.0001 (0.0004)  IoU=53.39 (54.06)  Prec@50=50.00 (58.55)
2026-03-24 19:51:37 | INFO     | utils.misc:107 - Training: Epoch=[3/50] [7100/7902]  Batch=0.32 (0.36)  Data=0.00 (0.04)  Lr=0.000100  Loss=0.0217 (0.0260)  Loss_ins=0.0165 (0.0216)  Loss_qua=0.0004 (0.0009)  Loss_sin=0.0002 (0.0008)  Loss_cos=0.0013 (0.0024)  Loss_wid=0.0001 (0.0004)  IoU=53.39 (54.06)  Prec@50=50.00 (58.55)
2026-03-24 19:52:14 | INFO     | utils.misc:107 - Training: Epoch=[3/50] [7200/7902]  Batch=0.35 (0.37)  Data=0.00 (0.04)  Lr=0.000100  Loss=0.0337 (0.0259)  Loss_ins=0.0457 (0.0214)  Loss_qua=0.0012 (0.0009)  Loss_sin=0.0008 (0.0008)  Loss_cos=0.0053 (0.0024)  Loss_wid=0.0003 (0.0004)  IoU=60.84 (54.12)  Prec@50=62.50 (58.63)
2026-03-24 19:52:14 | INFO     | utils.misc:107 - Training: Epoch=[3/50] [7200/7902]  Batch=0.35 (0.36)  Data=0.00 (0.04)  Lr=0.000100  Loss=0.0337 (0.0259)  Loss_ins=0.0119 (0.0216)  Loss_qua=0.0005 (0.0009)  Loss_sin=0.0004 (0.0008)  Loss_cos=0.0012 (0.0024)  Loss_wid=0.0001 (0.0004)  IoU=60.84 (54.12)  Prec@50=62.50 (58.63)
2026-03-24 19:52:52 | INFO     | utils.misc:107 - Training: Epoch=[3/50] [7300/7902]  Batch=0.24 (0.37)  Data=0.00 (0.04)  Lr=0.000100  Loss=0.0199 (0.0259)  Loss_ins=0.0164 (0.0214)  Loss_qua=0.0008 (0.0009)  Loss_sin=0.0008 (0.0008)  Loss_cos=0.0021 (0.0024)  Loss_wid=0.0002 (0.0004)  IoU=55.55 (54.16)  Prec@50=62.50 (58.68)
2026-03-24 19:52:52 | INFO     | utils.misc:107 - Training: Epoch=[3/50] [7300/7902]  Batch=0.24 (0.36)  Data=0.00 (0.04)  Lr=0.000100  Loss=0.0199 (0.0259)  Loss_ins=0.0134 (0.0216)  Loss_qua=0.0009 (0.0009)  Loss_sin=0.0013 (0.0008)  Loss_cos=0.0037 (0.0024)  Loss_wid=0.0004 (0.0004)  IoU=55.55 (54.16)  Prec@50=62.50 (58.68)
2026-03-24 19:53:28 | INFO     | utils.misc:107 - Training: Epoch=[3/50] [7400/7902]  Batch=0.64 (0.37)  Data=0.00 (0.04)  Lr=0.000100  Loss=0.0138 (0.0259)  Loss_ins=0.0088 (0.0213)  Loss_qua=0.0004 (0.0009)  Loss_sin=0.0003 (0.0008)  Loss_cos=0.0013 (0.0024)  Loss_wid=0.0001 (0.0004)  IoU=66.84 (54.24)  Prec@50=75.00 (58.81)
2026-03-24 19:53:28 | INFO     | utils.misc:107 - Training: Epoch=[3/50] [7400/7902]  Batch=0.64 (0.36)  Data=0.33 (0.04)  Lr=0.000100  Loss=0.0138 (0.0259)  Loss_ins=0.0137 (0.0216)  Loss_qua=0.0007 (0.0009)  Loss_sin=0.0008 (0.0008)  Loss_cos=0.0013 (0.0024)  Loss_wid=0.0004 (0.0004)  IoU=66.84 (54.24)  Prec@50=75.00 (58.81)
2026-03-24 19:54:03 | INFO     | utils.misc:107 - Training: Epoch=[3/50] [7500/7902]  Batch=0.26 (0.37)  Data=0.00 (0.04)  Lr=0.000100  Loss=0.0234 (0.0258)  Loss_ins=0.0100 (0.0213)  Loss_qua=0.0004 (0.0009)  Loss_sin=0.0003 (0.0008)  Loss_cos=0.0019 (0.0024)  Loss_wid=0.0002 (0.0004)  IoU=61.70 (54.26)  Prec@50=75.00 (58.84)
2026-03-24 19:54:03 | INFO     | utils.misc:107 - Training: Epoch=[3/50] [7500/7902]  Batch=0.26 (0.36)  Data=0.00 (0.04)  Lr=0.000100  Loss=0.0234 (0.0258)  Loss_ins=0.0291 (0.0215)  Loss_qua=0.0009 (0.0009)  Loss_sin=0.0010 (0.0008)  Loss_cos=0.0026 (0.0024)  Loss_wid=0.0003 (0.0004)  IoU=61.70 (54.26)  Prec@50=75.00 (58.84)
2026-03-24 19:54:38 | INFO     | utils.misc:107 - Training: Epoch=[3/50] [7600/7902]  Batch=0.31 (0.37)  Data=0.00 (0.04)  Lr=0.000100  Loss=0.0101 (0.0258)  Loss_ins=0.0084 (0.0213)  Loss_qua=0.0005 (0.0009)  Loss_sin=0.0006 (0.0008)  Loss_cos=0.0010 (0.0024)  Loss_wid=0.0001 (0.0004)  IoU=52.33 (54.30)  Prec@50=62.50 (58.90)
2026-03-24 19:54:38 | INFO     | utils.misc:107 - Training: Epoch=[3/50] [7600/7902]  Batch=0.31 (0.36)  Data=0.00 (0.04)  Lr=0.000100  Loss=0.0101 (0.0258)  Loss_ins=0.0075 (0.0215)  Loss_qua=0.0004 (0.0009)  Loss_sin=0.0004 (0.0008)  Loss_cos=0.0012 (0.0024)  Loss_wid=0.0001 (0.0004)  IoU=52.33 (54.30)  Prec@50=62.50 (58.90)
2026-03-24 19:55:11 | INFO     | utils.misc:107 - Training: Epoch=[3/50] [7700/7902]  Batch=0.32 (0.37)  Data=0.00 (0.04)  Lr=0.000100  Loss=0.0144 (0.0257)  Loss_ins=0.0098 (0.0212)  Loss_qua=0.0005 (0.0009)  Loss_sin=0.0003 (0.0008)  Loss_cos=0.0015 (0.0024)  Loss_wid=0.0002 (0.0004)  IoU=56.38 (54.36)  Prec@50=62.50 (58.98)
2026-03-24 19:55:11 | INFO     | utils.misc:107 - Training: Epoch=[3/50] [7700/7902]  Batch=0.32 (0.36)  Data=0.00 (0.04)  Lr=0.000100  Loss=0.0144 (0.0257)  Loss_ins=0.0140 (0.0215)  Loss_qua=0.0008 (0.0009)  Loss_sin=0.0004 (0.0008)  Loss_cos=0.0012 (0.0024)  Loss_wid=0.0003 (0.0004)  IoU=56.38 (54.36)  Prec@50=62.50 (58.98)
2026-03-24 19:55:44 | INFO     | utils.misc:107 - Training: Epoch=[3/50] [7800/7902]  Batch=0.33 (0.37)  Data=0.00 (0.04)  Lr=0.000100  Loss=0.0135 (0.0257)  Loss_ins=0.0125 (0.0212)  Loss_qua=0.0010 (0.0009)  Loss_sin=0.0009 (0.0008)  Loss_cos=0.0027 (0.0024)  Loss_wid=0.0005 (0.0004)  IoU=58.13 (54.41)  Prec@50=62.50 (59.04)
2026-03-24 19:55:44 | INFO     | utils.misc:107 - Training: Epoch=[3/50] [7800/7902]  Batch=0.33 (0.36)  Data=0.00 (0.04)  Lr=0.000100  Loss=0.0135 (0.0257)  Loss_ins=0.0075 (0.0215)  Loss_qua=0.0004 (0.0009)  Loss_sin=0.0005 (0.0008)  Loss_cos=0.0010 (0.0024)  Loss_wid=0.0001 (0.0004)  IoU=58.13 (54.41)  Prec@50=62.50 (59.04)
2026-03-24 19:56:18 | INFO     | utils.misc:107 - Training: Epoch=[3/50] [7900/7902]  Batch=0.36 (0.37)  Data=0.00 (0.03)  Lr=0.000100  Loss=0.0251 (0.0257)  Loss_ins=0.0331 (0.0212)  Loss_qua=0.0011 (0.0009)  Loss_sin=0.0008 (0.0008)  Loss_cos=0.0029 (0.0024)  Loss_wid=0.0004 (0.0004)  IoU=50.76 (54.45)  Prec@50=62.50 (59.10)
2026-03-24 19:56:18 | INFO     | utils.misc:107 - Training: Epoch=[3/50] [7900/7902]  Batch=0.36 (0.36)  Data=0.00 (0.04)  Lr=0.000100  Loss=0.0251 (0.0257)  Loss_ins=0.0101 (0.0214)  Loss_qua=0.0004 (0.0009)  Loss_sin=0.0004 (0.0008)  Loss_cos=0.0009 (0.0024)  Loss_wid=0.0001 (0.0004)  IoU=50.76 (54.45)  Prec@50=62.50 (59.10)
/home/tstanley/miniconda3/envs/vmamba_copy/lib/python3.10/site-packages/requests/__init__.py:113: RequestsDependencyWarning: urllib3 (1.26.20) or chardet (7.0.1)/charset_normalizer (3.1.0) doesn't match a supported version!
  warnings.warn(
/home/tstanley/miniconda3/envs/vmamba_copy/lib/python3.10/site-packages/requests/__init__.py:113: RequestsDependencyWarning: urllib3 (1.26.20) or chardet (7.0.1)/charset_normalizer (3.1.0) doesn't match a supported version!
  warnings.warn(
2026-03-24 20:04:36 | INFO     | engine.crog_engine:388 - Evaluation: Epoch=[3/50]  IoU=59.71  J_index@1: 52.64  J_index@5: 60.90  Pr@50: 68.40  Pr@60: 59.27  Pr@70: 48.80  Pr@80: 33.53  Pr@90: 6.77  
2026-03-24 20:04:36 | INFO     | engine.crog_engine:388 - Evaluation: Epoch=[3/50]  IoU=59.71  J_index@1: 52.90  J_index@5: 60.83  Pr@50: 68.40  Pr@60: 59.27  Pr@70: 48.80  Pr@80: 33.53  Pr@90: 6.77  
/home/tstanley/miniconda3/envs/vmamba_copy/lib/python3.10/site-packages/requests/__init__.py:113: RequestsDependencyWarning: urllib3 (1.26.20) or chardet (7.0.1)/charset_normalizer (3.1.0) doesn't match a supported version!
  warnings.warn(
/home/tstanley/miniconda3/envs/vmamba_copy/lib/python3.10/site-packages/requests/__init__.py:113: RequestsDependencyWarning: urllib3 (1.26.20) or chardet (7.0.1)/charset_normalizer (3.1.0) doesn't match a supported version!
  warnings.warn(
2026-03-24 20:07:17 | INFO     | utils.misc:107 - Training: Epoch=[4/50] [ 100/7902]  Batch=0.32 (1.60)  Data=0.00 (1.09)  Lr=0.000100  Loss=0.0332 (0.0238)  Loss_ins=0.0175 (0.0194)  Loss_qua=0.0008 (0.0008)  Loss_sin=0.0005 (0.0007)  Loss_cos=0.0023 (0.0022)  Loss_wid=0.0004 (0.0003)  IoU=48.61 (59.06)  Prec@50=50.00 (64.38)
2026-03-24 20:07:17 | INFO     | utils.misc:107 - Training: Epoch=[4/50] [ 100/7902]  Batch=0.32 (1.09)  Data=0.00 (0.82)  Lr=0.000100  Loss=0.0332 (0.0238)  Loss_ins=0.0393 (0.0196)  Loss_qua=0.0009 (0.0008)  Loss_sin=0.0009 (0.0008)  Loss_cos=0.0033 (0.0024)  Loss_wid=0.0004 (0.0004)  IoU=48.61 (59.06)  Prec@50=50.00 (64.38)
2026-03-24 20:07:53 | INFO     | utils.misc:107 - Training: Epoch=[4/50] [ 200/7902]  Batch=0.32 (0.98)  Data=0.00 (0.56)  Lr=0.000100  Loss=0.0184 (0.0228)  Loss_ins=0.0158 (0.0185)  Loss_qua=0.0006 (0.0008)  Loss_sin=0.0007 (0.0007)  Loss_cos=0.0009 (0.0022)  Loss_wid=0.0001 (0.0003)  IoU=55.00 (59.67)  Prec@50=50.00 (66.25)
2026-03-24 20:07:53 | INFO     | utils.misc:107 - Training: Epoch=[4/50] [ 200/7902]  Batch=0.32 (0.72)  Data=0.00 (0.42)  Lr=0.000100  Loss=0.0184 (0.0228)  Loss_ins=0.0161 (0.0190)  Loss_qua=0.0007 (0.0008)  Loss_sin=0.0007 (0.0007)  Loss_cos=0.0011 (0.0022)  Loss_wid=0.0002 (0.0003)  IoU=55.00 (59.67)  Prec@50=50.00 (66.25)
2026-03-24 20:08:26 | INFO     | utils.misc:107 - Training: Epoch=[4/50] [ 300/7902]  Batch=0.32 (0.76)  Data=0.00 (0.37)  Lr=0.000100  Loss=0.0352 (0.0232)  Loss_ins=0.0472 (0.0190)  Loss_qua=0.0010 (0.0008)  Loss_sin=0.0004 (0.0007)  Loss_cos=0.0032 (0.0023)  Loss_wid=0.0003 (0.0003)  IoU=54.98 (59.13)  Prec@50=50.00 (65.38)
2026-03-24 20:08:26 | INFO     | utils.misc:107 - Training: Epoch=[4/50] [ 300/7902]  Batch=0.32 (0.59)  Data=0.00 (0.28)  Lr=0.000100  Loss=0.0352 (0.0232)  Loss_ins=0.0139 (0.0192)  Loss_qua=0.0007 (0.0008)  Loss_sin=0.0009 (0.0007)  Loss_cos=0.0025 (0.0023)  Loss_wid=0.0002 (0.0003)  IoU=54.98 (59.13)  Prec@50=50.00 (65.38)
2026-03-24 20:08:58 | INFO     | utils.misc:107 - Training: Epoch=[4/50] [ 400/7902]  Batch=0.31 (0.65)  Data=0.00 (0.28)  Lr=0.000100  Loss=0.0125 (0.0229)  Loss_ins=0.0087 (0.0189)  Loss_qua=0.0005 (0.0008)  Loss_sin=0.0008 (0.0007)  Loss_cos=0.0016 (0.0023)  Loss_wid=0.0002 (0.0003)  IoU=75.07 (58.99)  Prec@50=87.50 (65.38)
2026-03-24 20:08:58 | INFO     | utils.misc:107 - Training: Epoch=[4/50] [ 400/7902]  Batch=0.31 (0.52)  Data=0.00 (0.21)  Lr=0.000100  Loss=0.0125 (0.0229)  Loss_ins=0.0112 (0.0189)  Loss_qua=0.0004 (0.0008)  Loss_sin=0.0006 (0.0007)  Loss_cos=0.0008 (0.0022)  Loss_wid=0.0002 (0.0003)  IoU=75.07 (58.99)  Prec@50=87.50 (65.38)
2026-03-24 20:09:31 | INFO     | utils.misc:107 - Training: Epoch=[4/50] [ 500/7902]  Batch=0.32 (0.59)  Data=0.00 (0.22)  Lr=0.000100  Loss=0.0204 (0.0228)  Loss_ins=0.0105 (0.0190)  Loss_qua=0.0004 (0.0008)  Loss_sin=0.0004 (0.0007)  Loss_cos=0.0015 (0.0022)  Loss_wid=0.0001 (0.0003)  IoU=60.43 (58.83)  Prec@50=62.50 (65.00)
2026-03-24 20:09:31 | INFO     | utils.misc:107 - Training: Epoch=[4/50] [ 500/7902]  Batch=0.32 (0.48)  Data=0.00 (0.17)  Lr=0.000100  Loss=0.0204 (0.0228)  Loss_ins=0.0200 (0.0186)  Loss_qua=0.0009 (0.0008)  Loss_sin=0.0018 (0.0007)  Loss_cos=0.0043 (0.0022)  Loss_wid=0.0007 (0.0003)  IoU=60.43 (58.83)  Prec@50=62.50 (65.00)
2026-03-24 20:10:02 | INFO     | utils.misc:107 - Training: Epoch=[4/50] [ 600/7902]  Batch=0.31 (0.54)  Data=0.00 (0.19)  Lr=0.000100  Loss=0.0301 (0.0226)  Loss_ins=0.0330 (0.0190)  Loss_qua=0.0006 (0.0008)  Loss_sin=0.0008 (0.0007)  Loss_cos=0.0017 (0.0022)  Loss_wid=0.0002 (0.0003)  IoU=54.88 (58.96)  Prec@50=50.00 (65.21)
2026-03-24 20:10:02 | INFO     | utils.misc:107 - Training: Epoch=[4/50] [ 600/7902]  Batch=0.31 (0.46)  Data=0.00 (0.14)  Lr=0.000100  Loss=0.0301 (0.0226)  Loss_ins=0.0207 (0.0184)  Loss_qua=0.0006 (0.0007)  Loss_sin=0.0005 (0.0007)  Loss_cos=0.0020 (0.0022)  Loss_wid=0.0002 (0.0003)  IoU=54.88 (58.96)  Prec@50=50.00 (65.21)
2026-03-24 20:10:35 | INFO     | utils.misc:107 - Training: Epoch=[4/50] [ 700/7902]  Batch=0.31 (0.51)  Data=0.00 (0.16)  Lr=0.000100  Loss=0.0143 (0.0223)  Loss_ins=0.0131 (0.0188)  Loss_qua=0.0008 (0.0007)  Loss_sin=0.0011 (0.0007)  Loss_cos=0.0030 (0.0022)  Loss_wid=0.0004 (0.0003)  IoU=67.56 (59.09)  Prec@50=62.50 (65.34)
2026-03-24 20:10:35 | INFO     | utils.misc:107 - Training: Epoch=[4/50] [ 700/7902]  Batch=0.31 (0.44)  Data=0.00 (0.12)  Lr=0.000100  Loss=0.0143 (0.0223)  Loss_ins=0.0076 (0.0181)  Loss_qua=0.0003 (0.0007)  Loss_sin=0.0002 (0.0007)  Loss_cos=0.0019 (0.0021)  Loss_wid=0.0001 (0.0003)  IoU=67.56 (59.09)  Prec@50=62.50 (65.34)
2026-03-24 20:11:07 | INFO     | utils.misc:107 - Training: Epoch=[4/50] [ 800/7902]  Batch=0.20 (0.49)  Data=0.00 (0.14)  Lr=0.000100  Loss=0.0407 (0.0221)  Loss_ins=0.0571 (0.0187)  Loss_qua=0.0012 (0.0007)  Loss_sin=0.0011 (0.0007)  Loss_cos=0.0026 (0.0022)  Loss_wid=0.0005 (0.0003)  IoU=55.12 (59.38)  Prec@50=62.50 (65.72)
2026-03-24 20:11:07 | INFO     | utils.misc:107 - Training: Epoch=[4/50] [ 800/7902]  Batch=0.20 (0.42)  Data=0.00 (0.11)  Lr=0.000100  Loss=0.0407 (0.0221)  Loss_ins=0.0155 (0.0179)  Loss_qua=0.0007 (0.0007)  Loss_sin=0.0008 (0.0007)  Loss_cos=0.0018 (0.0021)  Loss_wid=0.0002 (0.0003)  IoU=55.12 (59.38)  Prec@50=62.50 (65.72)
2026-03-24 20:11:39 | INFO     | utils.misc:107 - Training: Epoch=[4/50] [ 900/7902]  Batch=0.32 (0.47)  Data=0.00 (0.13)  Lr=0.000100  Loss=0.0160 (0.0218)  Loss_ins=0.0136 (0.0182)  Loss_qua=0.0012 (0.0007)  Loss_sin=0.0014 (0.0007)  Loss_cos=0.0029 (0.0021)  Loss_wid=0.0008 (0.0003)  IoU=68.72 (59.62)  Prec@50=87.50 (65.94)
2026-03-24 20:11:39 | INFO     | utils.misc:107 - Training: Epoch=[4/50] [ 900/7902]  Batch=0.32 (0.41)  Data=0.00 (0.10)  Lr=0.000100  Loss=0.0160 (0.0218)  Loss_ins=0.0102 (0.0178)  Loss_qua=0.0004 (0.0007)  Loss_sin=0.0005 (0.0007)  Loss_cos=0.0010 (0.0021)  Loss_wid=0.0001 (0.0003)  IoU=68.72 (59.62)  Prec@50=87.50 (65.94)
2026-03-24 20:12:11 | INFO     | utils.misc:107 - Training: Epoch=[4/50] [1000/7902]  Batch=0.32 (0.45)  Data=0.00 (0.11)  Lr=0.000100  Loss=0.0135 (0.0217)  Loss_ins=0.0082 (0.0182)  Loss_qua=0.0006 (0.0007)  Loss_sin=0.0013 (0.0007)  Loss_cos=0.0016 (0.0021)  Loss_wid=0.0001 (0.0003)  IoU=56.82 (59.68)  Prec@50=50.00 (65.99)
2026-03-24 20:12:11 | INFO     | utils.misc:107 - Training: Epoch=[4/50] [1000/7902]  Batch=0.32 (0.40)  Data=0.00 (0.09)  Lr=0.000100  Loss=0.0135 (0.0217)  Loss_ins=0.0126 (0.0176)  Loss_qua=0.0007 (0.0007)  Loss_sin=0.0007 (0.0007)  Loss_cos=0.0011 (0.0021)  Loss_wid=0.0002 (0.0003)  IoU=56.82 (59.68)  Prec@50=50.00 (65.99)
2026-03-24 20:12:42 | INFO     | utils.misc:107 - Training: Epoch=[4/50] [1100/7902]  Batch=0.32 (0.44)  Data=0.00 (0.10)  Lr=0.000100  Loss=0.0203 (0.0217)  Loss_ins=0.0131 (0.0182)  Loss_qua=0.0009 (0.0007)  Loss_sin=0.0005 (0.0007)  Loss_cos=0.0031 (0.0021)  Loss_wid=0.0004 (0.0003)  IoU=43.09 (59.69)  Prec@50=50.00 (65.88)
2026-03-24 20:12:42 | INFO     | utils.misc:107 - Training: Epoch=[4/50] [1100/7902]  Batch=0.32 (0.39)  Data=0.00 (0.08)  Lr=0.000100  Loss=0.0203 (0.0217)  Loss_ins=0.0210 (0.0175)  Loss_qua=0.0006 (0.0007)  Loss_sin=0.0003 (0.0007)  Loss_cos=0.0005 (0.0021)  Loss_wid=0.0001 (0.0003)  IoU=43.09 (59.69)  Prec@50=50.00 (65.88)
2026-03-24 20:13:14 | INFO     | utils.misc:107 - Training: Epoch=[4/50] [1200/7902]  Batch=0.32 (0.43)  Data=0.00 (0.09)  Lr=0.000100  Loss=0.0247 (0.0217)  Loss_ins=0.0300 (0.0183)  Loss_qua=0.0006 (0.0007)  Loss_sin=0.0007 (0.0007)  Loss_cos=0.0025 (0.0021)  Loss_wid=0.0001 (0.0003)  IoU=50.36 (59.71)  Prec@50=62.50 (65.98)
2026-03-24 20:13:14 | INFO     | utils.misc:107 - Training: Epoch=[4/50] [1200/7902]  Batch=0.32 (0.39)  Data=0.00 (0.07)  Lr=0.000100  Loss=0.0247 (0.0217)  Loss_ins=0.0133 (0.0175)  Loss_qua=0.0007 (0.0007)  Loss_sin=0.0005 (0.0007)  Loss_cos=0.0007 (0.0021)  Loss_wid=0.0002 (0.0003)  IoU=50.36 (59.71)  Prec@50=62.50 (65.98)
2026-03-24 20:13:46 | INFO     | utils.misc:107 - Training: Epoch=[4/50] [1300/7902]  Batch=0.32 (0.42)  Data=0.00 (0.09)  Lr=0.000100  Loss=0.0145 (0.0217)  Loss_ins=0.0097 (0.0184)  Loss_qua=0.0006 (0.0007)  Loss_sin=0.0006 (0.0007)  Loss_cos=0.0027 (0.0021)  Loss_wid=0.0002 (0.0003)  IoU=73.58 (59.57)  Prec@50=87.50 (65.88)
2026-03-24 20:13:46 | INFO     | utils.misc:107 - Training: Epoch=[4/50] [1300/7902]  Batch=0.32 (0.38)  Data=0.00 (0.07)  Lr=0.000100  Loss=0.0145 (0.0217)  Loss_ins=0.0107 (0.0174)  Loss_qua=0.0007 (0.0007)  Loss_sin=0.0011 (0.0007)  Loss_cos=0.0024 (0.0021)  Loss_wid=0.0003 (0.0003)  IoU=73.58 (59.57)  Prec@50=87.50 (65.88)
2026-03-24 20:14:18 | INFO     | utils.misc:107 - Training: Epoch=[4/50] [1400/7902]  Batch=0.35 (0.41)  Data=0.00 (0.08)  Lr=0.000100  Loss=0.0657 (0.0218)  Loss_ins=0.0813 (0.0184)  Loss_qua=0.0016 (0.0007)  Loss_sin=0.0009 (0.0007)  Loss_cos=0.0046 (0.0021)  Loss_wid=0.0008 (0.0003)  IoU=57.03 (59.53)  Prec@50=62.50 (65.82)
2026-03-24 20:14:18 | INFO     | utils.misc:107 - Training: Epoch=[4/50] [1400/7902]  Batch=0.35 (0.38)  Data=0.00 (0.06)  Lr=0.000100  Loss=0.0657 (0.0218)  Loss_ins=0.0373 (0.0176)  Loss_qua=0.0013 (0.0007)  Loss_sin=0.0007 (0.0007)  Loss_cos=0.0027 (0.0021)  Loss_wid=0.0003 (0.0003)  IoU=57.03 (59.53)  Prec@50=62.50 (65.82)
2026-03-24 20:14:51 | INFO     | utils.misc:107 - Training: Epoch=[4/50] [1500/7902]  Batch=0.34 (0.41)  Data=0.00 (0.08)  Lr=0.000100  Loss=0.0137 (0.0219)  Loss_ins=0.0088 (0.0184)  Loss_qua=0.0005 (0.0007)  Loss_sin=0.0008 (0.0007)  Loss_cos=0.0018 (0.0021)  Loss_wid=0.0004 (0.0003)  IoU=62.25 (59.46)  Prec@50=62.50 (65.73)
2026-03-24 20:14:51 | INFO     | utils.misc:107 - Training: Epoch=[4/50] [1500/7902]  Batch=0.34 (0.37)  Data=0.00 (0.06)  Lr=0.000100  Loss=0.0137 (0.0219)  Loss_ins=0.0124 (0.0177)  Loss_qua=0.0006 (0.0007)  Loss_sin=0.0006 (0.0007)  Loss_cos=0.0011 (0.0021)  Loss_wid=0.0004 (0.0003)  IoU=62.25 (59.46)  Prec@50=62.50 (65.73)
2026-03-24 20:15:23 | INFO     | utils.misc:107 - Training: Epoch=[4/50] [1600/7902]  Batch=0.35 (0.40)  Data=0.00 (0.07)  Lr=0.000100  Loss=0.0217 (0.0219)  Loss_ins=0.0169 (0.0184)  Loss_qua=0.0008 (0.0007)  Loss_sin=0.0007 (0.0007)  Loss_cos=0.0020 (0.0022)  Loss_wid=0.0004 (0.0003)  IoU=50.18 (59.37)  Prec@50=37.50 (65.61)
2026-03-24 20:15:23 | INFO     | utils.misc:107 - Training: Epoch=[4/50] [1600/7902]  Batch=0.35 (0.37)  Data=0.00 (0.05)  Lr=0.000100  Loss=0.0217 (0.0219)  Loss_ins=0.0194 (0.0178)  Loss_qua=0.0007 (0.0007)  Loss_sin=0.0004 (0.0007)  Loss_cos=0.0019 (0.0021)  Loss_wid=0.0002 (0.0003)  IoU=50.18 (59.37)  Prec@50=37.50 (65.61)
2026-03-24 20:15:55 | INFO     | utils.misc:107 - Training: Epoch=[4/50] [1700/7902]  Batch=0.32 (0.40)  Data=0.00 (0.07)  Lr=0.000100  Loss=0.0216 (0.0220)  Loss_ins=0.0076 (0.0185)  Loss_qua=0.0005 (0.0007)  Loss_sin=0.0008 (0.0007)  Loss_cos=0.0016 (0.0022)  Loss_wid=0.0003 (0.0003)  IoU=64.64 (59.35)  Prec@50=75.00 (65.64)
2026-03-24 20:15:55 | INFO     | utils.misc:107 - Training: Epoch=[4/50] [1700/7902]  Batch=0.32 (0.37)  Data=0.00 (0.05)  Lr=0.000100  Loss=0.0216 (0.0220)  Loss_ins=0.0211 (0.0178)  Loss_qua=0.0022 (0.0007)  Loss_sin=0.0022 (0.0007)  Loss_cos=0.0050 (0.0021)  Loss_wid=0.0019 (0.0003)  IoU=64.64 (59.35)  Prec@50=75.00 (65.64)
2026-03-24 20:16:27 | INFO     | utils.misc:107 - Training: Epoch=[4/50] [1800/7902]  Batch=0.33 (0.39)  Data=0.00 (0.06)  Lr=0.000100  Loss=0.0153 (0.0222)  Loss_ins=0.0120 (0.0187)  Loss_qua=0.0004 (0.0007)  Loss_sin=0.0003 (0.0007)  Loss_cos=0.0006 (0.0022)  Loss_wid=0.0003 (0.0003)  IoU=57.33 (59.30)  Prec@50=62.50 (65.48)
2026-03-24 20:16:27 | INFO     | utils.misc:107 - Training: Epoch=[4/50] [1800/7902]  Batch=0.33 (0.37)  Data=0.00 (0.05)  Lr=0.000100  Loss=0.0153 (0.0222)  Loss_ins=0.0134 (0.0178)  Loss_qua=0.0007 (0.0007)  Loss_sin=0.0007 (0.0007)  Loss_cos=0.0018 (0.0021)  Loss_wid=0.0004 (0.0003)  IoU=57.33 (59.30)  Prec@50=62.50 (65.48)
2026-03-24 20:16:59 | INFO     | utils.misc:107 - Training: Epoch=[4/50] [1900/7902]  Batch=0.35 (0.39)  Data=0.00 (0.06)  Lr=0.000100  Loss=0.0139 (0.0222)  Loss_ins=0.0106 (0.0188)  Loss_qua=0.0007 (0.0007)  Loss_sin=0.0006 (0.0007)  Loss_cos=0.0027 (0.0022)  Loss_wid=0.0003 (0.0003)  IoU=55.07 (59.30)  Prec@50=50.00 (65.44)
2026-03-24 20:16:59 | INFO     | utils.misc:107 - Training: Epoch=[4/50] [1900/7902]  Batch=0.35 (0.36)  Data=0.00 (0.05)  Lr=0.000100  Loss=0.0139 (0.0222)  Loss_ins=0.0088 (0.0178)  Loss_qua=0.0007 (0.0007)  Loss_sin=0.0005 (0.0007)  Loss_cos=0.0025 (0.0021)  Loss_wid=0.0004 (0.0003)  IoU=55.07 (59.30)  Prec@50=50.00 (65.44)
2026-03-24 20:17:31 | INFO     | utils.misc:107 - Training: Epoch=[4/50] [2000/7902]  Batch=0.32 (0.39)  Data=0.00 (0.06)  Lr=0.000100  Loss=0.0473 (0.0221)  Loss_ins=0.0709 (0.0187)  Loss_qua=0.0027 (0.0007)  Loss_sin=0.0012 (0.0007)  Loss_cos=0.0076 (0.0022)  Loss_wid=0.0015 (0.0003)  IoU=47.62 (59.39)  Prec@50=37.50 (65.56)
2026-03-24 20:17:31 | INFO     | utils.misc:107 - Training: Epoch=[4/50] [2000/7902]  Batch=0.32 (0.36)  Data=0.00 (0.04)  Lr=0.000100  Loss=0.0473 (0.0221)  Loss_ins=0.0081 (0.0177)  Loss_qua=0.0003 (0.0007)  Loss_sin=0.0008 (0.0007)  Loss_cos=0.0013 (0.0021)  Loss_wid=0.0002 (0.0003)  IoU=47.62 (59.39)  Prec@50=37.50 (65.56)
2026-03-24 20:18:03 | INFO     | utils.misc:107 - Training: Epoch=[4/50] [2100/7902]  Batch=0.31 (0.38)  Data=0.00 (0.05)  Lr=0.000100  Loss=0.0213 (0.0223)  Loss_ins=0.0285 (0.0187)  Loss_qua=0.0013 (0.0008)  Loss_sin=0.0008 (0.0007)  Loss_cos=0.0012 (0.0022)  Loss_wid=0.0011 (0.0003)  IoU=52.96 (59.31)  Prec@50=62.50 (65.43)
2026-03-24 20:18:03 | INFO     | utils.misc:107 - Training: Epoch=[4/50] [2100/7902]  Batch=0.31 (0.36)  Data=0.00 (0.04)  Lr=0.000100  Loss=0.0213 (0.0223)  Loss_ins=0.0073 (0.0179)  Loss_qua=0.0004 (0.0007)  Loss_sin=0.0003 (0.0007)  Loss_cos=0.0015 (0.0021)  Loss_wid=0.0001 (0.0003)  IoU=52.96 (59.31)  Prec@50=62.50 (65.43)
2026-03-24 20:18:35 | INFO     | utils.misc:107 - Training: Epoch=[4/50] [2200/7902]  Batch=0.32 (0.38)  Data=0.00 (0.05)  Lr=0.000100  Loss=0.0215 (0.0222)  Loss_ins=0.0174 (0.0188)  Loss_qua=0.0007 (0.0008)  Loss_sin=0.0009 (0.0007)  Loss_cos=0.0011 (0.0021)  Loss_wid=0.0003 (0.0003)  IoU=67.25 (59.33)  Prec@50=87.50 (65.41)
2026-03-24 20:18:35 | INFO     | utils.misc:107 - Training: Epoch=[4/50] [2200/7902]  Batch=0.32 (0.36)  Data=0.00 (0.04)  Lr=0.000100  Loss=0.0215 (0.0222)  Loss_ins=0.0178 (0.0179)  Loss_qua=0.0012 (0.0007)  Loss_sin=0.0010 (0.0007)  Loss_cos=0.0021 (0.0021)  Loss_wid=0.0005 (0.0003)  IoU=67.25 (59.33)  Prec@50=87.50 (65.41)
2026-03-24 20:19:07 | INFO     | utils.misc:107 - Training: Epoch=[4/50] [2300/7902]  Batch=0.32 (0.38)  Data=0.00 (0.05)  Lr=0.000100  Loss=0.0385 (0.0222)  Loss_ins=0.0154 (0.0187)  Loss_qua=0.0008 (0.0008)  Loss_sin=0.0011 (0.0007)  Loss_cos=0.0029 (0.0022)  Loss_wid=0.0005 (0.0003)  IoU=38.63 (59.30)  Prec@50=37.50 (65.38)
2026-03-24 20:19:07 | INFO     | utils.misc:107 - Training: Epoch=[4/50] [2300/7902]  Batch=0.32 (0.36)  Data=0.00 (0.04)  Lr=0.000100  Loss=0.0385 (0.0222)  Loss_ins=0.0510 (0.0179)  Loss_qua=0.0009 (0.0007)  Loss_sin=0.0005 (0.0007)  Loss_cos=0.0031 (0.0021)  Loss_wid=0.0006 (0.0003)  IoU=38.63 (59.30)  Prec@50=37.50 (65.38)
2026-03-24 20:19:39 | INFO     | utils.misc:107 - Training: Epoch=[4/50] [2400/7902]  Batch=0.31 (0.38)  Data=0.00 (0.05)  Lr=0.000100  Loss=0.0360 (0.0222)  Loss_ins=0.0504 (0.0187)  Loss_qua=0.0016 (0.0007)  Loss_sin=0.0007 (0.0007)  Loss_cos=0.0042 (0.0022)  Loss_wid=0.0005 (0.0003)  IoU=54.54 (59.33)  Prec@50=62.50 (65.32)
2026-03-24 20:19:39 | INFO     | utils.misc:107 - Training: Epoch=[4/50] [2400/7902]  Batch=0.31 (0.35)  Data=0.00 (0.04)  Lr=0.000100  Loss=0.0360 (0.0222)  Loss_ins=0.0107 (0.0178)  Loss_qua=0.0005 (0.0007)  Loss_sin=0.0009 (0.0007)  Loss_cos=0.0024 (0.0021)  Loss_wid=0.0001 (0.0003)  IoU=54.54 (59.33)  Prec@50=62.50 (65.32)
2026-03-24 20:20:11 | INFO     | utils.misc:107 - Training: Epoch=[4/50] [2500/7902]  Batch=0.32 (0.37)  Data=0.00 (0.05)  Lr=0.000100  Loss=0.0140 (0.0222)  Loss_ins=0.0094 (0.0186)  Loss_qua=0.0004 (0.0007)  Loss_sin=0.0004 (0.0007)  Loss_cos=0.0014 (0.0021)  Loss_wid=0.0002 (0.0003)  IoU=44.66 (59.31)  Prec@50=50.00 (65.31)
2026-03-24 20:20:11 | INFO     | utils.misc:107 - Training: Epoch=[4/50] [2500/7902]  Batch=0.32 (0.35)  Data=0.00 (0.04)  Lr=0.000100  Loss=0.0140 (0.0222)  Loss_ins=0.0130 (0.0179)  Loss_qua=0.0006 (0.0007)  Loss_sin=0.0007 (0.0007)  Loss_cos=0.0016 (0.0021)  Loss_wid=0.0003 (0.0003)  IoU=44.66 (59.31)  Prec@50=50.00 (65.31)
2026-03-24 20:20:43 | INFO     | utils.misc:107 - Training: Epoch=[4/50] [2600/7902]  Batch=0.31 (0.37)  Data=0.00 (0.04)  Lr=0.000100  Loss=0.0629 (0.0221)  Loss_ins=0.0139 (0.0185)  Loss_qua=0.0004 (0.0007)  Loss_sin=0.0007 (0.0007)  Loss_cos=0.0024 (0.0021)  Loss_wid=0.0001 (0.0003)  IoU=47.92 (59.39)  Prec@50=50.00 (65.46)
2026-03-24 20:20:43 | INFO     | utils.misc:107 - Training: Epoch=[4/50] [2600/7902]  Batch=0.32 (0.35)  Data=0.00 (0.03)  Lr=0.000100  Loss=0.0629 (0.0221)  Loss_ins=0.0992 (0.0178)  Loss_qua=0.0020 (0.0007)  Loss_sin=0.0012 (0.0007)  Loss_cos=0.0052 (0.0021)  Loss_wid=0.0007 (0.0003)  IoU=47.92 (59.39)  Prec@50=50.00 (65.46)
2026-03-24 20:21:15 | INFO     | utils.misc:107 - Training: Epoch=[4/50] [2700/7902]  Batch=0.32 (0.37)  Data=0.00 (0.04)  Lr=0.000100  Loss=0.0534 (0.0221)  Loss_ins=0.0916 (0.0185)  Loss_qua=0.0010 (0.0007)  Loss_sin=0.0008 (0.0007)  Loss_cos=0.0012 (0.0021)  Loss_wid=0.0002 (0.0003)  IoU=59.00 (59.33)  Prec@50=62.50 (65.34)
2026-03-24 20:21:15 | INFO     | utils.misc:107 - Training: Epoch=[4/50] [2700/7902]  Batch=0.32 (0.35)  Data=0.00 (0.03)  Lr=0.000100  Loss=0.0534 (0.0221)  Loss_ins=0.0100 (0.0179)  Loss_qua=0.0004 (0.0007)  Loss_sin=0.0004 (0.0007)  Loss_cos=0.0013 (0.0021)  Loss_wid=0.0001 (0.0003)  IoU=59.00 (59.33)  Prec@50=62.50 (65.34)
2026-03-24 20:21:48 | INFO     | utils.misc:107 - Training: Epoch=[4/50] [2800/7902]  Batch=0.31 (0.37)  Data=0.00 (0.04)  Lr=0.000100  Loss=0.0172 (0.0222)  Loss_ins=0.0110 (0.0185)  Loss_qua=0.0006 (0.0007)  Loss_sin=0.0005 (0.0007)  Loss_cos=0.0019 (0.0021)  Loss_wid=0.0002 (0.0003)  IoU=63.96 (59.29)  Prec@50=87.50 (65.30)
2026-03-24 20:21:48 | INFO     | utils.misc:107 - Training: Epoch=[4/50] [2800/7902]  Batch=0.31 (0.35)  Data=0.00 (0.03)  Lr=0.000100  Loss=0.0172 (0.0222)  Loss_ins=0.0154 (0.0180)  Loss_qua=0.0010 (0.0007)  Loss_sin=0.0014 (0.0007)  Loss_cos=0.0021 (0.0021)  Loss_wid=0.0003 (0.0003)  IoU=63.96 (59.29)  Prec@50=87.50 (65.30)
2026-03-24 20:22:19 | INFO     | utils.misc:107 - Training: Epoch=[4/50] [2900/7902]  Batch=0.31 (0.37)  Data=0.00 (0.04)  Lr=0.000100  Loss=0.0135 (0.0222)  Loss_ins=0.0114 (0.0185)  Loss_qua=0.0005 (0.0007)  Loss_sin=0.0005 (0.0007)  Loss_cos=0.0005 (0.0021)  Loss_wid=0.0002 (0.0003)  IoU=61.27 (59.32)  Prec@50=75.00 (65.38)
2026-03-24 20:22:19 | INFO     | utils.misc:107 - Training: Epoch=[4/50] [2900/7902]  Batch=0.31 (0.35)  Data=0.00 (0.03)  Lr=0.000100  Loss=0.0135 (0.0222)  Loss_ins=0.0105 (0.0180)  Loss_qua=0.0006 (0.0007)  Loss_sin=0.0006 (0.0007)  Loss_cos=0.0019 (0.0022)  Loss_wid=0.0002 (0.0003)  IoU=61.27 (59.32)  Prec@50=75.00 (65.38)
2026-03-24 20:22:51 | INFO     | utils.misc:107 - Training: Epoch=[4/50] [3000/7902]  Batch=0.34 (0.36)  Data=0.00 (0.04)  Lr=0.000100  Loss=0.0407 (0.0222)  Loss_ins=0.0420 (0.0185)  Loss_qua=0.0014 (0.0007)  Loss_sin=0.0010 (0.0007)  Loss_cos=0.0043 (0.0021)  Loss_wid=0.0005 (0.0003)  IoU=49.81 (59.33)  Prec@50=62.50 (65.36)
2026-03-24 20:22:51 | INFO     | utils.misc:107 - Training: Epoch=[4/50] [3000/7902]  Batch=0.34 (0.35)  Data=0.00 (0.03)  Lr=0.000100  Loss=0.0407 (0.0222)  Loss_ins=0.0294 (0.0180)  Loss_qua=0.0005 (0.0008)  Loss_sin=0.0007 (0.0007)  Loss_cos=0.0013 (0.0022)  Loss_wid=0.0002 (0.0003)  IoU=49.81 (59.33)  Prec@50=62.50 (65.36)
2026-03-24 20:23:27 | INFO     | utils.misc:107 - Training: Epoch=[4/50] [3100/7902]  Batch=0.35 (0.36)  Data=0.00 (0.04)  Lr=0.000100  Loss=0.0182 (0.0222)  Loss_ins=0.0082 (0.0185)  Loss_qua=0.0006 (0.0007)  Loss_sin=0.0006 (0.0007)  Loss_cos=0.0015 (0.0021)  Loss_wid=0.0001 (0.0003)  IoU=68.99 (59.36)  Prec@50=87.50 (65.42)
2026-03-24 20:23:27 | INFO     | utils.misc:107 - Training: Epoch=[4/50] [3100/7902]  Batch=0.35 (0.35)  Data=0.00 (0.03)  Lr=0.000100  Loss=0.0182 (0.0222)  Loss_ins=0.0213 (0.0180)  Loss_qua=0.0009 (0.0008)  Loss_sin=0.0006 (0.0007)  Loss_cos=0.0025 (0.0022)  Loss_wid=0.0002 (0.0003)  IoU=68.99 (59.36)  Prec@50=87.50 (65.42)
2026-03-24 20:23:59 | INFO     | utils.misc:107 - Training: Epoch=[4/50] [3200/7902]  Batch=0.32 (0.36)  Data=0.00 (0.04)  Lr=0.000100  Loss=0.0173 (0.0222)  Loss_ins=0.0176 (0.0184)  Loss_qua=0.0007 (0.0008)  Loss_sin=0.0011 (0.0007)  Loss_cos=0.0021 (0.0022)  Loss_wid=0.0004 (0.0003)  IoU=56.17 (59.37)  Prec@50=50.00 (65.46)
2026-03-24 20:23:59 | INFO     | utils.misc:107 - Training: Epoch=[4/50] [3200/7902]  Batch=0.32 (0.35)  Data=0.00 (0.03)  Lr=0.000100  Loss=0.0173 (0.0222)  Loss_ins=0.0109 (0.0181)  Loss_qua=0.0004 (0.0008)  Loss_sin=0.0005 (0.0007)  Loss_cos=0.0008 (0.0022)  Loss_wid=0.0001 (0.0003)  IoU=56.17 (59.37)  Prec@50=50.00 (65.46)
2026-03-24 20:24:32 | INFO     | utils.misc:107 - Training: Epoch=[4/50] [3300/7902]  Batch=0.31 (0.36)  Data=0.00 (0.03)  Lr=0.000100  Loss=0.0351 (0.0222)  Loss_ins=0.0331 (0.0184)  Loss_qua=0.0010 (0.0007)  Loss_sin=0.0010 (0.0007)  Loss_cos=0.0021 (0.0022)  Loss_wid=0.0003 (0.0003)  IoU=45.59 (59.45)  Prec@50=62.50 (65.59)
2026-03-24 20:24:32 | INFO     | utils.misc:107 - Training: Epoch=[4/50] [3300/7902]  Batch=0.31 (0.35)  Data=0.00 (0.03)  Lr=0.000100  Loss=0.0351 (0.0222)  Loss_ins=0.0281 (0.0180)  Loss_qua=0.0011 (0.0008)  Loss_sin=0.0012 (0.0007)  Loss_cos=0.0020 (0.0022)  Loss_wid=0.0004 (0.0003)  IoU=45.59 (59.45)  Prec@50=62.50 (65.59)
2026-03-24 20:25:04 | INFO     | utils.misc:107 - Training: Epoch=[4/50] [3400/7902]  Batch=0.35 (0.36)  Data=0.00 (0.03)  Lr=0.000100  Loss=0.0184 (0.0221)  Loss_ins=0.0104 (0.0184)  Loss_qua=0.0005 (0.0007)  Loss_sin=0.0004 (0.0007)  Loss_cos=0.0019 (0.0022)  Loss_wid=0.0001 (0.0003)  IoU=43.69 (59.47)  Prec@50=37.50 (65.60)
2026-03-24 20:25:04 | INFO     | utils.misc:107 - Training: Epoch=[4/50] [3400/7902]  Batch=0.35 (0.35)  Data=0.00 (0.03)  Lr=0.000100  Loss=0.0184 (0.0221)  Loss_ins=0.0211 (0.0180)  Loss_qua=0.0005 (0.0007)  Loss_sin=0.0007 (0.0007)  Loss_cos=0.0013 (0.0022)  Loss_wid=0.0001 (0.0003)  IoU=43.69 (59.47)  Prec@50=37.50 (65.60)
2026-03-24 20:25:35 | INFO     | utils.misc:107 - Training: Epoch=[4/50] [3500/7902]  Batch=0.36 (0.36)  Data=0.00 (0.03)  Lr=0.000100  Loss=0.0576 (0.0221)  Loss_ins=0.0195 (0.0183)  Loss_qua=0.0008 (0.0007)  Loss_sin=0.0005 (0.0007)  Loss_cos=0.0017 (0.0021)  Loss_wid=0.0005 (0.0003)  IoU=49.01 (59.54)  Prec@50=50.00 (65.70)
2026-03-24 20:25:35 | INFO     | utils.misc:107 - Training: Epoch=[4/50] [3500/7902]  Batch=0.36 (0.34)  Data=0.00 (0.03)  Lr=0.000100  Loss=0.0576 (0.0221)  Loss_ins=0.0818 (0.0181)  Loss_qua=0.0021 (0.0007)  Loss_sin=0.0007 (0.0007)  Loss_cos=0.0068 (0.0022)  Loss_wid=0.0007 (0.0003)  IoU=49.01 (59.54)  Prec@50=50.00 (65.70)
2026-03-24 20:26:08 | INFO     | utils.misc:107 - Training: Epoch=[4/50] [3600/7902]  Batch=0.32 (0.36)  Data=0.00 (0.03)  Lr=0.000100  Loss=0.0370 (0.0220)  Loss_ins=0.0157 (0.0182)  Loss_qua=0.0006 (0.0007)  Loss_sin=0.0005 (0.0007)  Loss_cos=0.0012 (0.0021)  Loss_wid=0.0001 (0.0003)  IoU=56.32 (59.60)  Prec@50=75.00 (65.76)
2026-03-24 20:26:08 | INFO     | utils.misc:107 - Training: Epoch=[4/50] [3600/7902]  Batch=0.32 (0.34)  Data=0.00 (0.03)  Lr=0.000100  Loss=0.0370 (0.0220)  Loss_ins=0.0511 (0.0180)  Loss_qua=0.0018 (0.0007)  Loss_sin=0.0004 (0.0007)  Loss_cos=0.0014 (0.0022)  Loss_wid=0.0013 (0.0003)  IoU=56.32 (59.60)  Prec@50=75.00 (65.76)
2026-03-24 20:26:40 | INFO     | utils.misc:107 - Training: Epoch=[4/50] [3700/7902]  Batch=0.32 (0.36)  Data=0.00 (0.03)  Lr=0.000100  Loss=0.0156 (0.0220)  Loss_ins=0.0134 (0.0182)  Loss_qua=0.0013 (0.0007)  Loss_sin=0.0005 (0.0007)  Loss_cos=0.0022 (0.0021)  Loss_wid=0.0011 (0.0003)  IoU=73.27 (59.70)  Prec@50=87.50 (65.93)
2026-03-24 20:26:40 | INFO     | utils.misc:107 - Training: Epoch=[4/50] [3700/7902]  Batch=0.32 (0.34)  Data=0.00 (0.03)  Lr=0.000100  Loss=0.0156 (0.0220)  Loss_ins=0.0093 (0.0180)  Loss_qua=0.0005 (0.0007)  Loss_sin=0.0007 (0.0007)  Loss_cos=0.0022 (0.0021)  Loss_wid=0.0001 (0.0003)  IoU=73.27 (59.70)  Prec@50=87.50 (65.93)
2026-03-24 20:27:12 | INFO     | utils.misc:107 - Training: Epoch=[4/50] [3800/7902]  Batch=0.31 (0.36)  Data=0.00 (0.03)  Lr=0.000100  Loss=0.0117 (0.0219)  Loss_ins=0.0075 (0.0181)  Loss_qua=0.0015 (0.0007)  Loss_sin=0.0007 (0.0007)  Loss_cos=0.0017 (0.0021)  Loss_wid=0.0006 (0.0003)  IoU=64.45 (59.76)  Prec@50=75.00 (65.97)
2026-03-24 20:27:12 | INFO     | utils.misc:107 - Training: Epoch=[4/50] [3800/7902]  Batch=0.31 (0.34)  Data=0.00 (0.03)  Lr=0.000100  Loss=0.0117 (0.0219)  Loss_ins=0.0081 (0.0180)  Loss_qua=0.0004 (0.0007)  Loss_sin=0.0004 (0.0007)  Loss_cos=0.0024 (0.0021)  Loss_wid=0.0001 (0.0003)  IoU=64.45 (59.76)  Prec@50=75.00 (65.97)
2026-03-24 20:27:45 | INFO     | utils.misc:107 - Training: Epoch=[4/50] [3900/7902]  Batch=0.32 (0.36)  Data=0.00 (0.03)  Lr=0.000100  Loss=0.0149 (0.0219)  Loss_ins=0.0092 (0.0181)  Loss_qua=0.0005 (0.0007)  Loss_sin=0.0006 (0.0007)  Loss_cos=0.0015 (0.0021)  Loss_wid=0.0002 (0.0003)  IoU=72.42 (59.83)  Prec@50=75.00 (66.08)
2026-03-24 20:27:45 | INFO     | utils.misc:107 - Training: Epoch=[4/50] [3900/7902]  Batch=0.32 (0.34)  Data=0.00 (0.02)  Lr=0.000100  Loss=0.0149 (0.0219)  Loss_ins=0.0131 (0.0179)  Loss_qua=0.0007 (0.0007)  Loss_sin=0.0012 (0.0007)  Loss_cos=0.0019 (0.0021)  Loss_wid=0.0007 (0.0003)  IoU=72.42 (59.83)  Prec@50=75.00 (66.08)
2026-03-24 20:28:17 | INFO     | utils.misc:107 - Training: Epoch=[4/50] [4000/7902]  Batch=0.31 (0.35)  Data=0.00 (0.03)  Lr=0.000100  Loss=0.0217 (0.0219)  Loss_ins=0.0057 (0.0181)  Loss_qua=0.0004 (0.0007)  Loss_sin=0.0005 (0.0007)  Loss_cos=0.0012 (0.0021)  Loss_wid=0.0001 (0.0003)  IoU=61.76 (59.88)  Prec@50=62.50 (66.12)
2026-03-24 20:28:17 | INFO     | utils.misc:107 - Training: Epoch=[4/50] [4000/7902]  Batch=0.31 (0.34)  Data=0.00 (0.02)  Lr=0.000100  Loss=0.0217 (0.0219)  Loss_ins=0.0314 (0.0179)  Loss_qua=0.0007 (0.0007)  Loss_sin=0.0006 (0.0007)  Loss_cos=0.0026 (0.0021)  Loss_wid=0.0001 (0.0003)  IoU=61.76 (59.88)  Prec@50=62.50 (66.12)
2026-03-24 20:28:49 | INFO     | utils.misc:107 - Training: Epoch=[4/50] [4100/7902]  Batch=0.32 (0.35)  Data=0.00 (0.03)  Lr=0.000100  Loss=0.0085 (0.0218)  Loss_ins=0.0070 (0.0181)  Loss_qua=0.0005 (0.0007)  Loss_sin=0.0005 (0.0007)  Loss_cos=0.0007 (0.0021)  Loss_wid=0.0001 (0.0003)  IoU=71.58 (59.95)  Prec@50=87.50 (66.24)
2026-03-24 20:28:49 | INFO     | utils.misc:107 - Training: Epoch=[4/50] [4100/7902]  Batch=0.32 (0.34)  Data=0.00 (0.02)  Lr=0.000100  Loss=0.0085 (0.0218)  Loss_ins=0.0060 (0.0179)  Loss_qua=0.0003 (0.0007)  Loss_sin=0.0003 (0.0007)  Loss_cos=0.0015 (0.0021)  Loss_wid=0.0001 (0.0003)  IoU=71.58 (59.95)  Prec@50=87.50 (66.24)
2026-03-24 20:29:21 | INFO     | utils.misc:107 - Training: Epoch=[4/50] [4200/7902]  Batch=0.31 (0.35)  Data=0.00 (0.03)  Lr=0.000100  Loss=0.0136 (0.0218)  Loss_ins=0.0087 (0.0180)  Loss_qua=0.0004 (0.0007)  Loss_sin=0.0004 (0.0007)  Loss_cos=0.0010 (0.0021)  Loss_wid=0.0001 (0.0003)  IoU=65.98 (60.04)  Prec@50=75.00 (66.34)
2026-03-24 20:29:21 | INFO     | utils.misc:107 - Training: Epoch=[4/50] [4200/7902]  Batch=0.31 (0.34)  Data=0.00 (0.02)  Lr=0.000100  Loss=0.0136 (0.0218)  Loss_ins=0.0144 (0.0178)  Loss_qua=0.0004 (0.0007)  Loss_sin=0.0004 (0.0007)  Loss_cos=0.0013 (0.0021)  Loss_wid=0.0002 (0.0003)  IoU=65.98 (60.04)  Prec@50=75.00 (66.34)
2026-03-24 20:29:53 | INFO     | utils.misc:107 - Training: Epoch=[4/50] [4300/7902]  Batch=0.32 (0.35)  Data=0.00 (0.03)  Lr=0.000100  Loss=0.0282 (0.0217)  Loss_ins=0.0110 (0.0180)  Loss_qua=0.0004 (0.0007)  Loss_sin=0.0002 (0.0007)  Loss_cos=0.0018 (0.0021)  Loss_wid=0.0001 (0.0003)  IoU=55.49 (60.15)  Prec@50=75.00 (66.51)
2026-03-24 20:29:53 | INFO     | utils.misc:107 - Training: Epoch=[4/50] [4300/7902]  Batch=0.32 (0.34)  Data=0.00 (0.02)  Lr=0.000100  Loss=0.0282 (0.0217)  Loss_ins=0.0360 (0.0177)  Loss_qua=0.0011 (0.0007)  Loss_sin=0.0008 (0.0007)  Loss_cos=0.0045 (0.0021)  Loss_wid=0.0005 (0.0003)  IoU=55.49 (60.15)  Prec@50=75.00 (66.51)
2026-03-24 20:30:25 | INFO     | utils.misc:107 - Training: Epoch=[4/50] [4400/7902]  Batch=0.37 (0.35)  Data=0.00 (0.03)  Lr=0.000100  Loss=0.0177 (0.0217)  Loss_ins=0.0180 (0.0179)  Loss_qua=0.0008 (0.0007)  Loss_sin=0.0011 (0.0007)  Loss_cos=0.0031 (0.0021)  Loss_wid=0.0003 (0.0003)  IoU=72.37 (60.24)  Prec@50=87.50 (66.63)
2026-03-24 20:30:25 | INFO     | utils.misc:107 - Training: Epoch=[4/50] [4400/7902]  Batch=0.37 (0.34)  Data=0.00 (0.02)  Lr=0.000100  Loss=0.0177 (0.0217)  Loss_ins=0.0074 (0.0177)  Loss_qua=0.0008 (0.0007)  Loss_sin=0.0008 (0.0007)  Loss_cos=0.0027 (0.0021)  Loss_wid=0.0004 (0.0003)  IoU=72.37 (60.24)  Prec@50=87.50 (66.63)
2026-03-24 20:30:56 | INFO     | utils.misc:107 - Training: Epoch=[4/50] [4500/7902]  Batch=0.35 (0.35)  Data=0.00 (0.03)  Lr=0.000100  Loss=0.0283 (0.0217)  Loss_ins=0.0236 (0.0179)  Loss_qua=0.0010 (0.0007)  Loss_sin=0.0005 (0.0007)  Loss_cos=0.0022 (0.0021)  Loss_wid=0.0002 (0.0003)  IoU=51.48 (60.30)  Prec@50=62.50 (66.71)
2026-03-24 20:30:56 | INFO     | utils.misc:107 - Training: Epoch=[4/50] [4500/7902]  Batch=0.35 (0.34)  Data=0.00 (0.02)  Lr=0.000100  Loss=0.0283 (0.0217)  Loss_ins=0.0238 (0.0177)  Loss_qua=0.0010 (0.0007)  Loss_sin=0.0008 (0.0007)  Loss_cos=0.0033 (0.0021)  Loss_wid=0.0002 (0.0003)  IoU=51.48 (60.30)  Prec@50=62.50 (66.71)
2026-03-24 20:31:28 | INFO     | utils.misc:107 - Training: Epoch=[4/50] [4600/7902]  Batch=0.19 (0.35)  Data=0.00 (0.03)  Lr=0.000100  Loss=0.0132 (0.0216)  Loss_ins=0.0101 (0.0179)  Loss_qua=0.0009 (0.0007)  Loss_sin=0.0004 (0.0007)  Loss_cos=0.0015 (0.0021)  Loss_wid=0.0005 (0.0003)  IoU=75.43 (60.32)  Prec@50=100.00 (66.74)
2026-03-24 20:31:28 | INFO     | utils.misc:107 - Training: Epoch=[4/50] [4600/7902]  Batch=0.19 (0.34)  Data=0.00 (0.02)  Lr=0.000100  Loss=0.0132 (0.0216)  Loss_ins=0.0095 (0.0177)  Loss_qua=0.0010 (0.0007)  Loss_sin=0.0006 (0.0007)  Loss_cos=0.0011 (0.0021)  Loss_wid=0.0009 (0.0003)  IoU=75.43 (60.32)  Prec@50=100.00 (66.74)
2026-03-24 20:32:01 | INFO     | utils.misc:107 - Training: Epoch=[4/50] [4700/7902]  Batch=0.33 (0.35)  Data=0.00 (0.02)  Lr=0.000100  Loss=0.0133 (0.0217)  Loss_ins=0.0113 (0.0179)  Loss_qua=0.0006 (0.0007)  Loss_sin=0.0006 (0.0007)  Loss_cos=0.0013 (0.0021)  Loss_wid=0.0003 (0.0003)  IoU=60.00 (60.38)  Prec@50=62.50 (66.79)
2026-03-24 20:32:01 | INFO     | utils.misc:107 - Training: Epoch=[4/50] [4700/7902]  Batch=0.33 (0.34)  Data=0.00 (0.02)  Lr=0.000100  Loss=0.0133 (0.0217)  Loss_ins=0.0092 (0.0178)  Loss_qua=0.0006 (0.0007)  Loss_sin=0.0005 (0.0007)  Loss_cos=0.0018 (0.0021)  Loss_wid=0.0003 (0.0003)  IoU=60.00 (60.38)  Prec@50=62.50 (66.79)
2026-03-24 20:32:32 | INFO     | utils.misc:107 - Training: Epoch=[4/50] [4800/7902]  Batch=0.23 (0.35)  Data=0.00 (0.02)  Lr=0.000100  Loss=0.0218 (0.0217)  Loss_ins=0.0214 (0.0179)  Loss_qua=0.0017 (0.0007)  Loss_sin=0.0012 (0.0007)  Loss_cos=0.0029 (0.0021)  Loss_wid=0.0011 (0.0003)  IoU=68.15 (60.39)  Prec@50=87.50 (66.80)
2026-03-24 20:32:32 | INFO     | utils.misc:107 - Training: Epoch=[4/50] [4800/7902]  Batch=0.23 (0.34)  Data=0.00 (0.02)  Lr=0.000100  Loss=0.0218 (0.0217)  Loss_ins=0.0118 (0.0178)  Loss_qua=0.0005 (0.0007)  Loss_sin=0.0007 (0.0007)  Loss_cos=0.0021 (0.0021)  Loss_wid=0.0001 (0.0003)  IoU=68.15 (60.39)  Prec@50=87.50 (66.80)
2026-03-24 20:33:04 | INFO     | utils.misc:107 - Training: Epoch=[4/50] [4900/7902]  Batch=0.35 (0.35)  Data=0.00 (0.02)  Lr=0.000100  Loss=0.0161 (0.0217)  Loss_ins=0.0067 (0.0180)  Loss_qua=0.0005 (0.0007)  Loss_sin=0.0007 (0.0007)  Loss_cos=0.0016 (0.0021)  Loss_wid=0.0005 (0.0003)  IoU=66.25 (60.35)  Prec@50=75.00 (66.73)
2026-03-24 20:33:04 | INFO     | utils.misc:107 - Training: Epoch=[4/50] [4900/7902]  Batch=0.35 (0.34)  Data=0.00 (0.02)  Lr=0.000100  Loss=0.0161 (0.0217)  Loss_ins=0.0177 (0.0178)  Loss_qua=0.0006 (0.0007)  Loss_sin=0.0006 (0.0007)  Loss_cos=0.0026 (0.0021)  Loss_wid=0.0007 (0.0003)  IoU=66.25 (60.35)  Prec@50=75.00 (66.73)
2026-03-24 20:33:36 | INFO     | utils.misc:107 - Training: Epoch=[4/50] [5000/7902]  Batch=0.32 (0.35)  Data=0.00 (0.02)  Lr=0.000100  Loss=0.0185 (0.0217)  Loss_ins=0.0199 (0.0180)  Loss_qua=0.0005 (0.0007)  Loss_sin=0.0004 (0.0007)  Loss_cos=0.0011 (0.0021)  Loss_wid=0.0001 (0.0003)  IoU=51.47 (60.34)  Prec@50=50.00 (66.73)
2026-03-24 20:33:36 | INFO     | utils.misc:107 - Training: Epoch=[4/50] [5000/7902]  Batch=0.32 (0.34)  Data=0.00 (0.02)  Lr=0.000100  Loss=0.0185 (0.0217)  Loss_ins=0.0118 (0.0178)  Loss_qua=0.0004 (0.0007)  Loss_sin=0.0005 (0.0007)  Loss_cos=0.0022 (0.0021)  Loss_wid=0.0002 (0.0003)  IoU=51.47 (60.34)  Prec@50=50.00 (66.73)
2026-03-24 20:34:08 | INFO     | utils.misc:107 - Training: Epoch=[4/50] [5100/7902]  Batch=0.32 (0.35)  Data=0.00 (0.02)  Lr=0.000100  Loss=0.0205 (0.0218)  Loss_ins=0.0118 (0.0179)  Loss_qua=0.0006 (0.0007)  Loss_sin=0.0010 (0.0007)  Loss_cos=0.0023 (0.0021)  Loss_wid=0.0004 (0.0003)  IoU=72.95 (60.32)  Prec@50=87.50 (66.71)
2026-03-24 20:34:08 | INFO     | utils.misc:107 - Training: Epoch=[4/50] [5100/7902]  Batch=0.32 (0.34)  Data=0.00 (0.02)  Lr=0.000100  Loss=0.0205 (0.0218)  Loss_ins=0.0213 (0.0178)  Loss_qua=0.0006 (0.0007)  Loss_sin=0.0006 (0.0007)  Loss_cos=0.0021 (0.0021)  Loss_wid=0.0002 (0.0003)  IoU=72.95 (60.32)  Prec@50=87.50 (66.71)
2026-03-24 20:35:18 | INFO     | utils.misc:107 - Training: Epoch=[4/50] [5200/7902]  Batch=0.31 (0.35)  Data=0.00 (0.03)  Lr=0.000100  Loss=0.0127 (0.0218)  Loss_ins=0.0114 (0.0180)  Loss_qua=0.0004 (0.0007)  Loss_sin=0.0004 (0.0007)  Loss_cos=0.0011 (0.0021)  Loss_wid=0.0001 (0.0003)  IoU=53.85 (60.33)  Prec@50=50.00 (66.73)
2026-03-24 20:35:18 | INFO     | utils.misc:107 - Training: Epoch=[4/50] [5200/7902]  Batch=0.31 (0.34)  Data=0.00 (0.03)  Lr=0.000100  Loss=0.0127 (0.0218)  Loss_ins=0.0100 (0.0178)  Loss_qua=0.0004 (0.0007)  Loss_sin=0.0004 (0.0007)  Loss_cos=0.0014 (0.0021)  Loss_wid=0.0001 (0.0003)  IoU=53.85 (60.33)  Prec@50=50.00 (66.73)
2026-03-24 20:35:55 | INFO     | utils.misc:107 - Training: Epoch=[4/50] [5300/7902]  Batch=0.48 (0.35)  Data=0.00 (0.03)  Lr=0.000100  Loss=0.0176 (0.0218)  Loss_ins=0.0148 (0.0180)  Loss_qua=0.0005 (0.0007)  Loss_sin=0.0006 (0.0007)  Loss_cos=0.0008 (0.0021)  Loss_wid=0.0001 (0.0003)  IoU=41.55 (60.37)  Prec@50=50.00 (66.78)
2026-03-24 20:35:55 | INFO     | utils.misc:107 - Training: Epoch=[4/50] [5300/7902]  Batch=0.48 (0.34)  Data=0.14 (0.03)  Lr=0.000100  Loss=0.0176 (0.0218)  Loss_ins=0.0155 (0.0178)  Loss_qua=0.0006 (0.0007)  Loss_sin=0.0007 (0.0007)  Loss_cos=0.0012 (0.0021)  Loss_wid=0.0003 (0.0003)  IoU=41.55 (60.37)  Prec@50=50.00 (66.78)
2026-03-24 20:36:28 | INFO     | utils.misc:107 - Training: Epoch=[4/50] [5400/7902]  Batch=0.36 (0.35)  Data=0.00 (0.02)  Lr=0.000100  Loss=0.0123 (0.0218)  Loss_ins=0.0073 (0.0180)  Loss_qua=0.0005 (0.0007)  Loss_sin=0.0007 (0.0007)  Loss_cos=0.0019 (0.0021)  Loss_wid=0.0002 (0.0003)  IoU=62.89 (60.37)  Prec@50=62.50 (66.78)
2026-03-24 20:36:28 | INFO     | utils.misc:107 - Training: Epoch=[4/50] [5400/7902]  Batch=0.36 (0.34)  Data=0.00 (0.03)  Lr=0.000100  Loss=0.0123 (0.0218)  Loss_ins=0.0103 (0.0178)  Loss_qua=0.0006 (0.0007)  Loss_sin=0.0006 (0.0007)  Loss_cos=0.0022 (0.0021)  Loss_wid=0.0002 (0.0003)  IoU=62.89 (60.37)  Prec@50=62.50 (66.78)
2026-03-24 20:37:00 | INFO     | utils.misc:107 - Training: Epoch=[4/50] [5500/7902]  Batch=0.32 (0.35)  Data=0.00 (0.02)  Lr=0.000100  Loss=0.0120 (0.0218)  Loss_ins=0.0093 (0.0180)  Loss_qua=0.0005 (0.0007)  Loss_sin=0.0009 (0.0007)  Loss_cos=0.0022 (0.0021)  Loss_wid=0.0003 (0.0003)  IoU=73.48 (60.38)  Prec@50=87.50 (66.77)
2026-03-24 20:37:00 | INFO     | utils.misc:107 - Training: Epoch=[4/50] [5500/7902]  Batch=0.32 (0.34)  Data=0.00 (0.02)  Lr=0.000100  Loss=0.0120 (0.0218)  Loss_ins=0.0075 (0.0179)  Loss_qua=0.0005 (0.0007)  Loss_sin=0.0006 (0.0007)  Loss_cos=0.0019 (0.0021)  Loss_wid=0.0002 (0.0003)  IoU=73.48 (60.38)  Prec@50=87.50 (66.77)
2026-03-24 20:37:32 | INFO     | utils.misc:107 - Training: Epoch=[4/50] [5600/7902]  Batch=0.32 (0.35)  Data=0.00 (0.02)  Lr=0.000100  Loss=0.0121 (0.0218)  Loss_ins=0.0080 (0.0180)  Loss_qua=0.0005 (0.0007)  Loss_sin=0.0007 (0.0007)  Loss_cos=0.0021 (0.0021)  Loss_wid=0.0003 (0.0003)  IoU=66.26 (60.37)  Prec@50=75.00 (66.73)
2026-03-24 20:37:32 | INFO     | utils.misc:107 - Training: Epoch=[4/50] [5600/7902]  Batch=0.32 (0.34)  Data=0.00 (0.02)  Lr=0.000100  Loss=0.0121 (0.0218)  Loss_ins=0.0095 (0.0179)  Loss_qua=0.0005 (0.0007)  Loss_sin=0.0006 (0.0007)  Loss_cos=0.0016 (0.0021)  Loss_wid=0.0003 (0.0003)  IoU=66.26 (60.37)  Prec@50=75.00 (66.73)
2026-03-24 20:38:05 | INFO     | utils.misc:107 - Training: Epoch=[4/50] [5700/7902]  Batch=0.35 (0.35)  Data=0.00 (0.02)  Lr=0.000100  Loss=0.0090 (0.0218)  Loss_ins=0.0068 (0.0180)  Loss_qua=0.0005 (0.0007)  Loss_sin=0.0005 (0.0007)  Loss_cos=0.0014 (0.0021)  Loss_wid=0.0001 (0.0003)  IoU=75.68 (60.35)  Prec@50=75.00 (66.73)
2026-03-24 20:38:05 | INFO     | utils.misc:107 - Training: Epoch=[4/50] [5700/7902]  Batch=0.35 (0.34)  Data=0.00 (0.02)  Lr=0.000100  Loss=0.0090 (0.0218)  Loss_ins=0.0060 (0.0179)  Loss_qua=0.0003 (0.0007)  Loss_sin=0.0004 (0.0007)  Loss_cos=0.0018 (0.0021)  Loss_wid=0.0001 (0.0003)  IoU=75.68 (60.35)  Prec@50=75.00 (66.73)
2026-03-24 20:38:38 | INFO     | utils.misc:107 - Training: Epoch=[4/50] [5800/7902]  Batch=0.35 (0.35)  Data=0.00 (0.02)  Lr=0.000100  Loss=0.0164 (0.0218)  Loss_ins=0.0136 (0.0180)  Loss_qua=0.0008 (0.0007)  Loss_sin=0.0012 (0.0007)  Loss_cos=0.0022 (0.0021)  Loss_wid=0.0002 (0.0003)  IoU=54.05 (60.36)  Prec@50=62.50 (66.75)
2026-03-24 20:38:38 | INFO     | utils.misc:107 - Training: Epoch=[4/50] [5800/7902]  Batch=0.35 (0.34)  Data=0.00 (0.02)  Lr=0.000100  Loss=0.0164 (0.0218)  Loss_ins=0.0127 (0.0179)  Loss_qua=0.0004 (0.0007)  Loss_sin=0.0005 (0.0007)  Loss_cos=0.0010 (0.0021)  Loss_wid=0.0001 (0.0003)  IoU=54.05 (60.36)  Prec@50=62.50 (66.75)
2026-03-24 20:39:10 | INFO     | utils.misc:107 - Training: Epoch=[4/50] [5900/7902]  Batch=0.32 (0.35)  Data=0.00 (0.02)  Lr=0.000100  Loss=0.0236 (0.0218)  Loss_ins=0.0142 (0.0180)  Loss_qua=0.0009 (0.0007)  Loss_sin=0.0011 (0.0007)  Loss_cos=0.0028 (0.0021)  Loss_wid=0.0004 (0.0003)  IoU=57.13 (60.34)  Prec@50=62.50 (66.70)
2026-03-24 20:39:10 | INFO     | utils.misc:107 - Training: Epoch=[4/50] [5900/7902]  Batch=0.32 (0.34)  Data=0.00 (0.02)  Lr=0.000100  Loss=0.0236 (0.0218)  Loss_ins=0.0245 (0.0179)  Loss_qua=0.0009 (0.0007)  Loss_sin=0.0008 (0.0007)  Loss_cos=0.0013 (0.0021)  Loss_wid=0.0004 (0.0003)  IoU=57.13 (60.34)  Prec@50=62.50 (66.70)
2026-03-24 20:39:43 | INFO     | utils.misc:107 - Training: Epoch=[4/50] [6000/7902]  Batch=0.32 (0.35)  Data=0.00 (0.02)  Lr=0.000100  Loss=0.0311 (0.0218)  Loss_ins=0.0219 (0.0180)  Loss_qua=0.0006 (0.0007)  Loss_sin=0.0004 (0.0007)  Loss_cos=0.0023 (0.0021)  Loss_wid=0.0002 (0.0003)  IoU=40.85 (60.35)  Prec@50=25.00 (66.70)
2026-03-24 20:39:43 | INFO     | utils.misc:107 - Training: Epoch=[4/50] [6000/7902]  Batch=0.32 (0.34)  Data=0.00 (0.02)  Lr=0.000100  Loss=0.0311 (0.0218)  Loss_ins=0.0320 (0.0179)  Loss_qua=0.0010 (0.0007)  Loss_sin=0.0010 (0.0007)  Loss_cos=0.0026 (0.0021)  Loss_wid=0.0002 (0.0003)  IoU=40.85 (60.35)  Prec@50=25.00 (66.70)
2026-03-24 20:40:15 | INFO     | utils.misc:107 - Training: Epoch=[4/50] [6100/7902]  Batch=0.32 (0.35)  Data=0.00 (0.02)  Lr=0.000100  Loss=0.0289 (0.0218)  Loss_ins=0.0257 (0.0180)  Loss_qua=0.0010 (0.0007)  Loss_sin=0.0007 (0.0007)  Loss_cos=0.0024 (0.0021)  Loss_wid=0.0004 (0.0003)  IoU=49.41 (60.38)  Prec@50=37.50 (66.77)
2026-03-24 20:40:15 | INFO     | utils.misc:107 - Training: Epoch=[4/50] [6100/7902]  Batch=0.32 (0.34)  Data=0.00 (0.02)  Lr=0.000100  Loss=0.0289 (0.0218)  Loss_ins=0.0250 (0.0179)  Loss_qua=0.0007 (0.0007)  Loss_sin=0.0004 (0.0007)  Loss_cos=0.0012 (0.0021)  Loss_wid=0.0002 (0.0003)  IoU=49.41 (60.38)  Prec@50=37.50 (66.77)
2026-03-24 20:40:46 | INFO     | utils.misc:107 - Training: Epoch=[4/50] [6200/7902]  Batch=0.32 (0.35)  Data=0.00 (0.02)  Lr=0.000100  Loss=0.0101 (0.0219)  Loss_ins=0.0080 (0.0181)  Loss_qua=0.0005 (0.0007)  Loss_sin=0.0009 (0.0007)  Loss_cos=0.0014 (0.0021)  Loss_wid=0.0002 (0.0003)  IoU=67.74 (60.38)  Prec@50=75.00 (66.78)
2026-03-24 20:40:46 | INFO     | utils.misc:107 - Training: Epoch=[4/50] [6200/7902]  Batch=0.32 (0.34)  Data=0.00 (0.02)  Lr=0.000100  Loss=0.0101 (0.0219)  Loss_ins=0.0062 (0.0179)  Loss_qua=0.0005 (0.0007)  Loss_sin=0.0010 (0.0007)  Loss_cos=0.0012 (0.0021)  Loss_wid=0.0003 (0.0003)  IoU=67.74 (60.38)  Prec@50=75.00 (66.78)
2026-03-24 20:41:18 | INFO     | utils.misc:107 - Training: Epoch=[4/50] [6300/7902]  Batch=0.35 (0.35)  Data=0.00 (0.02)  Lr=0.000100  Loss=0.0265 (0.0219)  Loss_ins=0.0341 (0.0181)  Loss_qua=0.0016 (0.0007)  Loss_sin=0.0014 (0.0007)  Loss_cos=0.0016 (0.0021)  Loss_wid=0.0006 (0.0003)  IoU=51.83 (60.39)  Prec@50=50.00 (66.78)
2026-03-24 20:41:18 | INFO     | utils.misc:107 - Training: Epoch=[4/50] [6300/7902]  Batch=0.35 (0.34)  Data=0.00 (0.02)  Lr=0.000100  Loss=0.0265 (0.0219)  Loss_ins=0.0095 (0.0179)  Loss_qua=0.0009 (0.0007)  Loss_sin=0.0008 (0.0007)  Loss_cos=0.0021 (0.0021)  Loss_wid=0.0004 (0.0003)  IoU=51.83 (60.39)  Prec@50=50.00 (66.78)
2026-03-24 20:41:51 | INFO     | utils.misc:107 - Training: Epoch=[4/50] [6400/7902]  Batch=0.32 (0.35)  Data=0.00 (0.02)  Lr=0.000100  Loss=0.0154 (0.0218)  Loss_ins=0.0102 (0.0181)  Loss_qua=0.0009 (0.0007)  Loss_sin=0.0004 (0.0007)  Loss_cos=0.0022 (0.0021)  Loss_wid=0.0003 (0.0003)  IoU=48.83 (60.42)  Prec@50=50.00 (66.82)
2026-03-24 20:41:51 | INFO     | utils.misc:107 - Training: Epoch=[4/50] [6400/7902]  Batch=0.32 (0.34)  Data=0.00 (0.02)  Lr=0.000100  Loss=0.0154 (0.0218)  Loss_ins=0.0146 (0.0178)  Loss_qua=0.0004 (0.0007)  Loss_sin=0.0005 (0.0007)  Loss_cos=0.0013 (0.0021)  Loss_wid=0.0001 (0.0003)  IoU=48.83 (60.42)  Prec@50=50.00 (66.82)
2026-03-24 20:42:23 | INFO     | utils.misc:107 - Training: Epoch=[4/50] [6500/7902]  Batch=0.32 (0.35)  Data=0.00 (0.02)  Lr=0.000100  Loss=0.0145 (0.0219)  Loss_ins=0.0067 (0.0181)  Loss_qua=0.0005 (0.0007)  Loss_sin=0.0009 (0.0007)  Loss_cos=0.0014 (0.0021)  Loss_wid=0.0002 (0.0003)  IoU=62.32 (60.45)  Prec@50=62.50 (66.85)
2026-03-24 20:42:23 | INFO     | utils.misc:107 - Training: Epoch=[4/50] [6500/7902]  Batch=0.32 (0.34)  Data=0.00 (0.02)  Lr=0.000100  Loss=0.0145 (0.0219)  Loss_ins=0.0135 (0.0178)  Loss_qua=0.0010 (0.0007)  Loss_sin=0.0005 (0.0007)  Loss_cos=0.0037 (0.0021)  Loss_wid=0.0004 (0.0003)  IoU=62.32 (60.45)  Prec@50=62.50 (66.85)
2026-03-24 20:42:56 | INFO     | utils.misc:107 - Training: Epoch=[4/50] [6600/7902]  Batch=0.33 (0.35)  Data=0.00 (0.02)  Lr=0.000100  Loss=0.0244 (0.0218)  Loss_ins=0.0158 (0.0181)  Loss_qua=0.0004 (0.0007)  Loss_sin=0.0004 (0.0007)  Loss_cos=0.0012 (0.0021)  Loss_wid=0.0002 (0.0003)  IoU=60.12 (60.48)  Prec@50=62.50 (66.88)
2026-03-24 20:42:56 | INFO     | utils.misc:107 - Training: Epoch=[4/50] [6600/7902]  Batch=0.33 (0.34)  Data=0.00 (0.02)  Lr=0.000100  Loss=0.0244 (0.0218)  Loss_ins=0.0252 (0.0178)  Loss_qua=0.0009 (0.0007)  Loss_sin=0.0009 (0.0007)  Loss_cos=0.0033 (0.0021)  Loss_wid=0.0003 (0.0003)  IoU=60.12 (60.48)  Prec@50=62.50 (66.88)
2026-03-24 20:43:29 | INFO     | utils.misc:107 - Training: Epoch=[4/50] [6700/7902]  Batch=0.32 (0.35)  Data=0.00 (0.02)  Lr=0.000100  Loss=0.0221 (0.0218)  Loss_ins=0.0143 (0.0180)  Loss_qua=0.0004 (0.0007)  Loss_sin=0.0008 (0.0007)  Loss_cos=0.0010 (0.0021)  Loss_wid=0.0001 (0.0003)  IoU=39.33 (60.52)  Prec@50=37.50 (66.94)
2026-03-24 20:43:29 | INFO     | utils.misc:107 - Training: Epoch=[4/50] [6700/7902]  Batch=0.32 (0.34)  Data=0.00 (0.02)  Lr=0.000100  Loss=0.0221 (0.0218)  Loss_ins=0.0236 (0.0178)  Loss_qua=0.0010 (0.0007)  Loss_sin=0.0005 (0.0007)  Loss_cos=0.0023 (0.0021)  Loss_wid=0.0003 (0.0003)  IoU=39.33 (60.52)  Prec@50=37.50 (66.94)
2026-03-24 20:43:59 | INFO     | utils.misc:107 - Training: Epoch=[4/50] [6800/7902]  Batch=0.32 (0.35)  Data=0.00 (0.02)  Lr=0.000100  Loss=0.0186 (0.0218)  Loss_ins=0.0166 (0.0180)  Loss_qua=0.0007 (0.0007)  Loss_sin=0.0008 (0.0007)  Loss_cos=0.0031 (0.0021)  Loss_wid=0.0002 (0.0003)  IoU=65.49 (60.55)  Prec@50=75.00 (66.97)
2026-03-24 20:43:59 | INFO     | utils.misc:107 - Training: Epoch=[4/50] [6800/7902]  Batch=0.32 (0.34)  Data=0.00 (0.02)  Lr=0.000100  Loss=0.0186 (0.0218)  Loss_ins=0.0113 (0.0178)  Loss_qua=0.0008 (0.0007)  Loss_sin=0.0004 (0.0007)  Loss_cos=0.0029 (0.0021)  Loss_wid=0.0002 (0.0003)  IoU=65.49 (60.55)  Prec@50=75.00 (66.97)
2026-03-24 20:44:32 | INFO     | utils.misc:107 - Training: Epoch=[4/50] [6900/7902]  Batch=0.36 (0.35)  Data=0.00 (0.02)  Lr=0.000100  Loss=0.0104 (0.0218)  Loss_ins=0.0068 (0.0180)  Loss_qua=0.0004 (0.0007)  Loss_sin=0.0005 (0.0007)  Loss_cos=0.0025 (0.0021)  Loss_wid=0.0002 (0.0003)  IoU=75.50 (60.57)  Prec@50=87.50 (67.01)
2026-03-24 20:44:32 | INFO     | utils.misc:107 - Training: Epoch=[4/50] [6900/7902]  Batch=0.36 (0.34)  Data=0.00 (0.02)  Lr=0.000100  Loss=0.0104 (0.0218)  Loss_ins=0.0081 (0.0178)  Loss_qua=0.0005 (0.0007)  Loss_sin=0.0006 (0.0007)  Loss_cos=0.0011 (0.0021)  Loss_wid=0.0002 (0.0003)  IoU=75.50 (60.57)  Prec@50=87.50 (67.01)
2026-03-24 20:45:04 | INFO     | utils.misc:107 - Training: Epoch=[4/50] [7000/7902]  Batch=0.32 (0.35)  Data=0.00 (0.02)  Lr=0.000100  Loss=0.0312 (0.0217)  Loss_ins=0.0076 (0.0179)  Loss_qua=0.0005 (0.0007)  Loss_sin=0.0003 (0.0007)  Loss_cos=0.0012 (0.0021)  Loss_wid=0.0002 (0.0003)  IoU=65.56 (60.63)  Prec@50=75.00 (67.10)
2026-03-24 20:45:04 | INFO     | utils.misc:107 - Training: Epoch=[4/50] [7000/7902]  Batch=0.32 (0.34)  Data=0.00 (0.02)  Lr=0.000100  Loss=0.0312 (0.0217)  Loss_ins=0.0476 (0.0178)  Loss_qua=0.0011 (0.0007)  Loss_sin=0.0005 (0.0007)  Loss_cos=0.0030 (0.0021)  Loss_wid=0.0004 (0.0003)  IoU=65.56 (60.63)  Prec@50=75.00 (67.10)
2026-03-24 20:45:36 | INFO     | utils.misc:107 - Training: Epoch=[4/50] [7100/7902]  Batch=0.32 (0.35)  Data=0.00 (0.02)  Lr=0.000100  Loss=0.0180 (0.0217)  Loss_ins=0.0095 (0.0179)  Loss_qua=0.0004 (0.0007)  Loss_sin=0.0005 (0.0007)  Loss_cos=0.0015 (0.0021)  Loss_wid=0.0001 (0.0003)  IoU=64.66 (60.70)  Prec@50=62.50 (67.17)
2026-03-24 20:45:36 | INFO     | utils.misc:107 - Training: Epoch=[4/50] [7100/7902]  Batch=0.32 (0.34)  Data=0.00 (0.02)  Lr=0.000100  Loss=0.0180 (0.0217)  Loss_ins=0.0183 (0.0177)  Loss_qua=0.0009 (0.0007)  Loss_sin=0.0019 (0.0007)  Loss_cos=0.0023 (0.0021)  Loss_wid=0.0005 (0.0003)  IoU=64.66 (60.70)  Prec@50=62.50 (67.17)
2026-03-24 20:46:08 | INFO     | utils.misc:107 - Training: Epoch=[4/50] [7200/7902]  Batch=0.35 (0.35)  Data=0.00 (0.02)  Lr=0.000100  Loss=0.0484 (0.0217)  Loss_ins=0.0081 (0.0179)  Loss_qua=0.0004 (0.0007)  Loss_sin=0.0003 (0.0007)  Loss_cos=0.0015 (0.0021)  Loss_wid=0.0001 (0.0003)  IoU=46.31 (60.75)  Prec@50=50.00 (67.21)
2026-03-24 20:46:08 | INFO     | utils.misc:107 - Training: Epoch=[4/50] [7200/7902]  Batch=0.35 (0.34)  Data=0.00 (0.02)  Lr=0.000100  Loss=0.0484 (0.0217)  Loss_ins=0.0744 (0.0177)  Loss_qua=0.0024 (0.0007)  Loss_sin=0.0012 (0.0007)  Loss_cos=0.0072 (0.0021)  Loss_wid=0.0014 (0.0003)  IoU=46.31 (60.75)  Prec@50=50.00 (67.21)
2026-03-24 20:46:40 | INFO     | utils.misc:107 - Training: Epoch=[4/50] [7300/7902]  Batch=0.32 (0.35)  Data=0.00 (0.02)  Lr=0.000100  Loss=0.0161 (0.0216)  Loss_ins=0.0076 (0.0178)  Loss_qua=0.0003 (0.0007)  Loss_sin=0.0005 (0.0007)  Loss_cos=0.0010 (0.0021)  Loss_wid=0.0001 (0.0003)  IoU=68.07 (60.79)  Prec@50=75.00 (67.28)
2026-03-24 20:46:40 | INFO     | utils.misc:107 - Training: Epoch=[4/50] [7300/7902]  Batch=0.32 (0.34)  Data=0.00 (0.02)  Lr=0.000100  Loss=0.0161 (0.0216)  Loss_ins=0.0186 (0.0177)  Loss_qua=0.0008 (0.0007)  Loss_sin=0.0008 (0.0007)  Loss_cos=0.0022 (0.0021)  Loss_wid=0.0003 (0.0003)  IoU=68.07 (60.79)  Prec@50=75.00 (67.28)
2026-03-24 20:47:11 | INFO     | utils.misc:107 - Training: Epoch=[4/50] [7400/7902]  Batch=0.35 (0.35)  Data=0.00 (0.02)  Lr=0.000100  Loss=0.0384 (0.0216)  Loss_ins=0.0123 (0.0178)  Loss_qua=0.0004 (0.0007)  Loss_sin=0.0004 (0.0007)  Loss_cos=0.0008 (0.0021)  Loss_wid=0.0001 (0.0003)  IoU=46.64 (60.83)  Prec@50=50.00 (67.33)
2026-03-24 20:47:11 | INFO     | utils.misc:107 - Training: Epoch=[4/50] [7400/7902]  Batch=0.35 (0.34)  Data=0.00 (0.02)  Lr=0.000100  Loss=0.0384 (0.0216)  Loss_ins=0.0574 (0.0177)  Loss_qua=0.0013 (0.0007)  Loss_sin=0.0006 (0.0007)  Loss_cos=0.0026 (0.0021)  Loss_wid=0.0008 (0.0003)  IoU=46.64 (60.83)  Prec@50=50.00 (67.33)
2026-03-24 20:47:43 | INFO     | utils.misc:107 - Training: Epoch=[4/50] [7500/7902]  Batch=0.31 (0.34)  Data=0.00 (0.02)  Lr=0.000100  Loss=0.0116 (0.0216)  Loss_ins=0.0068 (0.0178)  Loss_qua=0.0005 (0.0007)  Loss_sin=0.0004 (0.0007)  Loss_cos=0.0019 (0.0021)  Loss_wid=0.0003 (0.0003)  IoU=82.78 (60.90)  Prec@50=100.00 (67.42)
2026-03-24 20:47:43 | INFO     | utils.misc:107 - Training: Epoch=[4/50] [7500/7902]  Batch=0.31 (0.34)  Data=0.00 (0.02)  Lr=0.000100  Loss=0.0116 (0.0216)  Loss_ins=0.0099 (0.0177)  Loss_qua=0.0005 (0.0007)  Loss_sin=0.0006 (0.0007)  Loss_cos=0.0022 (0.0021)  Loss_wid=0.0002 (0.0003)  IoU=82.78 (60.90)  Prec@50=100.00 (67.42)
2026-03-24 20:48:18 | INFO     | utils.misc:107 - Training: Epoch=[4/50] [7600/7902]  Batch=0.36 (0.34)  Data=0.00 (0.02)  Lr=0.000100  Loss=0.0184 (0.0215)  Loss_ins=0.0218 (0.0178)  Loss_qua=0.0009 (0.0007)  Loss_sin=0.0007 (0.0007)  Loss_cos=0.0029 (0.0021)  Loss_wid=0.0002 (0.0003)  IoU=65.81 (60.94)  Prec@50=87.50 (67.47)
2026-03-24 20:48:18 | INFO     | utils.misc:107 - Training: Epoch=[4/50] [7600/7902]  Batch=0.36 (0.34)  Data=0.05 (0.02)  Lr=0.000100  Loss=0.0184 (0.0215)  Loss_ins=0.0073 (0.0176)  Loss_qua=0.0004 (0.0007)  Loss_sin=0.0013 (0.0007)  Loss_cos=0.0009 (0.0021)  Loss_wid=0.0004 (0.0003)  IoU=65.81 (60.94)  Prec@50=87.50 (67.47)
2026-03-24 20:48:51 | INFO     | utils.misc:107 - Training: Epoch=[4/50] [7700/7902]  Batch=0.31 (0.34)  Data=0.00 (0.02)  Lr=0.000100  Loss=0.0164 (0.0215)  Loss_ins=0.0177 (0.0177)  Loss_qua=0.0006 (0.0007)  Loss_sin=0.0006 (0.0007)  Loss_cos=0.0016 (0.0021)  Loss_wid=0.0002 (0.0003)  IoU=67.97 (61.00)  Prec@50=75.00 (67.55)
2026-03-24 20:48:51 | INFO     | utils.misc:107 - Training: Epoch=[4/50] [7700/7902]  Batch=0.31 (0.34)  Data=0.00 (0.02)  Lr=0.000100  Loss=0.0164 (0.0215)  Loss_ins=0.0096 (0.0176)  Loss_qua=0.0006 (0.0007)  Loss_sin=0.0008 (0.0007)  Loss_cos=0.0008 (0.0021)  Loss_wid=0.0001 (0.0003)  IoU=67.97 (61.00)  Prec@50=75.00 (67.55)
2026-03-24 20:49:23 | INFO     | utils.misc:107 - Training: Epoch=[4/50] [7800/7902]  Batch=0.35 (0.34)  Data=0.00 (0.02)  Lr=0.000100  Loss=0.0253 (0.0214)  Loss_ins=0.0077 (0.0177)  Loss_qua=0.0004 (0.0007)  Loss_sin=0.0005 (0.0007)  Loss_cos=0.0014 (0.0021)  Loss_wid=0.0001 (0.0003)  IoU=43.85 (61.05)  Prec@50=37.50 (67.61)
2026-03-24 20:49:23 | INFO     | utils.misc:107 - Training: Epoch=[4/50] [7800/7902]  Batch=0.35 (0.34)  Data=0.00 (0.02)  Lr=0.000100  Loss=0.0253 (0.0214)  Loss_ins=0.0347 (0.0176)  Loss_qua=0.0014 (0.0007)  Loss_sin=0.0012 (0.0007)  Loss_cos=0.0025 (0.0021)  Loss_wid=0.0008 (0.0003)  IoU=43.85 (61.05)  Prec@50=37.50 (67.61)
2026-03-24 20:49:57 | INFO     | utils.misc:107 - Training: Epoch=[4/50] [7900/7902]  Batch=0.32 (0.34)  Data=0.00 (0.02)  Lr=0.000100  Loss=0.0132 (0.0214)  Loss_ins=0.0069 (0.0177)  Loss_qua=0.0004 (0.0007)  Loss_sin=0.0003 (0.0007)  Loss_cos=0.0013 (0.0021)  Loss_wid=0.0001 (0.0003)  IoU=80.77 (61.10)  Prec@50=100.00 (67.66)
2026-03-24 20:49:57 | INFO     | utils.misc:107 - Training: Epoch=[4/50] [7900/7902]  Batch=0.32 (0.34)  Data=0.00 (0.02)  Lr=0.000100  Loss=0.0132 (0.0214)  Loss_ins=0.0129 (0.0175)  Loss_qua=0.0008 (0.0007)  Loss_sin=0.0009 (0.0007)  Loss_cos=0.0027 (0.0021)  Loss_wid=0.0002 (0.0003)  IoU=80.77 (61.10)  Prec@50=100.00 (67.66)
/home/tstanley/miniconda3/envs/vmamba_copy/lib/python3.10/site-packages/requests/__init__.py:113: RequestsDependencyWarning: urllib3 (1.26.20) or chardet (7.0.1)/charset_normalizer (3.1.0) doesn't match a supported version!
  warnings.warn(
/home/tstanley/miniconda3/envs/vmamba_copy/lib/python3.10/site-packages/requests/__init__.py:113: RequestsDependencyWarning: urllib3 (1.26.20) or chardet (7.0.1)/charset_normalizer (3.1.0) doesn't match a supported version!
  warnings.warn(
2026-03-24 20:58:35 | INFO     | engine.crog_engine:388 - Evaluation: Epoch=[4/50]  IoU=64.99  J_index@1: 59.01  J_index@5: 66.44  Pr@50: 75.46  Pr@60: 67.73  Pr@70: 58.42  Pr@80: 41.66  Pr@90: 8.94  
2026-03-24 20:58:35 | INFO     | engine.crog_engine:388 - Evaluation: Epoch=[4/50]  IoU=64.99  J_index@1: 59.72  J_index@5: 66.71  Pr@50: 75.46  Pr@60: 67.73  Pr@70: 58.42  Pr@80: 41.66  Pr@90: 8.94  
/home/tstanley/miniconda3/envs/vmamba_copy/lib/python3.10/site-packages/requests/__init__.py:113: RequestsDependencyWarning: urllib3 (1.26.20) or chardet (7.0.1)/charset_normalizer (3.1.0) doesn't match a supported version!
  warnings.warn(
/home/tstanley/miniconda3/envs/vmamba_copy/lib/python3.10/site-packages/requests/__init__.py:113: RequestsDependencyWarning: urllib3 (1.26.20) or chardet (7.0.1)/charset_normalizer (3.1.0) doesn't match a supported version!
  warnings.warn(
2026-03-24 21:01:17 | INFO     | utils.misc:107 - Training: Epoch=[5/50] [ 100/7902]  Batch=0.37 (1.59)  Data=0.00 (1.14)  Lr=0.000100  Loss=0.0090 (0.0179)  Loss_ins=0.0060 (0.0144)  Loss_qua=0.0003 (0.0007)  Loss_sin=0.0005 (0.0006)  Loss_cos=0.0014 (0.0018)  Loss_wid=0.0001 (0.0003)  IoU=77.37 (66.35)  Prec@50=100.00 (75.38)
2026-03-24 21:01:17 | INFO     | utils.misc:107 - Training: Epoch=[5/50] [ 100/7902]  Batch=0.37 (1.07)  Data=0.00 (0.73)  Lr=0.000100  Loss=0.0090 (0.0179)  Loss_ins=0.0072 (0.0146)  Loss_qua=0.0004 (0.0007)  Loss_sin=0.0003 (0.0006)  Loss_cos=0.0018 (0.0019)  Loss_wid=0.0001 (0.0003)  IoU=77.37 (66.35)  Prec@50=100.00 (75.38)
2026-03-24 21:01:58 | INFO     | utils.misc:107 - Training: Epoch=[5/50] [ 200/7902]  Batch=0.35 (1.00)  Data=0.00 (0.59)  Lr=0.000100  Loss=0.0174 (0.0187)  Loss_ins=0.0221 (0.0148)  Loss_qua=0.0009 (0.0006)  Loss_sin=0.0006 (0.0007)  Loss_cos=0.0018 (0.0019)  Loss_wid=0.0004 (0.0002)  IoU=67.47 (66.43)  Prec@50=75.00 (74.62)
2026-03-24 21:01:58 | INFO     | utils.misc:107 - Training: Epoch=[5/50] [ 200/7902]  Batch=0.35 (0.74)  Data=0.00 (0.41)  Lr=0.000100  Loss=0.0174 (0.0187)  Loss_ins=0.0068 (0.0158)  Loss_qua=0.0004 (0.0007)  Loss_sin=0.0006 (0.0007)  Loss_cos=0.0011 (0.0020)  Loss_wid=0.0001 (0.0003)  IoU=67.47 (66.43)  Prec@50=75.00 (74.62)
2026-03-24 21:02:31 | INFO     | utils.misc:107 - Training: Epoch=[5/50] [ 300/7902]  Batch=0.31 (0.78)  Data=0.00 (0.40)  Lr=0.000100  Loss=0.0152 (0.0185)  Loss_ins=0.0083 (0.0154)  Loss_qua=0.0004 (0.0006)  Loss_sin=0.0003 (0.0007)  Loss_cos=0.0023 (0.0019)  Loss_wid=0.0001 (0.0002)  IoU=71.53 (66.22)  Prec@50=75.00 (74.25)
2026-03-24 21:02:31 | INFO     | utils.misc:107 - Training: Epoch=[5/50] [ 300/7902]  Batch=0.31 (0.60)  Data=0.00 (0.27)  Lr=0.000100  Loss=0.0152 (0.0185)  Loss_ins=0.0131 (0.0146)  Loss_qua=0.0015 (0.0006)  Loss_sin=0.0006 (0.0007)  Loss_cos=0.0024 (0.0019)  Loss_wid=0.0012 (0.0003)  IoU=71.53 (66.22)  Prec@50=75.00 (74.25)
2026-03-24 21:03:03 | INFO     | utils.misc:107 - Training: Epoch=[5/50] [ 400/7902]  Batch=0.31 (0.66)  Data=0.00 (0.30)  Lr=0.000100  Loss=0.0134 (0.0185)  Loss_ins=0.0090 (0.0154)  Loss_qua=0.0005 (0.0007)  Loss_sin=0.0011 (0.0007)  Loss_cos=0.0017 (0.0020)  Loss_wid=0.0002 (0.0003)  IoU=75.44 (66.20)  Prec@50=87.50 (74.41)
2026-03-24 21:03:03 | INFO     | utils.misc:107 - Training: Epoch=[5/50] [ 400/7902]  Batch=0.31 (0.53)  Data=0.00 (0.21)  Lr=0.000100  Loss=0.0134 (0.0185)  Loss_ins=0.0105 (0.0146)  Loss_qua=0.0013 (0.0007)  Loss_sin=0.0005 (0.0007)  Loss_cos=0.0011 (0.0019)  Loss_wid=0.0010 (0.0003)  IoU=75.44 (66.20)  Prec@50=87.50 (74.41)
2026-03-24 21:03:35 | INFO     | utils.misc:107 - Training: Epoch=[5/50] [ 500/7902]  Batch=0.32 (0.59)  Data=0.00 (0.24)  Lr=0.000100  Loss=0.0120 (0.0184)  Loss_ins=0.0110 (0.0153)  Loss_qua=0.0003 (0.0007)  Loss_sin=0.0003 (0.0007)  Loss_cos=0.0006 (0.0019)  Loss_wid=0.0001 (0.0003)  IoU=52.15 (65.76)  Prec@50=62.50 (73.67)
2026-03-24 21:03:35 | INFO     | utils.misc:107 - Training: Epoch=[5/50] [ 500/7902]  Batch=0.32 (0.49)  Data=0.00 (0.17)  Lr=0.000100  Loss=0.0120 (0.0184)  Loss_ins=0.0093 (0.0146)  Loss_qua=0.0005 (0.0006)  Loss_sin=0.0004 (0.0006)  Loss_cos=0.0014 (0.0019)  Loss_wid=0.0001 (0.0003)  IoU=52.15 (65.76)  Prec@50=62.50 (73.67)
2026-03-24 21:04:07 | INFO     | utils.misc:107 - Training: Epoch=[5/50] [ 600/7902]  Batch=0.35 (0.55)  Data=0.00 (0.20)  Lr=0.000100  Loss=0.0125 (0.0180)  Loss_ins=0.0088 (0.0150)  Loss_qua=0.0006 (0.0007)  Loss_sin=0.0008 (0.0007)  Loss_cos=0.0022 (0.0019)  Loss_wid=0.0002 (0.0003)  IoU=56.58 (66.06)  Prec@50=50.00 (73.88)
2026-03-24 21:04:07 | INFO     | utils.misc:107 - Training: Epoch=[5/50] [ 600/7902]  Batch=0.35 (0.46)  Data=0.00 (0.14)  Lr=0.000100  Loss=0.0125 (0.0180)  Loss_ins=0.0106 (0.0142)  Loss_qua=0.0005 (0.0006)  Loss_sin=0.0003 (0.0006)  Loss_cos=0.0009 (0.0019)  Loss_wid=0.0002 (0.0003)  IoU=56.58 (66.06)  Prec@50=50.00 (73.88)
2026-03-24 21:04:39 | INFO     | utils.misc:107 - Training: Epoch=[5/50] [ 700/7902]  Batch=0.32 (0.52)  Data=0.00 (0.17)  Lr=0.000100  Loss=0.0184 (0.0182)  Loss_ins=0.0109 (0.0152)  Loss_qua=0.0007 (0.0006)  Loss_sin=0.0005 (0.0007)  Loss_cos=0.0033 (0.0019)  Loss_wid=0.0002 (0.0003)  IoU=67.11 (65.90)  Prec@50=87.50 (73.79)
2026-03-24 21:04:39 | INFO     | utils.misc:107 - Training: Epoch=[5/50] [ 700/7902]  Batch=0.32 (0.44)  Data=0.00 (0.12)  Lr=0.000100  Loss=0.0184 (0.0182)  Loss_ins=0.0182 (0.0143)  Loss_qua=0.0006 (0.0006)  Loss_sin=0.0006 (0.0006)  Loss_cos=0.0017 (0.0019)  Loss_wid=0.0001 (0.0002)  IoU=67.11 (65.90)  Prec@50=87.50 (73.79)
2026-03-24 21:05:10 | INFO     | utils.misc:107 - Training: Epoch=[5/50] [ 800/7902]  Batch=0.19 (0.49)  Data=0.00 (0.15)  Lr=0.000100  Loss=0.0284 (0.0184)  Loss_ins=0.0235 (0.0152)  Loss_qua=0.0009 (0.0006)  Loss_sin=0.0006 (0.0006)  Loss_cos=0.0008 (0.0019)  Loss_wid=0.0004 (0.0003)  IoU=55.20 (65.58)  Prec@50=50.00 (73.28)
2026-03-24 21:05:10 | INFO     | utils.misc:107 - Training: Epoch=[5/50] [ 800/7902]  Batch=0.19 (0.43)  Data=0.00 (0.10)  Lr=0.000100  Loss=0.0284 (0.0184)  Loss_ins=0.0249 (0.0148)  Loss_qua=0.0007 (0.0006)  Loss_sin=0.0014 (0.0006)  Loss_cos=0.0033 (0.0019)  Loss_wid=0.0003 (0.0003)  IoU=55.20 (65.58)  Prec@50=50.00 (73.28)
2026-03-24 21:05:43 | INFO     | utils.misc:107 - Training: Epoch=[5/50] [ 900/7902]  Batch=0.31 (0.47)  Data=0.00 (0.13)  Lr=0.000100  Loss=0.0157 (0.0182)  Loss_ins=0.0112 (0.0150)  Loss_qua=0.0005 (0.0006)  Loss_sin=0.0006 (0.0006)  Loss_cos=0.0020 (0.0019)  Loss_wid=0.0002 (0.0002)  IoU=70.48 (66.01)  Prec@50=75.00 (73.90)
2026-03-24 21:05:43 | INFO     | utils.misc:107 - Training: Epoch=[5/50] [ 900/7902]  Batch=0.31 (0.41)  Data=0.00 (0.09)  Lr=0.000100  Loss=0.0157 (0.0182)  Loss_ins=0.0105 (0.0147)  Loss_qua=0.0009 (0.0006)  Loss_sin=0.0006 (0.0006)  Loss_cos=0.0045 (0.0019)  Loss_wid=0.0006 (0.0002)  IoU=70.48 (66.01)  Prec@50=75.00 (73.90)
2026-03-24 21:06:15 | INFO     | utils.misc:107 - Training: Epoch=[5/50] [1000/7902]  Batch=0.31 (0.46)  Data=0.00 (0.12)  Lr=0.000100  Loss=0.0112 (0.0181)  Loss_ins=0.0054 (0.0148)  Loss_qua=0.0004 (0.0006)  Loss_sin=0.0011 (0.0006)  Loss_cos=0.0009 (0.0019)  Loss_wid=0.0001 (0.0002)  IoU=72.52 (66.10)  Prec@50=87.50 (74.12)
2026-03-24 21:06:15 | INFO     | utils.misc:107 - Training: Epoch=[5/50] [1000/7902]  Batch=0.31 (0.41)  Data=0.00 (0.08)  Lr=0.000100  Loss=0.0112 (0.0181)  Loss_ins=0.0107 (0.0146)  Loss_qua=0.0009 (0.0006)  Loss_sin=0.0009 (0.0006)  Loss_cos=0.0013 (0.0019)  Loss_wid=0.0006 (0.0002)  IoU=72.52 (66.10)  Prec@50=87.50 (74.12)
2026-03-24 21:06:48 | INFO     | utils.misc:107 - Training: Epoch=[5/50] [1100/7902]  Batch=0.35 (0.45)  Data=0.00 (0.11)  Lr=0.000100  Loss=0.0086 (0.0180)  Loss_ins=0.0079 (0.0147)  Loss_qua=0.0004 (0.0006)  Loss_sin=0.0004 (0.0006)  Loss_cos=0.0008 (0.0019)  Loss_wid=0.0001 (0.0002)  IoU=64.22 (66.19)  Prec@50=75.00 (74.31)
2026-03-24 21:06:48 | INFO     | utils.misc:107 - Training: Epoch=[5/50] [1100/7902]  Batch=0.35 (0.40)  Data=0.00 (0.08)  Lr=0.000100  Loss=0.0086 (0.0180)  Loss_ins=0.0065 (0.0145)  Loss_qua=0.0003 (0.0006)  Loss_sin=0.0004 (0.0006)  Loss_cos=0.0005 (0.0019)  Loss_wid=0.0001 (0.0002)  IoU=64.22 (66.19)  Prec@50=75.00 (74.31)
2026-03-24 21:07:20 | INFO     | utils.misc:107 - Training: Epoch=[5/50] [1200/7902]  Batch=0.31 (0.44)  Data=0.00 (0.10)  Lr=0.000100  Loss=0.0087 (0.0180)  Loss_ins=0.0074 (0.0148)  Loss_qua=0.0004 (0.0006)  Loss_sin=0.0005 (0.0006)  Loss_cos=0.0013 (0.0019)  Loss_wid=0.0001 (0.0002)  IoU=73.24 (66.15)  Prec@50=87.50 (74.27)
2026-03-24 21:07:20 | INFO     | utils.misc:107 - Training: Epoch=[5/50] [1200/7902]  Batch=0.31 (0.39)  Data=0.00 (0.07)  Lr=0.000100  Loss=0.0087 (0.0180)  Loss_ins=0.0055 (0.0145)  Loss_qua=0.0003 (0.0006)  Loss_sin=0.0007 (0.0006)  Loss_cos=0.0012 (0.0019)  Loss_wid=0.0001 (0.0002)  IoU=73.24 (66.15)  Prec@50=87.50 (74.27)
2026-03-24 21:07:52 | INFO     | utils.misc:107 - Training: Epoch=[5/50] [1300/7902]  Batch=0.32 (0.43)  Data=0.00 (0.09)  Lr=0.000100  Loss=0.0411 (0.0179)  Loss_ins=0.0467 (0.0147)  Loss_qua=0.0005 (0.0006)  Loss_sin=0.0004 (0.0006)  Loss_cos=0.0015 (0.0019)  Loss_wid=0.0001 (0.0002)  IoU=43.71 (66.24)  Prec@50=50.00 (74.39)
2026-03-24 21:07:52 | INFO     | utils.misc:107 - Training: Epoch=[5/50] [1300/7902]  Batch=0.32 (0.39)  Data=0.00 (0.07)  Lr=0.000100  Loss=0.0411 (0.0179)  Loss_ins=0.0302 (0.0144)  Loss_qua=0.0007 (0.0006)  Loss_sin=0.0005 (0.0006)  Loss_cos=0.0015 (0.0019)  Loss_wid=0.0001 (0.0002)  IoU=43.71 (66.24)  Prec@50=50.00 (74.39)
2026-03-24 21:08:24 | INFO     | utils.misc:107 - Training: Epoch=[5/50] [1400/7902]  Batch=0.32 (0.42)  Data=0.00 (0.09)  Lr=0.000100  Loss=0.0269 (0.0179)  Loss_ins=0.0402 (0.0145)  Loss_qua=0.0012 (0.0006)  Loss_sin=0.0012 (0.0006)  Loss_cos=0.0035 (0.0019)  Loss_wid=0.0006 (0.0002)  IoU=62.40 (66.17)  Prec@50=75.00 (74.29)
2026-03-24 21:08:24 | INFO     | utils.misc:107 - Training: Epoch=[5/50] [1400/7902]  Batch=0.32 (0.38)  Data=0.00 (0.06)  Lr=0.000100  Loss=0.0269 (0.0179)  Loss_ins=0.0060 (0.0145)  Loss_qua=0.0002 (0.0006)  Loss_sin=0.0002 (0.0006)  Loss_cos=0.0008 (0.0019)  Loss_wid=0.0001 (0.0002)  IoU=62.40 (66.17)  Prec@50=75.00 (74.29)
2026-03-24 21:08:57 | INFO     | utils.misc:107 - Training: Epoch=[5/50] [1500/7902]  Batch=0.32 (0.41)  Data=0.00 (0.08)  Lr=0.000100  Loss=0.0195 (0.0180)  Loss_ins=0.0222 (0.0147)  Loss_qua=0.0010 (0.0006)  Loss_sin=0.0006 (0.0006)  Loss_cos=0.0019 (0.0019)  Loss_wid=0.0001 (0.0002)  IoU=54.57 (66.23)  Prec@50=50.00 (74.36)
2026-03-24 21:08:57 | INFO     | utils.misc:107 - Training: Epoch=[5/50] [1500/7902]  Batch=0.32 (0.38)  Data=0.00 (0.06)  Lr=0.000100  Loss=0.0195 (0.0180)  Loss_ins=0.0105 (0.0144)  Loss_qua=0.0004 (0.0006)  Loss_sin=0.0005 (0.0006)  Loss_cos=0.0017 (0.0019)  Loss_wid=0.0001 (0.0002)  IoU=54.57 (66.23)  Prec@50=50.00 (74.36)
2026-03-24 21:09:30 | INFO     | utils.misc:107 - Training: Epoch=[5/50] [1600/7902]  Batch=0.31 (0.41)  Data=0.00 (0.08)  Lr=0.000100  Loss=0.0180 (0.0180)  Loss_ins=0.0242 (0.0149)  Loss_qua=0.0005 (0.0006)  Loss_sin=0.0007 (0.0006)  Loss_cos=0.0011 (0.0019)  Loss_wid=0.0001 (0.0002)  IoU=54.59 (66.17)  Prec@50=62.50 (74.33)
2026-03-24 21:09:30 | INFO     | utils.misc:107 - Training: Epoch=[5/50] [1600/7902]  Batch=0.31 (0.38)  Data=0.00 (0.06)  Lr=0.000100  Loss=0.0180 (0.0180)  Loss_ins=0.0071 (0.0143)  Loss_qua=0.0004 (0.0006)  Loss_sin=0.0004 (0.0006)  Loss_cos=0.0012 (0.0019)  Loss_wid=0.0001 (0.0002)  IoU=54.59 (66.17)  Prec@50=62.50 (74.33)
2026-03-24 21:10:02 | INFO     | utils.misc:107 - Training: Epoch=[5/50] [1700/7902]  Batch=0.29 (0.40)  Data=0.00 (0.07)  Lr=0.000100  Loss=0.0129 (0.0181)  Loss_ins=0.0096 (0.0149)  Loss_qua=0.0009 (0.0006)  Loss_sin=0.0017 (0.0006)  Loss_cos=0.0019 (0.0019)  Loss_wid=0.0004 (0.0002)  IoU=71.00 (66.16)  Prec@50=75.00 (74.31)
2026-03-24 21:10:02 | INFO     | utils.misc:107 - Training: Epoch=[5/50] [1700/7902]  Batch=0.29 (0.37)  Data=0.00 (0.05)  Lr=0.000100  Loss=0.0129 (0.0181)  Loss_ins=0.0076 (0.0144)  Loss_qua=0.0008 (0.0006)  Loss_sin=0.0004 (0.0006)  Loss_cos=0.0021 (0.0019)  Loss_wid=0.0002 (0.0002)  IoU=71.00 (66.16)  Prec@50=75.00 (74.31)
2026-03-24 21:10:35 | INFO     | utils.misc:107 - Training: Epoch=[5/50] [1800/7902]  Batch=0.35 (0.40)  Data=0.00 (0.07)  Lr=0.000100  Loss=0.0160 (0.0181)  Loss_ins=0.0161 (0.0148)  Loss_qua=0.0006 (0.0006)  Loss_sin=0.0005 (0.0006)  Loss_cos=0.0020 (0.0019)  Loss_wid=0.0001 (0.0002)  IoU=47.70 (66.10)  Prec@50=37.50 (74.20)
2026-03-24 21:10:35 | INFO     | utils.misc:107 - Training: Epoch=[5/50] [1800/7902]  Batch=0.35 (0.37)  Data=0.00 (0.05)  Lr=0.000100  Loss=0.0160 (0.0181)  Loss_ins=0.0106 (0.0145)  Loss_qua=0.0004 (0.0006)  Loss_sin=0.0002 (0.0006)  Loss_cos=0.0015 (0.0019)  Loss_wid=0.0001 (0.0002)  IoU=47.70 (66.10)  Prec@50=37.50 (74.20)
2026-03-24 21:11:07 | INFO     | utils.misc:107 - Training: Epoch=[5/50] [1900/7902]  Batch=0.31 (0.39)  Data=0.00 (0.07)  Lr=0.000100  Loss=0.0456 (0.0182)  Loss_ins=0.0241 (0.0148)  Loss_qua=0.0011 (0.0006)  Loss_sin=0.0006 (0.0006)  Loss_cos=0.0044 (0.0019)  Loss_wid=0.0005 (0.0002)  IoU=52.55 (65.92)  Prec@50=50.00 (73.96)
2026-03-24 21:11:07 | INFO     | utils.misc:107 - Training: Epoch=[5/50] [1900/7902]  Batch=0.31 (0.37)  Data=0.00 (0.05)  Lr=0.000100  Loss=0.0456 (0.0182)  Loss_ins=0.0549 (0.0146)  Loss_qua=0.0016 (0.0006)  Loss_sin=0.0008 (0.0006)  Loss_cos=0.0024 (0.0019)  Loss_wid=0.0007 (0.0002)  IoU=52.55 (65.92)  Prec@50=50.00 (73.96)
2026-03-24 21:11:39 | INFO     | utils.misc:107 - Training: Epoch=[5/50] [2000/7902]  Batch=0.31 (0.39)  Data=0.00 (0.06)  Lr=0.000100  Loss=0.0137 (0.0182)  Loss_ins=0.0163 (0.0149)  Loss_qua=0.0004 (0.0006)  Loss_sin=0.0006 (0.0006)  Loss_cos=0.0014 (0.0019)  Loss_wid=0.0002 (0.0002)  IoU=64.24 (65.88)  Prec@50=75.00 (73.88)
2026-03-24 21:11:39 | INFO     | utils.misc:107 - Training: Epoch=[5/50] [2000/7902]  Batch=0.31 (0.36)  Data=0.00 (0.04)  Lr=0.000100  Loss=0.0137 (0.0182)  Loss_ins=0.0063 (0.0147)  Loss_qua=0.0003 (0.0006)  Loss_sin=0.0004 (0.0006)  Loss_cos=0.0013 (0.0019)  Loss_wid=0.0001 (0.0003)  IoU=64.24 (65.88)  Prec@50=75.00 (73.88)
2026-03-24 21:12:11 | INFO     | utils.misc:107 - Training: Epoch=[5/50] [2100/7902]  Batch=0.32 (0.39)  Data=0.00 (0.06)  Lr=0.000100  Loss=0.0093 (0.0182)  Loss_ins=0.0083 (0.0150)  Loss_qua=0.0003 (0.0006)  Loss_sin=0.0003 (0.0006)  Loss_cos=0.0009 (0.0019)  Loss_wid=0.0001 (0.0002)  IoU=73.99 (65.90)  Prec@50=87.50 (73.88)
2026-03-24 21:12:11 | INFO     | utils.misc:107 - Training: Epoch=[5/50] [2100/7902]  Batch=0.32 (0.36)  Data=0.00 (0.04)  Lr=0.000100  Loss=0.0093 (0.0182)  Loss_ins=0.0063 (0.0146)  Loss_qua=0.0003 (0.0006)  Loss_sin=0.0009 (0.0006)  Loss_cos=0.0013 (0.0019)  Loss_wid=0.0001 (0.0003)  IoU=73.99 (65.90)  Prec@50=87.50 (73.88)
2026-03-24 21:12:43 | INFO     | utils.misc:107 - Training: Epoch=[5/50] [2200/7902]  Batch=0.31 (0.38)  Data=0.00 (0.06)  Lr=0.000100  Loss=0.0149 (0.0182)  Loss_ins=0.0077 (0.0149)  Loss_qua=0.0004 (0.0006)  Loss_sin=0.0007 (0.0006)  Loss_cos=0.0017 (0.0019)  Loss_wid=0.0001 (0.0002)  IoU=54.21 (65.94)  Prec@50=50.00 (73.86)
2026-03-24 21:12:43 | INFO     | utils.misc:107 - Training: Epoch=[5/50] [2200/7902]  Batch=0.31 (0.36)  Data=0.00 (0.04)  Lr=0.000100  Loss=0.0149 (0.0182)  Loss_ins=0.0176 (0.0146)  Loss_qua=0.0007 (0.0006)  Loss_sin=0.0004 (0.0006)  Loss_cos=0.0005 (0.0019)  Loss_wid=0.0001 (0.0003)  IoU=54.21 (65.94)  Prec@50=50.00 (73.86)
2026-03-24 21:13:15 | INFO     | utils.misc:107 - Training: Epoch=[5/50] [2300/7902]  Batch=0.32 (0.38)  Data=0.00 (0.05)  Lr=0.000100  Loss=0.0318 (0.0181)  Loss_ins=0.0486 (0.0149)  Loss_qua=0.0008 (0.0006)  Loss_sin=0.0007 (0.0006)  Loss_cos=0.0029 (0.0019)  Loss_wid=0.0002 (0.0002)  IoU=74.22 (65.94)  Prec@50=87.50 (73.91)
2026-03-24 21:13:15 | INFO     | utils.misc:107 - Training: Epoch=[5/50] [2300/7902]  Batch=0.32 (0.36)  Data=0.00 (0.04)  Lr=0.000100  Loss=0.0318 (0.0181)  Loss_ins=0.0080 (0.0145)  Loss_qua=0.0003 (0.0006)  Loss_sin=0.0006 (0.0006)  Loss_cos=0.0015 (0.0019)  Loss_wid=0.0001 (0.0003)  IoU=74.22 (65.94)  Prec@50=87.50 (73.91)
2026-03-24 21:13:47 | INFO     | utils.misc:107 - Training: Epoch=[5/50] [2400/7902]  Batch=0.34 (0.38)  Data=0.00 (0.05)  Lr=0.000100  Loss=0.0112 (0.0181)  Loss_ins=0.0099 (0.0149)  Loss_qua=0.0005 (0.0006)  Loss_sin=0.0009 (0.0006)  Loss_cos=0.0015 (0.0019)  Loss_wid=0.0003 (0.0002)  IoU=66.75 (65.98)  Prec@50=75.00 (74.01)
2026-03-24 21:13:47 | INFO     | utils.misc:107 - Training: Epoch=[5/50] [2400/7902]  Batch=0.34 (0.36)  Data=0.00 (0.04)  Lr=0.000100  Loss=0.0112 (0.0181)  Loss_ins=0.0068 (0.0145)  Loss_qua=0.0004 (0.0006)  Loss_sin=0.0006 (0.0006)  Loss_cos=0.0015 (0.0019)  Loss_wid=0.0002 (0.0003)  IoU=66.75 (65.98)  Prec@50=75.00 (74.01)
2026-03-24 21:14:18 | INFO     | utils.misc:107 - Training: Epoch=[5/50] [2500/7902]  Batch=0.19 (0.38)  Data=0.00 (0.05)  Lr=0.000100  Loss=0.0300 (0.0182)  Loss_ins=0.0388 (0.0150)  Loss_qua=0.0010 (0.0006)  Loss_sin=0.0007 (0.0006)  Loss_cos=0.0028 (0.0019)  Loss_wid=0.0004 (0.0002)  IoU=45.61 (65.89)  Prec@50=50.00 (73.88)
2026-03-24 21:14:18 | INFO     | utils.misc:107 - Training: Epoch=[5/50] [2500/7902]  Batch=0.19 (0.36)  Data=0.00 (0.04)  Lr=0.000100  Loss=0.0300 (0.0182)  Loss_ins=0.0122 (0.0145)  Loss_qua=0.0008 (0.0006)  Loss_sin=0.0010 (0.0006)  Loss_cos=0.0022 (0.0019)  Loss_wid=0.0005 (0.0003)  IoU=45.61 (65.89)  Prec@50=50.00 (73.88)
2026-03-24 21:14:50 | INFO     | utils.misc:107 - Training: Epoch=[5/50] [2600/7902]  Batch=0.35 (0.37)  Data=0.00 (0.05)  Lr=0.000100  Loss=0.0192 (0.0183)  Loss_ins=0.0064 (0.0151)  Loss_qua=0.0005 (0.0006)  Loss_sin=0.0007 (0.0007)  Loss_cos=0.0015 (0.0019)  Loss_wid=0.0002 (0.0003)  IoU=70.66 (65.78)  Prec@50=75.00 (73.74)
2026-03-24 21:14:50 | INFO     | utils.misc:107 - Training: Epoch=[5/50] [2600/7902]  Batch=0.35 (0.35)  Data=0.00 (0.03)  Lr=0.000100  Loss=0.0192 (0.0183)  Loss_ins=0.0267 (0.0146)  Loss_qua=0.0005 (0.0006)  Loss_sin=0.0004 (0.0006)  Loss_cos=0.0014 (0.0019)  Loss_wid=0.0002 (0.0003)  IoU=70.66 (65.78)  Prec@50=75.00 (73.74)
2026-03-24 21:15:22 | INFO     | utils.misc:107 - Training: Epoch=[5/50] [2700/7902]  Batch=0.32 (0.37)  Data=0.00 (0.05)  Lr=0.000100  Loss=0.0278 (0.0184)  Loss_ins=0.0081 (0.0152)  Loss_qua=0.0004 (0.0006)  Loss_sin=0.0007 (0.0007)  Loss_cos=0.0010 (0.0019)  Loss_wid=0.0001 (0.0003)  IoU=62.94 (65.62)  Prec@50=50.00 (73.52)
2026-03-24 21:15:22 | INFO     | utils.misc:107 - Training: Epoch=[5/50] [2700/7902]  Batch=0.32 (0.35)  Data=0.00 (0.03)  Lr=0.000100  Loss=0.0278 (0.0184)  Loss_ins=0.0411 (0.0147)  Loss_qua=0.0008 (0.0006)  Loss_sin=0.0005 (0.0006)  Loss_cos=0.0027 (0.0019)  Loss_wid=0.0002 (0.0003)  IoU=62.94 (65.62)  Prec@50=50.00 (73.52)
2026-03-24 21:15:55 | INFO     | utils.misc:107 - Training: Epoch=[5/50] [2800/7902]  Batch=0.32 (0.37)  Data=0.00 (0.04)  Lr=0.000100  Loss=0.0312 (0.0185)  Loss_ins=0.0389 (0.0152)  Loss_qua=0.0015 (0.0006)  Loss_sin=0.0011 (0.0007)  Loss_cos=0.0050 (0.0019)  Loss_wid=0.0004 (0.0003)  IoU=50.21 (65.55)  Prec@50=37.50 (73.38)
2026-03-24 21:15:55 | INFO     | utils.misc:107 - Training: Epoch=[5/50] [2800/7902]  Batch=0.32 (0.35)  Data=0.00 (0.03)  Lr=0.000100  Loss=0.0312 (0.0185)  Loss_ins=0.0110 (0.0147)  Loss_qua=0.0004 (0.0006)  Loss_sin=0.0007 (0.0006)  Loss_cos=0.0031 (0.0019)  Loss_wid=0.0003 (0.0003)  IoU=50.21 (65.55)  Prec@50=37.50 (73.38)
2026-03-24 21:16:27 | INFO     | utils.misc:107 - Training: Epoch=[5/50] [2900/7902]  Batch=0.34 (0.37)  Data=0.00 (0.04)  Lr=0.000100  Loss=0.0290 (0.0186)  Loss_ins=0.0072 (0.0153)  Loss_qua=0.0006 (0.0007)  Loss_sin=0.0003 (0.0007)  Loss_cos=0.0015 (0.0020)  Loss_wid=0.0002 (0.0003)  IoU=48.27 (65.47)  Prec@50=50.00 (73.29)
2026-03-24 21:16:27 | INFO     | utils.misc:107 - Training: Epoch=[5/50] [2900/7902]  Batch=0.34 (0.35)  Data=0.00 (0.03)  Lr=0.000100  Loss=0.0290 (0.0186)  Loss_ins=0.0401 (0.0148)  Loss_qua=0.0019 (0.0006)  Loss_sin=0.0015 (0.0006)  Loss_cos=0.0039 (0.0019)  Loss_wid=0.0008 (0.0003)  IoU=48.27 (65.47)  Prec@50=50.00 (73.29)
2026-03-24 21:16:59 | INFO     | utils.misc:107 - Training: Epoch=[5/50] [3000/7902]  Batch=0.32 (0.37)  Data=0.00 (0.04)  Lr=0.000100  Loss=0.0146 (0.0186)  Loss_ins=0.0070 (0.0153)  Loss_qua=0.0004 (0.0007)  Loss_sin=0.0008 (0.0007)  Loss_cos=0.0009 (0.0020)  Loss_wid=0.0002 (0.0003)  IoU=67.51 (65.47)  Prec@50=75.00 (73.35)
2026-03-24 21:16:59 | INFO     | utils.misc:107 - Training: Epoch=[5/50] [3000/7902]  Batch=0.32 (0.35)  Data=0.00 (0.03)  Lr=0.000100  Loss=0.0146 (0.0186)  Loss_ins=0.0154 (0.0148)  Loss_qua=0.0008 (0.0006)  Loss_sin=0.0006 (0.0007)  Loss_cos=0.0031 (0.0019)  Loss_wid=0.0002 (0.0003)  IoU=67.51 (65.47)  Prec@50=75.00 (73.35)
2026-03-24 21:17:31 | INFO     | utils.misc:107 - Training: Epoch=[5/50] [3100/7902]  Batch=0.31 (0.37)  Data=0.00 (0.04)  Lr=0.000100  Loss=0.0212 (0.0187)  Loss_ins=0.0159 (0.0154)  Loss_qua=0.0035 (0.0007)  Loss_sin=0.0005 (0.0007)  Loss_cos=0.0028 (0.0020)  Loss_wid=0.0001 (0.0003)  IoU=43.27 (65.40)  Prec@50=37.50 (73.29)
2026-03-24 21:17:31 | INFO     | utils.misc:107 - Training: Epoch=[5/50] [3100/7902]  Batch=0.31 (0.35)  Data=0.00 (0.03)  Lr=0.000100  Loss=0.0212 (0.0187)  Loss_ins=0.0128 (0.0148)  Loss_qua=0.0032 (0.0007)  Loss_sin=0.0005 (0.0007)  Loss_cos=0.0030 (0.0019)  Loss_wid=0.0001 (0.0003)  IoU=43.27 (65.40)  Prec@50=37.50 (73.29)
2026-03-24 21:18:03 | INFO     | utils.misc:107 - Training: Epoch=[5/50] [3200/7902]  Batch=0.35 (0.36)  Data=0.00 (0.04)  Lr=0.000100  Loss=0.0157 (0.0187)  Loss_ins=0.0075 (0.0155)  Loss_qua=0.0004 (0.0007)  Loss_sin=0.0005 (0.0007)  Loss_cos=0.0018 (0.0020)  Loss_wid=0.0002 (0.0003)  IoU=66.91 (65.35)  Prec@50=75.00 (73.23)
2026-03-24 21:18:03 | INFO     | utils.misc:107 - Training: Epoch=[5/50] [3200/7902]  Batch=0.35 (0.35)  Data=0.00 (0.03)  Lr=0.000100  Loss=0.0157 (0.0187)  Loss_ins=0.0181 (0.0149)  Loss_qua=0.0005 (0.0007)  Loss_sin=0.0003 (0.0007)  Loss_cos=0.0020 (0.0019)  Loss_wid=0.0001 (0.0003)  IoU=66.91 (65.35)  Prec@50=75.00 (73.23)
2026-03-24 21:18:35 | INFO     | utils.misc:107 - Training: Epoch=[5/50] [3300/7902]  Batch=0.19 (0.36)  Data=0.00 (0.04)  Lr=0.000100  Loss=0.0152 (0.0188)  Loss_ins=0.0134 (0.0155)  Loss_qua=0.0007 (0.0007)  Loss_sin=0.0004 (0.0007)  Loss_cos=0.0016 (0.0020)  Loss_wid=0.0003 (0.0003)  IoU=54.94 (65.32)  Prec@50=62.50 (73.19)
2026-03-24 21:18:35 | INFO     | utils.misc:107 - Training: Epoch=[5/50] [3300/7902]  Batch=0.19 (0.35)  Data=0.00 (0.03)  Lr=0.000100  Loss=0.0152 (0.0188)  Loss_ins=0.0116 (0.0149)  Loss_qua=0.0005 (0.0007)  Loss_sin=0.0005 (0.0007)  Loss_cos=0.0013 (0.0019)  Loss_wid=0.0001 (0.0003)  IoU=54.94 (65.32)  Prec@50=62.50 (73.19)
2026-03-24 21:19:07 | INFO     | utils.misc:107 - Training: Epoch=[5/50] [3400/7902]  Batch=0.32 (0.36)  Data=0.00 (0.04)  Lr=0.000100  Loss=0.0093 (0.0188)  Loss_ins=0.0037 (0.0155)  Loss_qua=0.0003 (0.0007)  Loss_sin=0.0003 (0.0007)  Loss_cos=0.0013 (0.0020)  Loss_wid=0.0001 (0.0003)  IoU=76.39 (65.28)  Prec@50=100.00 (73.15)
2026-03-24 21:19:07 | INFO     | utils.misc:107 - Training: Epoch=[5/50] [3400/7902]  Batch=0.32 (0.35)  Data=0.00 (0.03)  Lr=0.000100  Loss=0.0093 (0.0188)  Loss_ins=0.0094 (0.0150)  Loss_qua=0.0005 (0.0007)  Loss_sin=0.0004 (0.0007)  Loss_cos=0.0025 (0.0020)  Loss_wid=0.0002 (0.0003)  IoU=76.39 (65.28)  Prec@50=100.00 (73.15)
2026-03-24 21:19:39 | INFO     | utils.misc:107 - Training: Epoch=[5/50] [3500/7902]  Batch=0.31 (0.36)  Data=0.00 (0.04)  Lr=0.000100  Loss=0.0115 (0.0189)  Loss_ins=0.0095 (0.0156)  Loss_qua=0.0004 (0.0007)  Loss_sin=0.0003 (0.0007)  Loss_cos=0.0014 (0.0020)  Loss_wid=0.0001 (0.0003)  IoU=72.18 (65.28)  Prec@50=87.50 (73.13)
2026-03-24 21:19:39 | INFO     | utils.misc:107 - Training: Epoch=[5/50] [3500/7902]  Batch=0.31 (0.35)  Data=0.00 (0.03)  Lr=0.000100  Loss=0.0115 (0.0189)  Loss_ins=0.0090 (0.0150)  Loss_qua=0.0007 (0.0007)  Loss_sin=0.0005 (0.0007)  Loss_cos=0.0010 (0.0020)  Loss_wid=0.0001 (0.0003)  IoU=72.18 (65.28)  Prec@50=87.50 (73.13)
2026-03-24 21:20:11 | INFO     | utils.misc:107 - Training: Epoch=[5/50] [3600/7902]  Batch=0.33 (0.36)  Data=0.00 (0.04)  Lr=0.000100  Loss=0.0150 (0.0189)  Loss_ins=0.0050 (0.0156)  Loss_qua=0.0003 (0.0007)  Loss_sin=0.0005 (0.0007)  Loss_cos=0.0013 (0.0020)  Loss_wid=0.0001 (0.0003)  IoU=66.84 (65.21)  Prec@50=75.00 (73.02)
2026-03-24 21:20:11 | INFO     | utils.misc:107 - Training: Epoch=[5/50] [3600/7902]  Batch=0.33 (0.34)  Data=0.00 (0.03)  Lr=0.000100  Loss=0.0150 (0.0189)  Loss_ins=0.0185 (0.0150)  Loss_qua=0.0007 (0.0007)  Loss_sin=0.0005 (0.0007)  Loss_cos=0.0028 (0.0020)  Loss_wid=0.0002 (0.0003)  IoU=66.84 (65.21)  Prec@50=75.00 (73.02)
2026-03-24 21:20:43 | INFO     | utils.misc:107 - Training: Epoch=[5/50] [3700/7902]  Batch=0.35 (0.36)  Data=0.04 (0.03)  Lr=0.000100  Loss=0.0160 (0.0189)  Loss_ins=0.0126 (0.0157)  Loss_qua=0.0009 (0.0007)  Loss_sin=0.0006 (0.0007)  Loss_cos=0.0014 (0.0020)  Loss_wid=0.0007 (0.0003)  IoU=65.89 (65.16)  Prec@50=75.00 (72.97)
2026-03-24 21:20:43 | INFO     | utils.misc:107 - Training: Epoch=[5/50] [3700/7902]  Batch=0.35 (0.34)  Data=0.00 (0.02)  Lr=0.000100  Loss=0.0160 (0.0189)  Loss_ins=0.0102 (0.0151)  Loss_qua=0.0013 (0.0007)  Loss_sin=0.0005 (0.0007)  Loss_cos=0.0029 (0.0020)  Loss_wid=0.0010 (0.0003)  IoU=65.89 (65.16)  Prec@50=75.00 (72.97)
2026-03-24 21:21:15 | INFO     | utils.misc:107 - Training: Epoch=[5/50] [3800/7902]  Batch=0.31 (0.36)  Data=0.00 (0.03)  Lr=0.000100  Loss=0.0258 (0.0189)  Loss_ins=0.0076 (0.0156)  Loss_qua=0.0004 (0.0007)  Loss_sin=0.0003 (0.0007)  Loss_cos=0.0017 (0.0020)  Loss_wid=0.0001 (0.0003)  IoU=63.09 (65.17)  Prec@50=75.00 (72.98)
2026-03-24 21:21:15 | INFO     | utils.misc:107 - Training: Epoch=[5/50] [3800/7902]  Batch=0.31 (0.34)  Data=0.00 (0.02)  Lr=0.000100  Loss=0.0258 (0.0189)  Loss_ins=0.0379 (0.0151)  Loss_qua=0.0008 (0.0007)  Loss_sin=0.0005 (0.0007)  Loss_cos=0.0021 (0.0020)  Loss_wid=0.0002 (0.0003)  IoU=63.09 (65.17)  Prec@50=75.00 (72.98)
2026-03-24 21:21:47 | INFO     | utils.misc:107 - Training: Epoch=[5/50] [3900/7902]  Batch=0.31 (0.36)  Data=0.00 (0.03)  Lr=0.000100  Loss=0.0145 (0.0189)  Loss_ins=0.0106 (0.0155)  Loss_qua=0.0008 (0.0007)  Loss_sin=0.0006 (0.0007)  Loss_cos=0.0029 (0.0020)  Loss_wid=0.0003 (0.0003)  IoU=47.44 (65.11)  Prec@50=37.50 (72.92)
2026-03-24 21:21:47 | INFO     | utils.misc:107 - Training: Epoch=[5/50] [3900/7902]  Batch=0.31 (0.34)  Data=0.00 (0.02)  Lr=0.000100  Loss=0.0145 (0.0189)  Loss_ins=0.0119 (0.0152)  Loss_qua=0.0004 (0.0007)  Loss_sin=0.0003 (0.0007)  Loss_cos=0.0011 (0.0020)  Loss_wid=0.0002 (0.0003)  IoU=47.44 (65.11)  Prec@50=37.50 (72.92)
2026-03-24 21:22:20 | INFO     | utils.misc:107 - Training: Epoch=[5/50] [4000/7902]  Batch=0.35 (0.36)  Data=0.00 (0.03)  Lr=0.000100  Loss=0.0134 (0.0190)  Loss_ins=0.0147 (0.0156)  Loss_qua=0.0006 (0.0007)  Loss_sin=0.0006 (0.0007)  Loss_cos=0.0021 (0.0020)  Loss_wid=0.0003 (0.0003)  IoU=57.86 (65.09)  Prec@50=62.50 (72.93)
2026-03-24 21:22:20 | INFO     | utils.misc:107 - Training: Epoch=[5/50] [4000/7902]  Batch=0.35 (0.34)  Data=0.00 (0.02)  Lr=0.000100  Loss=0.0134 (0.0190)  Loss_ins=0.0069 (0.0152)  Loss_qua=0.0002 (0.0007)  Loss_sin=0.0004 (0.0007)  Loss_cos=0.0011 (0.0020)  Loss_wid=0.0001 (0.0003)  IoU=57.86 (65.09)  Prec@50=62.50 (72.93)
2026-03-24 21:22:52 | INFO     | utils.misc:107 - Training: Epoch=[5/50] [4100/7902]  Batch=0.31 (0.35)  Data=0.00 (0.03)  Lr=0.000100  Loss=0.0166 (0.0190)  Loss_ins=0.0110 (0.0156)  Loss_qua=0.0006 (0.0007)  Loss_sin=0.0004 (0.0007)  Loss_cos=0.0017 (0.0020)  Loss_wid=0.0002 (0.0003)  IoU=60.14 (65.04)  Prec@50=62.50 (72.88)
2026-03-24 21:22:52 | INFO     | utils.misc:107 - Training: Epoch=[5/50] [4100/7902]  Batch=0.32 (0.34)  Data=0.00 (0.02)  Lr=0.000100  Loss=0.0166 (0.0190)  Loss_ins=0.0143 (0.0153)  Loss_qua=0.0008 (0.0007)  Loss_sin=0.0008 (0.0007)  Loss_cos=0.0031 (0.0020)  Loss_wid=0.0004 (0.0003)  IoU=60.14 (65.04)  Prec@50=62.50 (72.88)
2026-03-24 21:23:23 | INFO     | utils.misc:107 - Training: Epoch=[5/50] [4200/7902]  Batch=0.31 (0.35)  Data=0.00 (0.03)  Lr=0.000100  Loss=0.0267 (0.0190)  Loss_ins=0.0274 (0.0156)  Loss_qua=0.0011 (0.0007)  Loss_sin=0.0012 (0.0007)  Loss_cos=0.0018 (0.0020)  Loss_wid=0.0004 (0.0003)  IoU=64.86 (65.03)  Prec@50=62.50 (72.90)
2026-03-24 21:23:23 | INFO     | utils.misc:107 - Training: Epoch=[5/50] [4200/7902]  Batch=0.31 (0.34)  Data=0.00 (0.02)  Lr=0.000100  Loss=0.0267 (0.0190)  Loss_ins=0.0184 (0.0153)  Loss_qua=0.0007 (0.0007)  Loss_sin=0.0006 (0.0007)  Loss_cos=0.0017 (0.0020)  Loss_wid=0.0001 (0.0003)  IoU=64.86 (65.03)  Prec@50=62.50 (72.90)
2026-03-24 21:23:55 | INFO     | utils.misc:107 - Training: Epoch=[5/50] [4300/7902]  Batch=0.35 (0.35)  Data=0.00 (0.03)  Lr=0.000100  Loss=0.0149 (0.0190)  Loss_ins=0.0159 (0.0157)  Loss_qua=0.0007 (0.0007)  Loss_sin=0.0007 (0.0007)  Loss_cos=0.0013 (0.0020)  Loss_wid=0.0002 (0.0003)  IoU=60.91 (65.03)  Prec@50=62.50 (72.90)
2026-03-24 21:23:55 | INFO     | utils.misc:107 - Training: Epoch=[5/50] [4300/7902]  Batch=0.35 (0.34)  Data=0.00 (0.02)  Lr=0.000100  Loss=0.0149 (0.0190)  Loss_ins=0.0089 (0.0153)  Loss_qua=0.0004 (0.0007)  Loss_sin=0.0005 (0.0007)  Loss_cos=0.0012 (0.0020)  Loss_wid=0.0001 (0.0003)  IoU=60.91 (65.03)  Prec@50=62.50 (72.90)
2026-03-24 21:24:25 | INFO     | utils.misc:107 - Training: Epoch=[5/50] [4400/7902]  Batch=0.35 (0.35)  Data=0.00 (0.03)  Lr=0.000100  Loss=0.0133 (0.0190)  Loss_ins=0.0102 (0.0156)  Loss_qua=0.0006 (0.0007)  Loss_sin=0.0004 (0.0007)  Loss_cos=0.0004 (0.0020)  Loss_wid=0.0002 (0.0003)  IoU=72.07 (65.03)  Prec@50=87.50 (72.88)
2026-03-24 21:24:25 | INFO     | utils.misc:107 - Training: Epoch=[5/50] [4400/7902]  Batch=0.35 (0.34)  Data=0.00 (0.02)  Lr=0.000100  Loss=0.0133 (0.0190)  Loss_ins=0.0116 (0.0153)  Loss_qua=0.0006 (0.0007)  Loss_sin=0.0007 (0.0007)  Loss_cos=0.0017 (0.0020)  Loss_wid=0.0002 (0.0003)  IoU=72.07 (65.03)  Prec@50=87.50 (72.88)
2026-03-24 21:24:57 | INFO     | utils.misc:107 - Training: Epoch=[5/50] [4500/7902]  Batch=0.37 (0.35)  Data=0.00 (0.03)  Lr=0.000100  Loss=0.0127 (0.0190)  Loss_ins=0.0103 (0.0156)  Loss_qua=0.0004 (0.0007)  Loss_sin=0.0005 (0.0006)  Loss_cos=0.0013 (0.0020)  Loss_wid=0.0000 (0.0003)  IoU=64.83 (64.98)  Prec@50=75.00 (72.81)
2026-03-24 21:24:57 | INFO     | utils.misc:107 - Training: Epoch=[5/50] [4500/7902]  Batch=0.37 (0.34)  Data=0.00 (0.02)  Lr=0.000100  Loss=0.0127 (0.0190)  Loss_ins=0.0102 (0.0153)  Loss_qua=0.0004 (0.0007)  Loss_sin=0.0003 (0.0007)  Loss_cos=0.0018 (0.0020)  Loss_wid=0.0001 (0.0003)  IoU=64.83 (64.98)  Prec@50=75.00 (72.81)
2026-03-24 21:25:29 | INFO     | utils.misc:107 - Training: Epoch=[5/50] [4600/7902]  Batch=0.32 (0.35)  Data=0.00 (0.03)  Lr=0.000100  Loss=0.0175 (0.0190)  Loss_ins=0.0111 (0.0156)  Loss_qua=0.0010 (0.0007)  Loss_sin=0.0005 (0.0006)  Loss_cos=0.0031 (0.0020)  Loss_wid=0.0003 (0.0003)  IoU=65.78 (65.05)  Prec@50=75.00 (72.90)
2026-03-24 21:25:29 | INFO     | utils.misc:107 - Training: Epoch=[5/50] [4600/7902]  Batch=0.32 (0.34)  Data=0.00 (0.02)  Lr=0.000100  Loss=0.0175 (0.0190)  Loss_ins=0.0160 (0.0153)  Loss_qua=0.0006 (0.0007)  Loss_sin=0.0005 (0.0007)  Loss_cos=0.0016 (0.0020)  Loss_wid=0.0002 (0.0003)  IoU=65.78 (65.05)  Prec@50=75.00 (72.90)
2026-03-24 21:26:00 | INFO     | utils.misc:107 - Training: Epoch=[5/50] [4700/7902]  Batch=0.31 (0.35)  Data=0.00 (0.03)  Lr=0.000100  Loss=0.0248 (0.0190)  Loss_ins=0.0102 (0.0156)  Loss_qua=0.0006 (0.0007)  Loss_sin=0.0004 (0.0006)  Loss_cos=0.0019 (0.0020)  Loss_wid=0.0002 (0.0003)  IoU=49.97 (65.06)  Prec@50=50.00 (72.90)
2026-03-24 21:26:00 | INFO     | utils.misc:107 - Training: Epoch=[5/50] [4700/7902]  Batch=0.31 (0.34)  Data=0.00 (0.02)  Lr=0.000100  Loss=0.0248 (0.0190)  Loss_ins=0.0337 (0.0154)  Loss_qua=0.0009 (0.0007)  Loss_sin=0.0006 (0.0007)  Loss_cos=0.0009 (0.0020)  Loss_wid=0.0002 (0.0003)  IoU=49.97 (65.06)  Prec@50=50.00 (72.90)
2026-03-24 21:26:34 | INFO     | utils.misc:107 - Training: Epoch=[5/50] [4800/7902]  Batch=0.31 (0.35)  Data=0.00 (0.03)  Lr=0.000100  Loss=0.0229 (0.0190)  Loss_ins=0.0066 (0.0156)  Loss_qua=0.0005 (0.0007)  Loss_sin=0.0008 (0.0006)  Loss_cos=0.0031 (0.0020)  Loss_wid=0.0002 (0.0003)  IoU=68.49 (65.11)  Prec@50=75.00 (72.93)
2026-03-24 21:26:34 | INFO     | utils.misc:107 - Training: Epoch=[5/50] [4800/7902]  Batch=0.31 (0.34)  Data=0.00 (0.02)  Lr=0.000100  Loss=0.0229 (0.0190)  Loss_ins=0.0306 (0.0154)  Loss_qua=0.0010 (0.0007)  Loss_sin=0.0003 (0.0007)  Loss_cos=0.0025 (0.0020)  Loss_wid=0.0003 (0.0003)  IoU=68.49 (65.11)  Prec@50=75.00 (72.93)
2026-03-24 21:27:05 | INFO     | utils.misc:107 - Training: Epoch=[5/50] [4900/7902]  Batch=0.40 (0.35)  Data=0.00 (0.03)  Lr=0.000100  Loss=0.0083 (0.0190)  Loss_ins=0.0054 (0.0156)  Loss_qua=0.0005 (0.0007)  Loss_sin=0.0007 (0.0006)  Loss_cos=0.0011 (0.0020)  Loss_wid=0.0001 (0.0003)  IoU=76.69 (65.10)  Prec@50=87.50 (72.95)
2026-03-24 21:27:05 | INFO     | utils.misc:107 - Training: Epoch=[5/50] [4900/7902]  Batch=0.40 (0.34)  Data=0.00 (0.02)  Lr=0.000100  Loss=0.0083 (0.0190)  Loss_ins=0.0058 (0.0154)  Loss_qua=0.0005 (0.0007)  Loss_sin=0.0003 (0.0007)  Loss_cos=0.0022 (0.0020)  Loss_wid=0.0001 (0.0003)  IoU=76.69 (65.10)  Prec@50=87.50 (72.95)
2026-03-24 21:27:36 | INFO     | utils.misc:107 - Training: Epoch=[5/50] [5000/7902]  Batch=0.35 (0.35)  Data=0.00 (0.03)  Lr=0.000100  Loss=0.0089 (0.0190)  Loss_ins=0.0057 (0.0155)  Loss_qua=0.0004 (0.0007)  Loss_sin=0.0005 (0.0006)  Loss_cos=0.0014 (0.0020)  Loss_wid=0.0001 (0.0003)  IoU=72.69 (65.15)  Prec@50=87.50 (73.03)
2026-03-24 21:27:36 | INFO     | utils.misc:107 - Training: Epoch=[5/50] [5000/7902]  Batch=0.35 (0.34)  Data=0.00 (0.02)  Lr=0.000100  Loss=0.0089 (0.0190)  Loss_ins=0.0063 (0.0153)  Loss_qua=0.0004 (0.0007)  Loss_sin=0.0006 (0.0006)  Loss_cos=0.0020 (0.0020)  Loss_wid=0.0002 (0.0003)  IoU=72.69 (65.15)  Prec@50=87.50 (73.03)
2026-03-24 21:28:09 | INFO     | utils.misc:107 - Training: Epoch=[5/50] [5100/7902]  Batch=0.31 (0.35)  Data=0.00 (0.03)  Lr=0.000100  Loss=0.0117 (0.0190)  Loss_ins=0.0100 (0.0155)  Loss_qua=0.0005 (0.0007)  Loss_sin=0.0005 (0.0006)  Loss_cos=0.0016 (0.0020)  Loss_wid=0.0002 (0.0003)  IoU=62.01 (65.20)  Prec@50=75.00 (73.10)
2026-03-24 21:28:09 | INFO     | utils.misc:107 - Training: Epoch=[5/50] [5100/7902]  Batch=0.31 (0.34)  Data=0.00 (0.02)  Lr=0.000100  Loss=0.0117 (0.0190)  Loss_ins=0.0080 (0.0153)  Loss_qua=0.0005 (0.0007)  Loss_sin=0.0008 (0.0006)  Loss_cos=0.0012 (0.0020)  Loss_wid=0.0002 (0.0003)  IoU=62.01 (65.20)  Prec@50=75.00 (73.10)
2026-03-24 21:28:49 | INFO     | utils.misc:107 - Training: Epoch=[5/50] [5200/7902]  Batch=0.31 (0.35)  Data=0.00 (0.03)  Lr=0.000100  Loss=0.0203 (0.0189)  Loss_ins=0.0140 (0.0155)  Loss_qua=0.0008 (0.0007)  Loss_sin=0.0009 (0.0006)  Loss_cos=0.0036 (0.0020)  Loss_wid=0.0001 (0.0003)  IoU=70.03 (65.25)  Prec@50=75.00 (73.17)
2026-03-24 21:28:49 | INFO     | utils.misc:107 - Training: Epoch=[5/50] [5200/7902]  Batch=0.31 (0.34)  Data=0.00 (0.02)  Lr=0.000100  Loss=0.0203 (0.0189)  Loss_ins=0.0175 (0.0153)  Loss_qua=0.0006 (0.0007)  Loss_sin=0.0005 (0.0007)  Loss_cos=0.0022 (0.0020)  Loss_wid=0.0002 (0.0003)  IoU=70.03 (65.25)  Prec@50=75.00 (73.17)
2026-03-24 21:29:33 | INFO     | utils.misc:107 - Training: Epoch=[5/50] [5300/7902]  Batch=0.31 (0.35)  Data=0.00 (0.03)  Lr=0.000100  Loss=0.0122 (0.0189)  Loss_ins=0.0121 (0.0155)  Loss_qua=0.0005 (0.0007)  Loss_sin=0.0005 (0.0006)  Loss_cos=0.0023 (0.0020)  Loss_wid=0.0002 (0.0003)  IoU=76.66 (65.29)  Prec@50=87.50 (73.21)
2026-03-24 21:29:33 | INFO     | utils.misc:107 - Training: Epoch=[5/50] [5300/7902]  Batch=0.31 (0.34)  Data=0.00 (0.02)  Lr=0.000100  Loss=0.0122 (0.0189)  Loss_ins=0.0063 (0.0153)  Loss_qua=0.0005 (0.0007)  Loss_sin=0.0006 (0.0007)  Loss_cos=0.0012 (0.0019)  Loss_wid=0.0001 (0.0003)  IoU=76.66 (65.29)  Prec@50=87.50 (73.21)
2026-03-24 21:30:04 | INFO     | utils.misc:107 - Training: Epoch=[5/50] [5400/7902]  Batch=0.31 (0.35)  Data=0.00 (0.03)  Lr=0.000100  Loss=0.0109 (0.0189)  Loss_ins=0.0049 (0.0154)  Loss_qua=0.0004 (0.0007)  Loss_sin=0.0012 (0.0006)  Loss_cos=0.0009 (0.0020)  Loss_wid=0.0002 (0.0003)  IoU=82.90 (65.31)  Prec@50=100.00 (73.25)
2026-03-24 21:30:04 | INFO     | utils.misc:107 - Training: Epoch=[5/50] [5400/7902]  Batch=0.31 (0.34)  Data=0.00 (0.02)  Lr=0.000100  Loss=0.0109 (0.0189)  Loss_ins=0.0104 (0.0153)  Loss_qua=0.0006 (0.0007)  Loss_sin=0.0003 (0.0006)  Loss_cos=0.0027 (0.0019)  Loss_wid=0.0002 (0.0003)  IoU=82.90 (65.31)  Prec@50=100.00 (73.25)
2026-03-24 21:30:37 | INFO     | utils.misc:107 - Training: Epoch=[5/50] [5500/7902]  Batch=0.32 (0.35)  Data=0.00 (0.02)  Lr=0.000100  Loss=0.0168 (0.0189)  Loss_ins=0.0165 (0.0154)  Loss_qua=0.0007 (0.0007)  Loss_sin=0.0004 (0.0006)  Loss_cos=0.0018 (0.0020)  Loss_wid=0.0001 (0.0003)  IoU=66.40 (65.38)  Prec@50=75.00 (73.31)
2026-03-24 21:30:37 | INFO     | utils.misc:107 - Training: Epoch=[5/50] [5500/7902]  Batch=0.32 (0.34)  Data=0.00 (0.02)  Lr=0.000100  Loss=0.0168 (0.0189)  Loss_ins=0.0110 (0.0153)  Loss_qua=0.0005 (0.0007)  Loss_sin=0.0006 (0.0006)  Loss_cos=0.0018 (0.0019)  Loss_wid=0.0002 (0.0003)  IoU=66.40 (65.38)  Prec@50=75.00 (73.31)
2026-03-24 21:31:20 | INFO     | utils.misc:107 - Training: Epoch=[5/50] [5600/7902]  Batch=0.33 (0.35)  Data=0.00 (0.03)  Lr=0.000100  Loss=0.0112 (0.0188)  Loss_ins=0.0071 (0.0153)  Loss_qua=0.0003 (0.0007)  Loss_sin=0.0004 (0.0006)  Loss_cos=0.0017 (0.0019)  Loss_wid=0.0001 (0.0003)  IoU=65.29 (65.43)  Prec@50=75.00 (73.38)
2026-03-24 21:31:21 | INFO     | utils.misc:107 - Training: Epoch=[5/50] [5600/7902]  Batch=0.33 (0.34)  Data=0.00 (0.02)  Lr=0.000100  Loss=0.0112 (0.0188)  Loss_ins=0.0090 (0.0153)  Loss_qua=0.0006 (0.0007)  Loss_sin=0.0008 (0.0006)  Loss_cos=0.0023 (0.0019)  Loss_wid=0.0002 (0.0003)  IoU=65.29 (65.43)  Prec@50=75.00 (73.38)
2026-03-24 21:31:52 | INFO     | utils.misc:107 - Training: Epoch=[5/50] [5700/7902]  Batch=0.32 (0.35)  Data=0.00 (0.02)  Lr=0.000100  Loss=0.0089 (0.0188)  Loss_ins=0.0068 (0.0153)  Loss_qua=0.0003 (0.0007)  Loss_sin=0.0004 (0.0006)  Loss_cos=0.0010 (0.0019)  Loss_wid=0.0001 (0.0003)  IoU=70.84 (65.48)  Prec@50=75.00 (73.46)
2026-03-24 21:31:52 | INFO     | utils.misc:107 - Training: Epoch=[5/50] [5700/7902]  Batch=0.32 (0.34)  Data=0.00 (0.02)  Lr=0.000100  Loss=0.0089 (0.0188)  Loss_ins=0.0066 (0.0152)  Loss_qua=0.0004 (0.0007)  Loss_sin=0.0004 (0.0006)  Loss_cos=0.0016 (0.0019)  Loss_wid=0.0001 (0.0003)  IoU=70.84 (65.48)  Prec@50=75.00 (73.46)
2026-03-24 21:32:24 | INFO     | utils.misc:107 - Training: Epoch=[5/50] [5800/7902]  Batch=0.32 (0.35)  Data=0.00 (0.02)  Lr=0.000100  Loss=0.0088 (0.0187)  Loss_ins=0.0064 (0.0152)  Loss_qua=0.0004 (0.0007)  Loss_sin=0.0004 (0.0006)  Loss_cos=0.0014 (0.0019)  Loss_wid=0.0001 (0.0003)  IoU=69.30 (65.52)  Prec@50=87.50 (73.51)
2026-03-24 21:32:24 | INFO     | utils.misc:107 - Training: Epoch=[5/50] [5800/7902]  Batch=0.32 (0.34)  Data=0.00 (0.02)  Lr=0.000100  Loss=0.0088 (0.0187)  Loss_ins=0.0070 (0.0152)  Loss_qua=0.0003 (0.0006)  Loss_sin=0.0003 (0.0006)  Loss_cos=0.0012 (0.0019)  Loss_wid=0.0001 (0.0003)  IoU=69.30 (65.52)  Prec@50=87.50 (73.51)
2026-03-24 21:32:55 | INFO     | utils.misc:107 - Training: Epoch=[5/50] [5900/7902]  Batch=0.35 (0.35)  Data=0.00 (0.02)  Lr=0.000100  Loss=0.0366 (0.0187)  Loss_ins=0.0175 (0.0152)  Loss_qua=0.0007 (0.0006)  Loss_sin=0.0007 (0.0006)  Loss_cos=0.0016 (0.0019)  Loss_wid=0.0002 (0.0003)  IoU=56.42 (65.55)  Prec@50=50.00 (73.55)
2026-03-24 21:32:55 | INFO     | utils.misc:107 - Training: Epoch=[5/50] [5900/7902]  Batch=0.35 (0.34)  Data=0.00 (0.02)  Lr=0.000100  Loss=0.0366 (0.0187)  Loss_ins=0.0437 (0.0152)  Loss_qua=0.0016 (0.0006)  Loss_sin=0.0006 (0.0006)  Loss_cos=0.0058 (0.0019)  Loss_wid=0.0007 (0.0003)  IoU=56.42 (65.55)  Prec@50=50.00 (73.55)
2026-03-24 21:33:28 | INFO     | utils.misc:107 - Training: Epoch=[5/50] [6000/7902]  Batch=0.32 (0.35)  Data=0.00 (0.02)  Lr=0.000100  Loss=0.0117 (0.0187)  Loss_ins=0.0093 (0.0152)  Loss_qua=0.0006 (0.0006)  Loss_sin=0.0005 (0.0006)  Loss_cos=0.0020 (0.0019)  Loss_wid=0.0002 (0.0003)  IoU=62.11 (65.58)  Prec@50=50.00 (73.60)
2026-03-24 21:33:28 | INFO     | utils.misc:107 - Training: Epoch=[5/50] [6000/7902]  Batch=0.32 (0.34)  Data=0.00 (0.02)  Lr=0.000100  Loss=0.0117 (0.0187)  Loss_ins=0.0085 (0.0152)  Loss_qua=0.0004 (0.0006)  Loss_sin=0.0007 (0.0006)  Loss_cos=0.0010 (0.0019)  Loss_wid=0.0002 (0.0003)  IoU=62.11 (65.58)  Prec@50=50.00 (73.60)
2026-03-24 21:34:01 | INFO     | utils.misc:107 - Training: Epoch=[5/50] [6100/7902]  Batch=0.32 (0.35)  Data=0.00 (0.02)  Lr=0.000100  Loss=0.0136 (0.0187)  Loss_ins=0.0075 (0.0152)  Loss_qua=0.0003 (0.0006)  Loss_sin=0.0007 (0.0006)  Loss_cos=0.0006 (0.0019)  Loss_wid=0.0001 (0.0003)  IoU=73.52 (65.62)  Prec@50=87.50 (73.65)
2026-03-24 21:34:01 | INFO     | utils.misc:107 - Training: Epoch=[5/50] [6100/7902]  Batch=0.32 (0.34)  Data=0.00 (0.02)  Lr=0.000100  Loss=0.0136 (0.0187)  Loss_ins=0.0141 (0.0152)  Loss_qua=0.0005 (0.0006)  Loss_sin=0.0005 (0.0006)  Loss_cos=0.0025 (0.0019)  Loss_wid=0.0003 (0.0003)  IoU=73.52 (65.62)  Prec@50=87.50 (73.65)
2026-03-24 21:34:34 | INFO     | utils.misc:107 - Training: Epoch=[5/50] [6200/7902]  Batch=0.32 (0.35)  Data=0.00 (0.02)  Lr=0.000100  Loss=0.0098 (0.0186)  Loss_ins=0.0066 (0.0152)  Loss_qua=0.0004 (0.0006)  Loss_sin=0.0007 (0.0006)  Loss_cos=0.0010 (0.0019)  Loss_wid=0.0001 (0.0003)  IoU=64.64 (65.65)  Prec@50=75.00 (73.71)
2026-03-24 21:34:34 | INFO     | utils.misc:107 - Training: Epoch=[5/50] [6200/7902]  Batch=0.32 (0.34)  Data=0.00 (0.02)  Lr=0.000100  Loss=0.0098 (0.0186)  Loss_ins=0.0084 (0.0151)  Loss_qua=0.0005 (0.0006)  Loss_sin=0.0003 (0.0006)  Loss_cos=0.0015 (0.0019)  Loss_wid=0.0001 (0.0003)  IoU=64.64 (65.65)  Prec@50=75.00 (73.71)
2026-03-24 21:35:05 | INFO     | utils.misc:107 - Training: Epoch=[5/50] [6300/7902]  Batch=0.23 (0.35)  Data=0.02 (0.02)  Lr=0.000100  Loss=0.0073 (0.0186)  Loss_ins=0.0040 (0.0152)  Loss_qua=0.0003 (0.0006)  Loss_sin=0.0004 (0.0006)  Loss_cos=0.0016 (0.0019)  Loss_wid=0.0001 (0.0003)  IoU=76.39 (65.71)  Prec@50=87.50 (73.77)
2026-03-24 21:35:05 | INFO     | utils.misc:107 - Training: Epoch=[5/50] [6300/7902]  Batch=0.23 (0.34)  Data=0.00 (0.02)  Lr=0.000100  Loss=0.0073 (0.0186)  Loss_ins=0.0060 (0.0151)  Loss_qua=0.0003 (0.0006)  Loss_sin=0.0005 (0.0006)  Loss_cos=0.0013 (0.0019)  Loss_wid=0.0001 (0.0003)  IoU=76.39 (65.71)  Prec@50=87.50 (73.77)
2026-03-24 21:35:36 | INFO     | utils.misc:107 - Training: Epoch=[5/50] [6400/7902]  Batch=0.32 (0.35)  Data=0.00 (0.02)  Lr=0.000100  Loss=0.0186 (0.0186)  Loss_ins=0.0099 (0.0151)  Loss_qua=0.0006 (0.0006)  Loss_sin=0.0002 (0.0006)  Loss_cos=0.0018 (0.0019)  Loss_wid=0.0001 (0.0003)  IoU=67.27 (65.75)  Prec@50=75.00 (73.82)
2026-03-24 21:35:36 | INFO     | utils.misc:107 - Training: Epoch=[5/50] [6400/7902]  Batch=0.32 (0.34)  Data=0.00 (0.02)  Lr=0.000100  Loss=0.0186 (0.0186)  Loss_ins=0.0202 (0.0151)  Loss_qua=0.0009 (0.0006)  Loss_sin=0.0006 (0.0006)  Loss_cos=0.0025 (0.0019)  Loss_wid=0.0004 (0.0003)  IoU=67.27 (65.75)  Prec@50=75.00 (73.82)
2026-03-24 21:36:08 | INFO     | utils.misc:107 - Training: Epoch=[5/50] [6500/7902]  Batch=0.32 (0.35)  Data=0.00 (0.02)  Lr=0.000100  Loss=0.0188 (0.0186)  Loss_ins=0.0089 (0.0151)  Loss_qua=0.0010 (0.0006)  Loss_sin=0.0011 (0.0006)  Loss_cos=0.0023 (0.0019)  Loss_wid=0.0002 (0.0003)  IoU=65.57 (65.78)  Prec@50=87.50 (73.87)
2026-03-24 21:36:08 | INFO     | utils.misc:107 - Training: Epoch=[5/50] [6500/7902]  Batch=0.32 (0.34)  Data=0.00 (0.02)  Lr=0.000100  Loss=0.0188 (0.0186)  Loss_ins=0.0215 (0.0151)  Loss_qua=0.0006 (0.0006)  Loss_sin=0.0005 (0.0006)  Loss_cos=0.0013 (0.0019)  Loss_wid=0.0002 (0.0003)  IoU=65.57 (65.78)  Prec@50=87.50 (73.87)
2026-03-24 21:36:40 | INFO     | utils.misc:107 - Training: Epoch=[5/50] [6600/7902]  Batch=0.31 (0.35)  Data=0.00 (0.02)  Lr=0.000100  Loss=0.0077 (0.0185)  Loss_ins=0.0047 (0.0151)  Loss_qua=0.0002 (0.0006)  Loss_sin=0.0005 (0.0006)  Loss_cos=0.0011 (0.0019)  Loss_wid=0.0001 (0.0003)  IoU=88.77 (65.82)  Prec@50=100.00 (73.92)
2026-03-24 21:36:40 | INFO     | utils.misc:107 - Training: Epoch=[5/50] [6600/7902]  Batch=0.31 (0.34)  Data=0.00 (0.02)  Lr=0.000100  Loss=0.0077 (0.0185)  Loss_ins=0.0056 (0.0151)  Loss_qua=0.0003 (0.0006)  Loss_sin=0.0004 (0.0006)  Loss_cos=0.0022 (0.0019)  Loss_wid=0.0002 (0.0003)  IoU=88.77 (65.82)  Prec@50=100.00 (73.92)
2026-03-24 21:37:12 | INFO     | utils.misc:107 - Training: Epoch=[5/50] [6700/7902]  Batch=0.31 (0.35)  Data=0.00 (0.02)  Lr=0.000100  Loss=0.0102 (0.0185)  Loss_ins=0.0050 (0.0151)  Loss_qua=0.0004 (0.0006)  Loss_sin=0.0004 (0.0006)  Loss_cos=0.0011 (0.0019)  Loss_wid=0.0002 (0.0003)  IoU=75.15 (65.86)  Prec@50=87.50 (73.99)
2026-03-24 21:37:12 | INFO     | utils.misc:107 - Training: Epoch=[5/50] [6700/7902]  Batch=0.31 (0.34)  Data=0.00 (0.02)  Lr=0.000100  Loss=0.0102 (0.0185)  Loss_ins=0.0106 (0.0150)  Loss_qua=0.0006 (0.0006)  Loss_sin=0.0004 (0.0006)  Loss_cos=0.0016 (0.0019)  Loss_wid=0.0001 (0.0003)  IoU=75.15 (65.86)  Prec@50=87.50 (73.99)
2026-03-24 21:37:42 | INFO     | utils.misc:107 - Training: Epoch=[5/50] [6800/7902]  Batch=0.35 (0.34)  Data=0.00 (0.02)  Lr=0.000100  Loss=0.0217 (0.0185)  Loss_ins=0.0275 (0.0151)  Loss_qua=0.0007 (0.0006)  Loss_sin=0.0006 (0.0006)  Loss_cos=0.0029 (0.0019)  Loss_wid=0.0002 (0.0003)  IoU=62.46 (65.90)  Prec@50=75.00 (74.03)
2026-03-24 21:37:42 | INFO     | utils.misc:107 - Training: Epoch=[5/50] [6800/7902]  Batch=0.35 (0.34)  Data=0.00 (0.02)  Lr=0.000100  Loss=0.0217 (0.0185)  Loss_ins=0.0089 (0.0150)  Loss_qua=0.0005 (0.0006)  Loss_sin=0.0006 (0.0006)  Loss_cos=0.0015 (0.0019)  Loss_wid=0.0001 (0.0003)  IoU=62.46 (65.90)  Prec@50=75.00 (74.03)
2026-03-24 21:38:14 | INFO     | utils.misc:107 - Training: Epoch=[5/50] [6900/7902]  Batch=0.35 (0.34)  Data=0.00 (0.02)  Lr=0.000100  Loss=0.0080 (0.0185)  Loss_ins=0.0064 (0.0151)  Loss_qua=0.0002 (0.0006)  Loss_sin=0.0002 (0.0006)  Loss_cos=0.0008 (0.0019)  Loss_wid=0.0001 (0.0003)  IoU=73.92 (65.95)  Prec@50=100.00 (74.09)
2026-03-24 21:38:14 | INFO     | utils.misc:107 - Training: Epoch=[5/50] [6900/7902]  Batch=0.35 (0.34)  Data=0.00 (0.02)  Lr=0.000100  Loss=0.0080 (0.0185)  Loss_ins=0.0063 (0.0150)  Loss_qua=0.0004 (0.0006)  Loss_sin=0.0006 (0.0006)  Loss_cos=0.0008 (0.0019)  Loss_wid=0.0002 (0.0003)  IoU=73.92 (65.95)  Prec@50=100.00 (74.09)
2026-03-24 21:38:46 | INFO     | utils.misc:107 - Training: Epoch=[5/50] [7000/7902]  Batch=0.24 (0.34)  Data=0.00 (0.02)  Lr=0.000100  Loss=0.0212 (0.0185)  Loss_ins=0.0067 (0.0151)  Loss_qua=0.0007 (0.0006)  Loss_sin=0.0003 (0.0006)  Loss_cos=0.0026 (0.0019)  Loss_wid=0.0003 (0.0003)  IoU=81.14 (65.98)  Prec@50=100.00 (74.11)
2026-03-24 21:38:46 | INFO     | utils.misc:107 - Training: Epoch=[5/50] [7000/7902]  Batch=0.24 (0.34)  Data=0.00 (0.02)  Lr=0.000100  Loss=0.0212 (0.0185)  Loss_ins=0.0254 (0.0150)  Loss_qua=0.0012 (0.0006)  Loss_sin=0.0009 (0.0006)  Loss_cos=0.0038 (0.0019)  Loss_wid=0.0004 (0.0003)  IoU=81.14 (65.98)  Prec@50=100.00 (74.11)
2026-03-24 21:39:17 | INFO     | utils.misc:107 - Training: Epoch=[5/50] [7100/7902]  Batch=0.32 (0.34)  Data=0.00 (0.02)  Lr=0.000100  Loss=0.0094 (0.0185)  Loss_ins=0.0080 (0.0150)  Loss_qua=0.0004 (0.0006)  Loss_sin=0.0006 (0.0006)  Loss_cos=0.0013 (0.0019)  Loss_wid=0.0001 (0.0003)  IoU=73.27 (66.00)  Prec@50=87.50 (74.14)
2026-03-24 21:39:17 | INFO     | utils.misc:107 - Training: Epoch=[5/50] [7100/7902]  Batch=0.32 (0.34)  Data=0.00 (0.02)  Lr=0.000100  Loss=0.0094 (0.0185)  Loss_ins=0.0055 (0.0150)  Loss_qua=0.0005 (0.0006)  Loss_sin=0.0006 (0.0006)  Loss_cos=0.0017 (0.0019)  Loss_wid=0.0002 (0.0003)  IoU=73.27 (66.00)  Prec@50=87.50 (74.14)
2026-03-24 21:39:48 | INFO     | utils.misc:107 - Training: Epoch=[5/50] [7200/7902]  Batch=0.31 (0.34)  Data=0.00 (0.02)  Lr=0.000100  Loss=0.0125 (0.0184)  Loss_ins=0.0131 (0.0150)  Loss_qua=0.0005 (0.0006)  Loss_sin=0.0005 (0.0006)  Loss_cos=0.0012 (0.0019)  Loss_wid=0.0001 (0.0003)  IoU=63.96 (66.03)  Prec@50=75.00 (74.17)
2026-03-24 21:39:48 | INFO     | utils.misc:107 - Training: Epoch=[5/50] [7200/7902]  Batch=0.31 (0.34)  Data=0.00 (0.02)  Lr=0.000100  Loss=0.0125 (0.0184)  Loss_ins=0.0069 (0.0149)  Loss_qua=0.0004 (0.0006)  Loss_sin=0.0005 (0.0006)  Loss_cos=0.0016 (0.0019)  Loss_wid=0.0001 (0.0003)  IoU=63.96 (66.03)  Prec@50=75.00 (74.17)
2026-03-24 21:40:21 | INFO     | utils.misc:107 - Training: Epoch=[5/50] [7300/7902]  Batch=0.31 (0.34)  Data=0.00 (0.02)  Lr=0.000100  Loss=0.0090 (0.0184)  Loss_ins=0.0068 (0.0150)  Loss_qua=0.0006 (0.0006)  Loss_sin=0.0003 (0.0006)  Loss_cos=0.0013 (0.0019)  Loss_wid=0.0002 (0.0003)  IoU=81.53 (66.06)  Prec@50=100.00 (74.20)
2026-03-24 21:40:21 | INFO     | utils.misc:107 - Training: Epoch=[5/50] [7300/7902]  Batch=0.31 (0.34)  Data=0.00 (0.02)  Lr=0.000100  Loss=0.0090 (0.0184)  Loss_ins=0.0066 (0.0150)  Loss_qua=0.0004 (0.0006)  Loss_sin=0.0004 (0.0006)  Loss_cos=0.0013 (0.0019)  Loss_wid=0.0001 (0.0003)  IoU=81.53 (66.06)  Prec@50=100.00 (74.20)
2026-03-24 21:40:52 | INFO     | utils.misc:107 - Training: Epoch=[5/50] [7400/7902]  Batch=0.31 (0.34)  Data=0.00 (0.02)  Lr=0.000100  Loss=0.0193 (0.0184)  Loss_ins=0.0130 (0.0150)  Loss_qua=0.0009 (0.0006)  Loss_sin=0.0004 (0.0006)  Loss_cos=0.0014 (0.0019)  Loss_wid=0.0002 (0.0003)  IoU=66.93 (66.10)  Prec@50=62.50 (74.25)
2026-03-24 21:40:52 | INFO     | utils.misc:107 - Training: Epoch=[5/50] [7400/7902]  Batch=0.31 (0.34)  Data=0.00 (0.02)  Lr=0.000100  Loss=0.0193 (0.0184)  Loss_ins=0.0196 (0.0149)  Loss_qua=0.0007 (0.0006)  Loss_sin=0.0008 (0.0006)  Loss_cos=0.0015 (0.0019)  Loss_wid=0.0002 (0.0003)  IoU=66.93 (66.10)  Prec@50=62.50 (74.25)
2026-03-24 21:41:24 | INFO     | utils.misc:107 - Training: Epoch=[5/50] [7500/7902]  Batch=0.31 (0.34)  Data=0.00 (0.02)  Lr=0.000100  Loss=0.0167 (0.0184)  Loss_ins=0.0101 (0.0150)  Loss_qua=0.0006 (0.0006)  Loss_sin=0.0004 (0.0006)  Loss_cos=0.0006 (0.0019)  Loss_wid=0.0001 (0.0003)  IoU=55.71 (66.16)  Prec@50=50.00 (74.35)
2026-03-24 21:41:24 | INFO     | utils.misc:107 - Training: Epoch=[5/50] [7500/7902]  Batch=0.31 (0.34)  Data=0.00 (0.02)  Lr=0.000100  Loss=0.0167 (0.0184)  Loss_ins=0.0188 (0.0149)  Loss_qua=0.0005 (0.0006)  Loss_sin=0.0004 (0.0006)  Loss_cos=0.0015 (0.0019)  Loss_wid=0.0002 (0.0003)  IoU=55.71 (66.16)  Prec@50=50.00 (74.35)
2026-03-24 21:41:56 | INFO     | utils.misc:107 - Training: Epoch=[5/50] [7600/7902]  Batch=0.32 (0.34)  Data=0.00 (0.02)  Lr=0.000100  Loss=0.0253 (0.0184)  Loss_ins=0.0207 (0.0149)  Loss_qua=0.0008 (0.0006)  Loss_sin=0.0005 (0.0006)  Loss_cos=0.0025 (0.0019)  Loss_wid=0.0002 (0.0003)  IoU=57.16 (66.21)  Prec@50=75.00 (74.40)
2026-03-24 21:41:56 | INFO     | utils.misc:107 - Training: Epoch=[5/50] [7600/7902]  Batch=0.32 (0.33)  Data=0.00 (0.02)  Lr=0.000100  Loss=0.0253 (0.0184)  Loss_ins=0.0234 (0.0149)  Loss_qua=0.0006 (0.0006)  Loss_sin=0.0003 (0.0006)  Loss_cos=0.0016 (0.0019)  Loss_wid=0.0001 (0.0003)  IoU=57.16 (66.21)  Prec@50=75.00 (74.40)
2026-03-24 21:42:27 | INFO     | utils.misc:107 - Training: Epoch=[5/50] [7700/7902]  Batch=0.31 (0.34)  Data=0.00 (0.02)  Lr=0.000100  Loss=0.0137 (0.0183)  Loss_ins=0.0036 (0.0149)  Loss_qua=0.0003 (0.0006)  Loss_sin=0.0009 (0.0006)  Loss_cos=0.0014 (0.0019)  Loss_wid=0.0005 (0.0003)  IoU=65.98 (66.23)  Prec@50=75.00 (74.42)
2026-03-24 21:42:27 | INFO     | utils.misc:107 - Training: Epoch=[5/50] [7700/7902]  Batch=0.31 (0.33)  Data=0.00 (0.02)  Lr=0.000100  Loss=0.0137 (0.0183)  Loss_ins=0.0173 (0.0149)  Loss_qua=0.0005 (0.0006)  Loss_sin=0.0008 (0.0006)  Loss_cos=0.0015 (0.0019)  Loss_wid=0.0006 (0.0003)  IoU=65.98 (66.23)  Prec@50=75.00 (74.42)
2026-03-24 21:43:00 | INFO     | utils.misc:107 - Training: Epoch=[5/50] [7800/7902]  Batch=0.32 (0.34)  Data=0.00 (0.02)  Lr=0.000100  Loss=0.0104 (0.0183)  Loss_ins=0.0086 (0.0149)  Loss_qua=0.0004 (0.0006)  Loss_sin=0.0012 (0.0006)  Loss_cos=0.0012 (0.0019)  Loss_wid=0.0002 (0.0003)  IoU=60.90 (66.25)  Prec@50=62.50 (74.46)
2026-03-24 21:43:00 | INFO     | utils.misc:107 - Training: Epoch=[5/50] [7800/7902]  Batch=0.32 (0.33)  Data=0.00 (0.02)  Lr=0.000100  Loss=0.0104 (0.0183)  Loss_ins=0.0071 (0.0149)  Loss_qua=0.0003 (0.0006)  Loss_sin=0.0006 (0.0006)  Loss_cos=0.0011 (0.0019)  Loss_wid=0.0001 (0.0003)  IoU=60.90 (66.25)  Prec@50=62.50 (74.46)
2026-03-24 21:43:32 | INFO     | utils.misc:107 - Training: Epoch=[5/50] [7900/7902]  Batch=0.32 (0.34)  Data=0.00 (0.02)  Lr=0.000100  Loss=0.0364 (0.0184)  Loss_ins=0.0263 (0.0149)  Loss_qua=0.0014 (0.0006)  Loss_sin=0.0010 (0.0006)  Loss_cos=0.0015 (0.0019)  Loss_wid=0.0010 (0.0003)  IoU=50.12 (66.25)  Prec@50=62.50 (74.45)
2026-03-24 21:43:32 | INFO     | utils.misc:107 - Training: Epoch=[5/50] [7900/7902]  Batch=0.32 (0.33)  Data=0.00 (0.02)  Lr=0.000100  Loss=0.0364 (0.0184)  Loss_ins=0.0374 (0.0149)  Loss_qua=0.0011 (0.0006)  Loss_sin=0.0006 (0.0006)  Loss_cos=0.0022 (0.0019)  Loss_wid=0.0004 (0.0003)  IoU=50.12 (66.25)  Prec@50=62.50 (74.45)
/home/tstanley/miniconda3/envs/vmamba_copy/lib/python3.10/site-packages/requests/__init__.py:113: RequestsDependencyWarning: urllib3 (1.26.20) or chardet (7.0.1)/charset_normalizer (3.1.0) doesn't match a supported version!
  warnings.warn(
/home/tstanley/miniconda3/envs/vmamba_copy/lib/python3.10/site-packages/requests/__init__.py:113: RequestsDependencyWarning: urllib3 (1.26.20) or chardet (7.0.1)/charset_normalizer (3.1.0) doesn't match a supported version!
  warnings.warn(
2026-03-24 21:52:10 | INFO     | engine.crog_engine:388 - Evaluation: Epoch=[5/50]  IoU=65.08  J_index@1: 55.20  J_index@5: 64.13  Pr@50: 76.42  Pr@60: 69.20  Pr@70: 59.22  Pr@80: 42.09  Pr@90: 6.03  
2026-03-24 21:52:10 | INFO     | engine.crog_engine:388 - Evaluation: Epoch=[5/50]  IoU=65.08  J_index@1: 55.25  J_index@5: 64.31  Pr@50: 76.42  Pr@60: 69.20  Pr@70: 59.22  Pr@80: 42.09  Pr@90: 6.03  
/home/tstanley/miniconda3/envs/vmamba_copy/lib/python3.10/site-packages/requests/__init__.py:113: RequestsDependencyWarning: urllib3 (1.26.20) or chardet (7.0.1)/charset_normalizer (3.1.0) doesn't match a supported version!
  warnings.warn(
/home/tstanley/miniconda3/envs/vmamba_copy/lib/python3.10/site-packages/requests/__init__.py:113: RequestsDependencyWarning: urllib3 (1.26.20) or chardet (7.0.1)/charset_normalizer (3.1.0) doesn't match a supported version!
  warnings.warn(
2026-03-24 21:55:14 | INFO     | utils.misc:107 - Training: Epoch=[6/50] [ 100/7902]  Batch=0.40 (1.82)  Data=0.21 (1.40)  Lr=0.000100  Loss=0.0124 (0.0196)  Loss_ins=0.0100 (0.0158)  Loss_qua=0.0010 (0.0007)  Loss_sin=0.0004 (0.0007)  Loss_cos=0.0030 (0.0022)  Loss_wid=0.0004 (0.0003)  IoU=84.28 (66.00)  Prec@50=100.00 (74.62)
2026-03-24 21:55:14 | INFO     | utils.misc:107 - Training: Epoch=[6/50] [ 100/7902]  Batch=0.40 (1.52)  Data=0.00 (1.12)  Lr=0.000100  Loss=0.0124 (0.0196)  Loss_ins=0.0061 (0.0158)  Loss_qua=0.0005 (0.0007)  Loss_sin=0.0006 (0.0006)  Loss_cos=0.0026 (0.0021)  Loss_wid=0.0002 (0.0003)  IoU=84.28 (66.00)  Prec@50=100.00 (74.62)
2026-03-24 21:55:46 | INFO     | utils.misc:107 - Training: Epoch=[6/50] [ 200/7902]  Batch=0.32 (1.07)  Data=0.00 (0.71)  Lr=0.000100  Loss=0.0146 (0.0184)  Loss_ins=0.0114 (0.0152)  Loss_qua=0.0009 (0.0007)  Loss_sin=0.0009 (0.0007)  Loss_cos=0.0016 (0.0022)  Loss_wid=0.0005 (0.0003)  IoU=71.53 (66.34)  Prec@50=87.50 (75.69)
2026-03-24 21:55:46 | INFO     | utils.misc:107 - Training: Epoch=[6/50] [ 200/7902]  Batch=0.32 (0.92)  Data=0.00 (0.57)  Lr=0.000100  Loss=0.0146 (0.0184)  Loss_ins=0.0104 (0.0143)  Loss_qua=0.0006 (0.0007)  Loss_sin=0.0008 (0.0006)  Loss_cos=0.0017 (0.0020)  Loss_wid=0.0003 (0.0002)  IoU=71.53 (66.34)  Prec@50=87.50 (75.69)
2026-03-24 21:56:18 | INFO     | utils.misc:107 - Training: Epoch=[6/50] [ 300/7902]  Batch=0.32 (0.82)  Data=0.00 (0.47)  Lr=0.000100  Loss=0.0110 (0.0187)  Loss_ins=0.0063 (0.0161)  Loss_qua=0.0005 (0.0007)  Loss_sin=0.0003 (0.0007)  Loss_cos=0.0013 (0.0021)  Loss_wid=0.0002 (0.0003)  IoU=67.33 (65.64)  Prec@50=75.00 (74.17)
2026-03-24 21:56:18 | INFO     | utils.misc:107 - Training: Epoch=[6/50] [ 300/7902]  Batch=0.32 (0.72)  Data=0.00 (0.38)  Lr=0.000100  Loss=0.0110 (0.0187)  Loss_ins=0.0081 (0.0142)  Loss_qua=0.0006 (0.0006)  Loss_sin=0.0014 (0.0006)  Loss_cos=0.0030 (0.0019)  Loss_wid=0.0004 (0.0003)  IoU=67.33 (65.64)  Prec@50=75.00 (74.17)
2026-03-24 21:57:06 | INFO     | utils.misc:107 - Training: Epoch=[6/50] [ 400/7902]  Batch=0.32 (0.74)  Data=0.00 (0.38)  Lr=0.000100  Loss=0.0225 (0.0191)  Loss_ins=0.0088 (0.0162)  Loss_qua=0.0006 (0.0007)  Loss_sin=0.0006 (0.0007)  Loss_cos=0.0010 (0.0020)  Loss_wid=0.0002 (0.0003)  IoU=45.19 (65.40)  Prec@50=50.00 (73.78)
2026-03-24 21:57:06 | INFO     | utils.misc:107 - Training: Epoch=[6/50] [ 400/7902]  Batch=0.32 (0.66)  Data=0.00 (0.32)  Lr=0.000100  Loss=0.0225 (0.0191)  Loss_ins=0.0285 (0.0147)  Loss_qua=0.0009 (0.0007)  Loss_sin=0.0010 (0.0006)  Loss_cos=0.0033 (0.0020)  Loss_wid=0.0003 (0.0003)  IoU=45.19 (65.40)  Prec@50=50.00 (73.78)
2026-03-24 21:57:39 | INFO     | utils.misc:107 - Training: Epoch=[6/50] [ 500/7902]  Batch=0.31 (0.65)  Data=0.00 (0.31)  Lr=0.000100  Loss=0.0237 (0.0190)  Loss_ins=0.0110 (0.0159)  Loss_qua=0.0006 (0.0007)  Loss_sin=0.0006 (0.0007)  Loss_cos=0.0017 (0.0020)  Loss_wid=0.0002 (0.0003)  IoU=61.79 (65.53)  Prec@50=62.50 (73.60)
2026-03-24 21:57:39 | INFO     | utils.misc:107 - Training: Epoch=[6/50] [ 500/7902]  Batch=0.31 (0.59)  Data=0.00 (0.26)  Lr=0.000100  Loss=0.0237 (0.0190)  Loss_ins=0.0293 (0.0149)  Loss_qua=0.0007 (0.0007)  Loss_sin=0.0007 (0.0006)  Loss_cos=0.0023 (0.0020)  Loss_wid=0.0003 (0.0003)  IoU=61.79 (65.53)  Prec@50=62.50 (73.60)
2026-03-24 21:58:11 | INFO     | utils.misc:107 - Training: Epoch=[6/50] [ 600/7902]  Batch=0.32 (0.60)  Data=0.00 (0.26)  Lr=0.000100  Loss=0.0122 (0.0188)  Loss_ins=0.0069 (0.0154)  Loss_qua=0.0004 (0.0007)  Loss_sin=0.0003 (0.0006)  Loss_cos=0.0020 (0.0020)  Loss_wid=0.0001 (0.0003)  IoU=77.60 (65.73)  Prec@50=87.50 (73.96)
2026-03-24 21:58:11 | INFO     | utils.misc:107 - Training: Epoch=[6/50] [ 600/7902]  Batch=0.32 (0.55)  Data=0.00 (0.21)  Lr=0.000100  Loss=0.0122 (0.0188)  Loss_ins=0.0118 (0.0150)  Loss_qua=0.0012 (0.0007)  Loss_sin=0.0003 (0.0006)  Loss_cos=0.0009 (0.0020)  Loss_wid=0.0004 (0.0003)  IoU=77.60 (65.73)  Prec@50=87.50 (73.96)
2026-03-24 21:58:43 | INFO     | utils.misc:107 - Training: Epoch=[6/50] [ 700/7902]  Batch=0.32 (0.56)  Data=0.00 (0.22)  Lr=0.000100  Loss=0.0103 (0.0189)  Loss_ins=0.0071 (0.0153)  Loss_qua=0.0004 (0.0007)  Loss_sin=0.0010 (0.0006)  Loss_cos=0.0018 (0.0020)  Loss_wid=0.0002 (0.0003)  IoU=72.78 (65.84)  Prec@50=87.50 (74.16)
2026-03-24 21:58:43 | INFO     | utils.misc:107 - Training: Epoch=[6/50] [ 700/7902]  Batch=0.32 (0.52)  Data=0.00 (0.18)  Lr=0.000100  Loss=0.0103 (0.0189)  Loss_ins=0.0063 (0.0153)  Loss_qua=0.0004 (0.0007)  Loss_sin=0.0009 (0.0006)  Loss_cos=0.0022 (0.0020)  Loss_wid=0.0002 (0.0003)  IoU=72.78 (65.84)  Prec@50=87.50 (74.16)
2026-03-24 21:59:14 | INFO     | utils.misc:107 - Training: Epoch=[6/50] [ 800/7902]  Batch=0.31 (0.53)  Data=0.00 (0.19)  Lr=0.000100  Loss=0.0222 (0.0187)  Loss_ins=0.0239 (0.0152)  Loss_qua=0.0009 (0.0007)  Loss_sin=0.0005 (0.0007)  Loss_cos=0.0021 (0.0020)  Loss_wid=0.0003 (0.0003)  IoU=73.62 (66.03)  Prec@50=87.50 (74.27)
2026-03-24 21:59:14 | INFO     | utils.misc:107 - Training: Epoch=[6/50] [ 800/7902]  Batch=0.31 (0.49)  Data=0.00 (0.16)  Lr=0.000100  Loss=0.0222 (0.0187)  Loss_ins=0.0112 (0.0151)  Loss_qua=0.0013 (0.0007)  Loss_sin=0.0008 (0.0006)  Loss_cos=0.0024 (0.0020)  Loss_wid=0.0010 (0.0003)  IoU=73.62 (66.03)  Prec@50=87.50 (74.27)
2026-03-24 21:59:46 | INFO     | utils.misc:107 - Training: Epoch=[6/50] [ 900/7902]  Batch=0.31 (0.50)  Data=0.00 (0.17)  Lr=0.000100  Loss=0.0104 (0.0188)  Loss_ins=0.0070 (0.0152)  Loss_qua=0.0004 (0.0007)  Loss_sin=0.0008 (0.0007)  Loss_cos=0.0015 (0.0020)  Loss_wid=0.0002 (0.0003)  IoU=87.20 (66.09)  Prec@50=100.00 (74.31)
2026-03-24 21:59:46 | INFO     | utils.misc:107 - Training: Epoch=[6/50] [ 900/7902]  Batch=0.31 (0.47)  Data=0.00 (0.14)  Lr=0.000100  Loss=0.0104 (0.0188)  Loss_ins=0.0067 (0.0152)  Loss_qua=0.0005 (0.0007)  Loss_sin=0.0010 (0.0007)  Loss_cos=0.0024 (0.0020)  Loss_wid=0.0003 (0.0003)  IoU=87.20 (66.09)  Prec@50=100.00 (74.31)
2026-03-24 22:00:18 | INFO     | utils.misc:107 - Training: Epoch=[6/50] [1000/7902]  Batch=0.32 (0.49)  Data=0.00 (0.15)  Lr=0.000100  Loss=0.0143 (0.0186)  Loss_ins=0.0109 (0.0151)  Loss_qua=0.0005 (0.0007)  Loss_sin=0.0008 (0.0007)  Loss_cos=0.0025 (0.0020)  Loss_wid=0.0001 (0.0003)  IoU=72.34 (66.13)  Prec@50=75.00 (74.45)
2026-03-24 22:00:18 | INFO     | utils.misc:107 - Training: Epoch=[6/50] [1000/7902]  Batch=0.32 (0.46)  Data=0.00 (0.13)  Lr=0.000100  Loss=0.0143 (0.0186)  Loss_ins=0.0110 (0.0151)  Loss_qua=0.0006 (0.0007)  Loss_sin=0.0007 (0.0007)  Loss_cos=0.0012 (0.0020)  Loss_wid=0.0002 (0.0003)  IoU=72.34 (66.13)  Prec@50=75.00 (74.45)
2026-03-24 22:00:51 | INFO     | utils.misc:107 - Training: Epoch=[6/50] [1100/7902]  Batch=0.35 (0.47)  Data=0.00 (0.14)  Lr=0.000100  Loss=0.0130 (0.0186)  Loss_ins=0.0077 (0.0149)  Loss_qua=0.0006 (0.0006)  Loss_sin=0.0005 (0.0007)  Loss_cos=0.0022 (0.0020)  Loss_wid=0.0003 (0.0003)  IoU=73.14 (66.27)  Prec@50=87.50 (74.64)
2026-03-24 22:00:51 | INFO     | utils.misc:107 - Training: Epoch=[6/50] [1100/7902]  Batch=0.35 (0.44)  Data=0.00 (0.12)  Lr=0.000100  Loss=0.0130 (0.0186)  Loss_ins=0.0117 (0.0152)  Loss_qua=0.0006 (0.0007)  Loss_sin=0.0007 (0.0007)  Loss_cos=0.0016 (0.0020)  Loss_wid=0.0002 (0.0003)  IoU=73.14 (66.27)  Prec@50=87.50 (74.64)
2026-03-24 22:01:23 | INFO     | utils.misc:107 - Training: Epoch=[6/50] [1200/7902]  Batch=0.33 (0.46)  Data=0.00 (0.13)  Lr=0.000100  Loss=0.0264 (0.0187)  Loss_ins=0.0187 (0.0150)  Loss_qua=0.0006 (0.0006)  Loss_sin=0.0008 (0.0007)  Loss_cos=0.0022 (0.0020)  Loss_wid=0.0001 (0.0003)  IoU=69.16 (66.20)  Prec@50=75.00 (74.42)
2026-03-24 22:01:23 | INFO     | utils.misc:107 - Training: Epoch=[6/50] [1200/7902]  Batch=0.33 (0.43)  Data=0.00 (0.11)  Lr=0.000100  Loss=0.0264 (0.0187)  Loss_ins=0.0216 (0.0153)  Loss_qua=0.0013 (0.0007)  Loss_sin=0.0008 (0.0006)  Loss_cos=0.0059 (0.0020)  Loss_wid=0.0008 (0.0003)  IoU=69.16 (66.20)  Prec@50=75.00 (74.42)
2026-03-24 22:01:56 | INFO     | utils.misc:107 - Training: Epoch=[6/50] [1300/7902]  Batch=0.31 (0.45)  Data=0.00 (0.12)  Lr=0.000100  Loss=0.0207 (0.0186)  Loss_ins=0.0118 (0.0149)  Loss_qua=0.0005 (0.0006)  Loss_sin=0.0005 (0.0007)  Loss_cos=0.0018 (0.0020)  Loss_wid=0.0003 (0.0003)  IoU=60.04 (66.27)  Prec@50=62.50 (74.49)
2026-03-24 22:01:56 | INFO     | utils.misc:107 - Training: Epoch=[6/50] [1300/7902]  Batch=0.31 (0.43)  Data=0.00 (0.10)  Lr=0.000100  Loss=0.0207 (0.0186)  Loss_ins=0.0219 (0.0153)  Loss_qua=0.0009 (0.0007)  Loss_sin=0.0007 (0.0006)  Loss_cos=0.0027 (0.0020)  Loss_wid=0.0004 (0.0003)  IoU=60.04 (66.27)  Prec@50=62.50 (74.49)
2026-03-24 22:02:28 | INFO     | utils.misc:107 - Training: Epoch=[6/50] [1400/7902]  Batch=0.32 (0.44)  Data=0.00 (0.11)  Lr=0.000100  Loss=0.0170 (0.0186)  Loss_ins=0.0128 (0.0147)  Loss_qua=0.0010 (0.0006)  Loss_sin=0.0010 (0.0007)  Loss_cos=0.0033 (0.0020)  Loss_wid=0.0005 (0.0003)  IoU=81.84 (66.42)  Prec@50=100.00 (74.70)
2026-03-24 22:02:28 | INFO     | utils.misc:107 - Training: Epoch=[6/50] [1400/7902]  Batch=0.32 (0.42)  Data=0.00 (0.09)  Lr=0.000100  Loss=0.0170 (0.0186)  Loss_ins=0.0111 (0.0152)  Loss_qua=0.0008 (0.0007)  Loss_sin=0.0011 (0.0007)  Loss_cos=0.0020 (0.0020)  Loss_wid=0.0005 (0.0003)  IoU=81.84 (66.42)  Prec@50=100.00 (74.70)
2026-03-24 22:03:01 | INFO     | utils.misc:107 - Training: Epoch=[6/50] [1500/7902]  Batch=0.31 (0.43)  Data=0.00 (0.10)  Lr=0.000100  Loss=0.0171 (0.0186)  Loss_ins=0.0197 (0.0149)  Loss_qua=0.0011 (0.0006)  Loss_sin=0.0019 (0.0007)  Loss_cos=0.0033 (0.0020)  Loss_wid=0.0007 (0.0003)  IoU=72.83 (66.34)  Prec@50=87.50 (74.53)
2026-03-24 22:03:01 | INFO     | utils.misc:107 - Training: Epoch=[6/50] [1500/7902]  Batch=0.31 (0.41)  Data=0.00 (0.09)  Lr=0.000100  Loss=0.0171 (0.0186)  Loss_ins=0.0056 (0.0152)  Loss_qua=0.0004 (0.0007)  Loss_sin=0.0005 (0.0006)  Loss_cos=0.0010 (0.0020)  Loss_wid=0.0001 (0.0003)  IoU=72.83 (66.34)  Prec@50=87.50 (74.53)
2026-03-24 22:03:44 | INFO     | utils.misc:107 - Training: Epoch=[6/50] [1600/7902]  Batch=0.32 (0.43)  Data=0.00 (0.10)  Lr=0.000100  Loss=0.0155 (0.0186)  Loss_ins=0.0132 (0.0149)  Loss_qua=0.0008 (0.0006)  Loss_sin=0.0008 (0.0007)  Loss_cos=0.0017 (0.0019)  Loss_wid=0.0005 (0.0003)  IoU=63.97 (66.38)  Prec@50=75.00 (74.57)
2026-03-24 22:03:44 | INFO     | utils.misc:107 - Training: Epoch=[6/50] [1600/7902]  Batch=0.32 (0.41)  Data=0.00 (0.08)  Lr=0.000100  Loss=0.0155 (0.0186)  Loss_ins=0.0101 (0.0152)  Loss_qua=0.0008 (0.0007)  Loss_sin=0.0008 (0.0006)  Loss_cos=0.0020 (0.0020)  Loss_wid=0.0003 (0.0003)  IoU=63.97 (66.38)  Prec@50=75.00 (74.57)
2026-03-24 22:04:17 | INFO     | utils.misc:107 - Training: Epoch=[6/50] [1700/7902]  Batch=0.32 (0.43)  Data=0.00 (0.10)  Lr=0.000100  Loss=0.0246 (0.0186)  Loss_ins=0.0093 (0.0149)  Loss_qua=0.0005 (0.0006)  Loss_sin=0.0018 (0.0007)  Loss_cos=0.0016 (0.0020)  Loss_wid=0.0005 (0.0003)  IoU=65.66 (66.36)  Prec@50=75.00 (74.59)
2026-03-24 22:04:17 | INFO     | utils.misc:107 - Training: Epoch=[6/50] [1700/7902]  Batch=0.32 (0.41)  Data=0.00 (0.08)  Lr=0.000100  Loss=0.0246 (0.0186)  Loss_ins=0.0301 (0.0153)  Loss_qua=0.0011 (0.0007)  Loss_sin=0.0008 (0.0006)  Loss_cos=0.0030 (0.0020)  Loss_wid=0.0004 (0.0003)  IoU=65.66 (66.36)  Prec@50=75.00 (74.59)
2026-03-24 22:04:49 | INFO     | utils.misc:107 - Training: Epoch=[6/50] [1800/7902]  Batch=0.35 (0.42)  Data=0.00 (0.09)  Lr=0.000100  Loss=0.0095 (0.0185)  Loss_ins=0.0066 (0.0148)  Loss_qua=0.0003 (0.0006)  Loss_sin=0.0002 (0.0007)  Loss_cos=0.0014 (0.0019)  Loss_wid=0.0001 (0.0003)  IoU=74.80 (66.45)  Prec@50=100.00 (74.72)
2026-03-24 22:04:49 | INFO     | utils.misc:107 - Training: Epoch=[6/50] [1800/7902]  Batch=0.35 (0.40)  Data=0.00 (0.08)  Lr=0.000100  Loss=0.0095 (0.0185)  Loss_ins=0.0080 (0.0152)  Loss_qua=0.0005 (0.0007)  Loss_sin=0.0005 (0.0006)  Loss_cos=0.0012 (0.0020)  Loss_wid=0.0001 (0.0003)  IoU=74.80 (66.45)  Prec@50=100.00 (74.72)
2026-03-24 22:05:21 | INFO     | utils.misc:107 - Training: Epoch=[6/50] [1900/7902]  Batch=0.32 (0.40)  Data=0.00 (0.07)  Lr=0.000100  Loss=0.0128 (0.0184)  Loss_ins=0.0120 (0.0151)  Loss_qua=0.0007 (0.0006)  Loss_sin=0.0003 (0.0006)  Loss_cos=0.0032 (0.0020)  Loss_wid=0.0004 (0.0003)  IoU=67.46 (66.58)  Prec@50=75.00 (74.86)
2026-03-24 22:05:21 | INFO     | utils.misc:107 - Training: Epoch=[6/50] [1900/7902]  Batch=0.32 (0.42)  Data=0.00 (0.09)  Lr=0.000100  Loss=0.0128 (0.0184)  Loss_ins=0.0076 (0.0148)  Loss_qua=0.0003 (0.0006)  Loss_sin=0.0004 (0.0006)  Loss_cos=0.0007 (0.0019)  Loss_wid=0.0001 (0.0003)  IoU=67.46 (66.58)  Prec@50=75.00 (74.86)
2026-03-24 22:05:52 | INFO     | utils.misc:107 - Training: Epoch=[6/50] [2000/7902]  Batch=0.31 (0.41)  Data=0.00 (0.08)  Lr=0.000100  Loss=0.0085 (0.0184)  Loss_ins=0.0081 (0.0147)  Loss_qua=0.0004 (0.0006)  Loss_sin=0.0005 (0.0006)  Loss_cos=0.0009 (0.0019)  Loss_wid=0.0001 (0.0003)  IoU=63.87 (66.72)  Prec@50=62.50 (75.04)
2026-03-24 22:05:52 | INFO     | utils.misc:107 - Training: Epoch=[6/50] [2000/7902]  Batch=0.31 (0.40)  Data=0.00 (0.07)  Lr=0.000100  Loss=0.0085 (0.0184)  Loss_ins=0.0060 (0.0150)  Loss_qua=0.0002 (0.0006)  Loss_sin=0.0003 (0.0006)  Loss_cos=0.0006 (0.0019)  Loss_wid=0.0000 (0.0003)  IoU=63.87 (66.72)  Prec@50=62.50 (75.04)
2026-03-24 22:06:23 | INFO     | utils.misc:107 - Training: Epoch=[6/50] [2100/7902]  Batch=0.31 (0.39)  Data=0.00 (0.06)  Lr=0.000100  Loss=0.0092 (0.0183)  Loss_ins=0.0059 (0.0150)  Loss_qua=0.0002 (0.0006)  Loss_sin=0.0004 (0.0006)  Loss_cos=0.0010 (0.0019)  Loss_wid=0.0001 (0.0003)  IoU=79.66 (66.79)  Prec@50=100.00 (75.11)
2026-03-24 22:06:23 | INFO     | utils.misc:107 - Training: Epoch=[6/50] [2100/7902]  Batch=0.31 (0.41)  Data=0.00 (0.08)  Lr=0.000100  Loss=0.0092 (0.0183)  Loss_ins=0.0068 (0.0147)  Loss_qua=0.0005 (0.0006)  Loss_sin=0.0005 (0.0006)  Loss_cos=0.0027 (0.0019)  Loss_wid=0.0002 (0.0003)  IoU=79.66 (66.79)  Prec@50=100.00 (75.11)
2026-03-24 22:06:55 | INFO     | utils.misc:107 - Training: Epoch=[6/50] [2200/7902]  Batch=0.36 (0.40)  Data=0.00 (0.08)  Lr=0.000100  Loss=0.0160 (0.0181)  Loss_ins=0.0123 (0.0145)  Loss_qua=0.0007 (0.0006)  Loss_sin=0.0009 (0.0006)  Loss_cos=0.0009 (0.0019)  Loss_wid=0.0003 (0.0002)  IoU=81.40 (66.93)  Prec@50=100.00 (75.28)
2026-03-24 22:06:55 | INFO     | utils.misc:107 - Training: Epoch=[6/50] [2200/7902]  Batch=0.36 (0.39)  Data=0.00 (0.06)  Lr=0.000100  Loss=0.0160 (0.0181)  Loss_ins=0.0122 (0.0149)  Loss_qua=0.0008 (0.0006)  Loss_sin=0.0010 (0.0006)  Loss_cos=0.0026 (0.0019)  Loss_wid=0.0003 (0.0003)  IoU=81.40 (66.93)  Prec@50=100.00 (75.28)
2026-03-24 22:07:28 | INFO     | utils.misc:107 - Training: Epoch=[6/50] [2300/7902]  Batch=0.36 (0.40)  Data=0.00 (0.07)  Lr=0.000100  Loss=0.0173 (0.0181)  Loss_ins=0.0060 (0.0145)  Loss_qua=0.0007 (0.0006)  Loss_sin=0.0005 (0.0006)  Loss_cos=0.0006 (0.0019)  Loss_wid=0.0001 (0.0002)  IoU=73.64 (67.06)  Prec@50=87.50 (75.45)
2026-03-24 22:07:28 | INFO     | utils.misc:107 - Training: Epoch=[6/50] [2300/7902]  Batch=0.36 (0.39)  Data=0.00 (0.06)  Lr=0.000100  Loss=0.0173 (0.0181)  Loss_ins=0.0223 (0.0149)  Loss_qua=0.0011 (0.0006)  Loss_sin=0.0007 (0.0006)  Loss_cos=0.0022 (0.0019)  Loss_wid=0.0004 (0.0003)  IoU=73.64 (67.06)  Prec@50=87.50 (75.45)
2026-03-24 22:08:00 | INFO     | utils.misc:107 - Training: Epoch=[6/50] [2400/7902]  Batch=0.35 (0.40)  Data=0.00 (0.07)  Lr=0.000100  Loss=0.0479 (0.0180)  Loss_ins=0.0176 (0.0144)  Loss_qua=0.0007 (0.0006)  Loss_sin=0.0004 (0.0006)  Loss_cos=0.0013 (0.0019)  Loss_wid=0.0004 (0.0002)  IoU=59.53 (67.19)  Prec@50=50.00 (75.48)
2026-03-24 22:08:00 | INFO     | utils.misc:107 - Training: Epoch=[6/50] [2400/7902]  Batch=0.35 (0.38)  Data=0.00 (0.06)  Lr=0.000100  Loss=0.0479 (0.0180)  Loss_ins=0.0697 (0.0148)  Loss_qua=0.0016 (0.0006)  Loss_sin=0.0008 (0.0006)  Loss_cos=0.0023 (0.0019)  Loss_wid=0.0009 (0.0003)  IoU=59.53 (67.19)  Prec@50=50.00 (75.48)
2026-03-24 22:08:33 | INFO     | utils.misc:107 - Training: Epoch=[6/50] [2500/7902]  Batch=0.32 (0.39)  Data=0.00 (0.07)  Lr=0.000100  Loss=0.0079 (0.0179)  Loss_ins=0.0036 (0.0143)  Loss_qua=0.0002 (0.0006)  Loss_sin=0.0004 (0.0006)  Loss_cos=0.0011 (0.0019)  Loss_wid=0.0001 (0.0002)  IoU=78.93 (67.34)  Prec@50=100.00 (75.69)
2026-03-24 22:08:33 | INFO     | utils.misc:107 - Training: Epoch=[6/50] [2500/7902]  Batch=0.32 (0.38)  Data=0.00 (0.05)  Lr=0.000100  Loss=0.0079 (0.0179)  Loss_ins=0.0077 (0.0147)  Loss_qua=0.0005 (0.0006)  Loss_sin=0.0003 (0.0006)  Loss_cos=0.0017 (0.0019)  Loss_wid=0.0001 (0.0003)  IoU=78.93 (67.34)  Prec@50=100.00 (75.69)
2026-03-24 22:09:05 | INFO     | utils.misc:107 - Training: Epoch=[6/50] [2600/7902]  Batch=0.32 (0.39)  Data=0.00 (0.06)  Lr=0.000100  Loss=0.0136 (0.0177)  Loss_ins=0.0047 (0.0142)  Loss_qua=0.0003 (0.0006)  Loss_sin=0.0012 (0.0006)  Loss_cos=0.0012 (0.0019)  Loss_wid=0.0001 (0.0002)  IoU=73.10 (67.45)  Prec@50=87.50 (75.83)
2026-03-24 22:09:05 | INFO     | utils.misc:107 - Training: Epoch=[6/50] [2600/7902]  Batch=0.32 (0.38)  Data=0.00 (0.05)  Lr=0.000100  Loss=0.0136 (0.0177)  Loss_ins=0.0166 (0.0146)  Loss_qua=0.0007 (0.0006)  Loss_sin=0.0004 (0.0006)  Loss_cos=0.0020 (0.0019)  Loss_wid=0.0002 (0.0003)  IoU=73.10 (67.45)  Prec@50=87.50 (75.83)
2026-03-24 22:09:37 | INFO     | utils.misc:107 - Training: Epoch=[6/50] [2700/7902]  Batch=0.34 (0.39)  Data=0.00 (0.06)  Lr=0.000100  Loss=0.0107 (0.0177)  Loss_ins=0.0103 (0.0142)  Loss_qua=0.0007 (0.0006)  Loss_sin=0.0009 (0.0006)  Loss_cos=0.0022 (0.0019)  Loss_wid=0.0004 (0.0002)  IoU=72.71 (67.56)  Prec@50=87.50 (75.94)
2026-03-24 22:09:37 | INFO     | utils.misc:107 - Training: Epoch=[6/50] [2700/7902]  Batch=0.34 (0.38)  Data=0.00 (0.05)  Lr=0.000100  Loss=0.0107 (0.0177)  Loss_ins=0.0048 (0.0146)  Loss_qua=0.0003 (0.0006)  Loss_sin=0.0007 (0.0006)  Loss_cos=0.0009 (0.0019)  Loss_wid=0.0002 (0.0003)  IoU=72.71 (67.56)  Prec@50=87.50 (75.94)
2026-03-24 22:10:08 | INFO     | utils.misc:107 - Training: Epoch=[6/50] [2800/7902]  Batch=0.33 (0.38)  Data=0.00 (0.06)  Lr=0.000100  Loss=0.0088 (0.0176)  Loss_ins=0.0058 (0.0141)  Loss_qua=0.0005 (0.0006)  Loss_sin=0.0008 (0.0006)  Loss_cos=0.0014 (0.0018)  Loss_wid=0.0001 (0.0002)  IoU=80.15 (67.66)  Prec@50=100.00 (76.06)
2026-03-24 22:10:08 | INFO     | utils.misc:107 - Training: Epoch=[6/50] [2800/7902]  Batch=0.33 (0.37)  Data=0.00 (0.05)  Lr=0.000100  Loss=0.0088 (0.0176)  Loss_ins=0.0075 (0.0145)  Loss_qua=0.0002 (0.0006)  Loss_sin=0.0004 (0.0006)  Loss_cos=0.0007 (0.0019)  Loss_wid=0.0001 (0.0002)  IoU=80.15 (67.66)  Prec@50=100.00 (76.06)
2026-03-24 22:10:40 | INFO     | utils.misc:107 - Training: Epoch=[6/50] [2900/7902]  Batch=0.32 (0.38)  Data=0.00 (0.06)  Lr=0.000100  Loss=0.0148 (0.0176)  Loss_ins=0.0102 (0.0142)  Loss_qua=0.0009 (0.0006)  Loss_sin=0.0007 (0.0006)  Loss_cos=0.0016 (0.0018)  Loss_wid=0.0006 (0.0002)  IoU=67.28 (67.79)  Prec@50=87.50 (76.20)
2026-03-24 22:10:40 | INFO     | utils.misc:107 - Training: Epoch=[6/50] [2900/7902]  Batch=0.32 (0.37)  Data=0.00 (0.05)  Lr=0.000100  Loss=0.0148 (0.0176)  Loss_ins=0.0122 (0.0144)  Loss_qua=0.0007 (0.0006)  Loss_sin=0.0006 (0.0006)  Loss_cos=0.0018 (0.0019)  Loss_wid=0.0003 (0.0002)  IoU=67.28 (67.79)  Prec@50=87.50 (76.20)
2026-03-24 22:11:13 | INFO     | utils.misc:107 - Training: Epoch=[6/50] [3000/7902]  Batch=0.31 (0.38)  Data=0.00 (0.06)  Lr=0.000100  Loss=0.0230 (0.0176)  Loss_ins=0.0295 (0.0142)  Loss_qua=0.0007 (0.0006)  Loss_sin=0.0019 (0.0006)  Loss_cos=0.0022 (0.0019)  Loss_wid=0.0004 (0.0002)  IoU=68.08 (67.82)  Prec@50=75.00 (76.23)
2026-03-24 22:11:13 | INFO     | utils.misc:107 - Training: Epoch=[6/50] [3000/7902]  Batch=0.31 (0.37)  Data=0.00 (0.05)  Lr=0.000100  Loss=0.0230 (0.0176)  Loss_ins=0.0089 (0.0144)  Loss_qua=0.0005 (0.0006)  Loss_sin=0.0008 (0.0006)  Loss_cos=0.0009 (0.0019)  Loss_wid=0.0003 (0.0002)  IoU=68.08 (67.82)  Prec@50=75.00 (76.23)
2026-03-24 22:11:45 | INFO     | utils.misc:107 - Training: Epoch=[6/50] [3100/7902]  Batch=0.31 (0.38)  Data=0.00 (0.05)  Lr=0.000100  Loss=0.0146 (0.0176)  Loss_ins=0.0129 (0.0141)  Loss_qua=0.0005 (0.0006)  Loss_sin=0.0005 (0.0006)  Loss_cos=0.0018 (0.0018)  Loss_wid=0.0002 (0.0002)  IoU=53.28 (67.80)  Prec@50=50.00 (76.25)
2026-03-24 22:11:45 | INFO     | utils.misc:107 - Training: Epoch=[6/50] [3100/7902]  Batch=0.31 (0.37)  Data=0.00 (0.04)  Lr=0.000100  Loss=0.0146 (0.0176)  Loss_ins=0.0102 (0.0145)  Loss_qua=0.0005 (0.0006)  Loss_sin=0.0002 (0.0006)  Loss_cos=0.0022 (0.0019)  Loss_wid=0.0001 (0.0002)  IoU=53.28 (67.80)  Prec@50=50.00 (76.25)
2026-03-24 22:12:17 | INFO     | utils.misc:107 - Training: Epoch=[6/50] [3200/7902]  Batch=0.32 (0.38)  Data=0.00 (0.05)  Lr=0.000100  Loss=0.0144 (0.0177)  Loss_ins=0.0075 (0.0143)  Loss_qua=0.0004 (0.0006)  Loss_sin=0.0008 (0.0006)  Loss_cos=0.0012 (0.0019)  Loss_wid=0.0001 (0.0002)  IoU=67.66 (67.70)  Prec@50=75.00 (76.09)
2026-03-24 22:12:17 | INFO     | utils.misc:107 - Training: Epoch=[6/50] [3200/7902]  Batch=0.32 (0.37)  Data=0.00 (0.04)  Lr=0.000100  Loss=0.0144 (0.0177)  Loss_ins=0.0143 (0.0145)  Loss_qua=0.0009 (0.0006)  Loss_sin=0.0010 (0.0006)  Loss_cos=0.0023 (0.0019)  Loss_wid=0.0003 (0.0002)  IoU=67.66 (67.70)  Prec@50=75.00 (76.09)
2026-03-24 22:12:49 | INFO     | utils.misc:107 - Training: Epoch=[6/50] [3300/7902]  Batch=0.19 (0.37)  Data=0.00 (0.05)  Lr=0.000100  Loss=0.0114 (0.0177)  Loss_ins=0.0090 (0.0143)  Loss_qua=0.0005 (0.0006)  Loss_sin=0.0009 (0.0006)  Loss_cos=0.0016 (0.0019)  Loss_wid=0.0002 (0.0002)  IoU=57.68 (67.70)  Prec@50=75.00 (76.09)
2026-03-24 22:12:49 | INFO     | utils.misc:107 - Training: Epoch=[6/50] [3300/7902]  Batch=0.19 (0.37)  Data=0.00 (0.04)  Lr=0.000100  Loss=0.0114 (0.0177)  Loss_ins=0.0087 (0.0145)  Loss_qua=0.0004 (0.0006)  Loss_sin=0.0004 (0.0006)  Loss_cos=0.0011 (0.0019)  Loss_wid=0.0001 (0.0002)  IoU=57.68 (67.70)  Prec@50=75.00 (76.09)
2026-03-24 22:13:21 | INFO     | utils.misc:107 - Training: Epoch=[6/50] [3400/7902]  Batch=0.31 (0.37)  Data=0.00 (0.05)  Lr=0.000100  Loss=0.0224 (0.0177)  Loss_ins=0.0181 (0.0143)  Loss_qua=0.0006 (0.0006)  Loss_sin=0.0006 (0.0006)  Loss_cos=0.0026 (0.0019)  Loss_wid=0.0002 (0.0002)  IoU=66.63 (67.72)  Prec@50=75.00 (76.14)
2026-03-24 22:13:21 | INFO     | utils.misc:107 - Training: Epoch=[6/50] [3400/7902]  Batch=0.31 (0.36)  Data=0.00 (0.04)  Lr=0.000100  Loss=0.0224 (0.0177)  Loss_ins=0.0185 (0.0145)  Loss_qua=0.0009 (0.0006)  Loss_sin=0.0012 (0.0006)  Loss_cos=0.0018 (0.0019)  Loss_wid=0.0004 (0.0002)  IoU=66.63 (67.72)  Prec@50=75.00 (76.14)
2026-03-24 22:13:54 | INFO     | utils.misc:107 - Training: Epoch=[6/50] [3500/7902]  Batch=0.32 (0.37)  Data=0.00 (0.05)  Lr=0.000100  Loss=0.0166 (0.0177)  Loss_ins=0.0170 (0.0143)  Loss_qua=0.0007 (0.0006)  Loss_sin=0.0009 (0.0006)  Loss_cos=0.0020 (0.0019)  Loss_wid=0.0003 (0.0002)  IoU=72.88 (67.71)  Prec@50=87.50 (76.14)
2026-03-24 22:13:54 | INFO     | utils.misc:107 - Training: Epoch=[6/50] [3500/7902]  Batch=0.32 (0.36)  Data=0.00 (0.04)  Lr=0.000100  Loss=0.0166 (0.0177)  Loss_ins=0.0095 (0.0144)  Loss_qua=0.0004 (0.0006)  Loss_sin=0.0004 (0.0006)  Loss_cos=0.0018 (0.0019)  Loss_wid=0.0002 (0.0003)  IoU=72.88 (67.71)  Prec@50=87.50 (76.14)
2026-03-24 22:14:26 | INFO     | utils.misc:107 - Training: Epoch=[6/50] [3600/7902]  Batch=0.32 (0.37)  Data=0.00 (0.05)  Lr=0.000100  Loss=0.0105 (0.0177)  Loss_ins=0.0117 (0.0143)  Loss_qua=0.0004 (0.0006)  Loss_sin=0.0005 (0.0006)  Loss_cos=0.0020 (0.0019)  Loss_wid=0.0002 (0.0002)  IoU=83.10 (67.72)  Prec@50=100.00 (76.15)
2026-03-24 22:14:26 | INFO     | utils.misc:107 - Training: Epoch=[6/50] [3600/7902]  Batch=0.32 (0.36)  Data=0.00 (0.04)  Lr=0.000100  Loss=0.0105 (0.0177)  Loss_ins=0.0041 (0.0145)  Loss_qua=0.0002 (0.0006)  Loss_sin=0.0006 (0.0006)  Loss_cos=0.0012 (0.0019)  Loss_wid=0.0001 (0.0003)  IoU=83.10 (67.72)  Prec@50=100.00 (76.15)
2026-03-24 22:14:58 | INFO     | utils.misc:107 - Training: Epoch=[6/50] [3700/7902]  Batch=0.31 (0.37)  Data=0.00 (0.04)  Lr=0.000100  Loss=0.0159 (0.0178)  Loss_ins=0.0063 (0.0144)  Loss_qua=0.0005 (0.0006)  Loss_sin=0.0004 (0.0006)  Loss_cos=0.0015 (0.0019)  Loss_wid=0.0002 (0.0002)  IoU=76.49 (67.73)  Prec@50=87.50 (76.19)
2026-03-24 22:14:58 | INFO     | utils.misc:107 - Training: Epoch=[6/50] [3700/7902]  Batch=0.31 (0.36)  Data=0.00 (0.04)  Lr=0.000100  Loss=0.0159 (0.0178)  Loss_ins=0.0199 (0.0145)  Loss_qua=0.0005 (0.0006)  Loss_sin=0.0003 (0.0006)  Loss_cos=0.0019 (0.0019)  Loss_wid=0.0002 (0.0003)  IoU=76.49 (67.73)  Prec@50=87.50 (76.19)
2026-03-24 22:15:31 | INFO     | utils.misc:107 - Training: Epoch=[6/50] [3800/7902]  Batch=0.20 (0.37)  Data=0.00 (0.04)  Lr=0.000100  Loss=0.0159 (0.0177)  Loss_ins=0.0173 (0.0143)  Loss_qua=0.0012 (0.0006)  Loss_sin=0.0012 (0.0006)  Loss_cos=0.0049 (0.0019)  Loss_wid=0.0009 (0.0002)  IoU=80.61 (67.78)  Prec@50=87.50 (76.24)
2026-03-24 22:15:31 | INFO     | utils.misc:107 - Training: Epoch=[6/50] [3800/7902]  Batch=0.20 (0.36)  Data=0.00 (0.04)  Lr=0.000100  Loss=0.0159 (0.0177)  Loss_ins=0.0037 (0.0144)  Loss_qua=0.0006 (0.0006)  Loss_sin=0.0004 (0.0006)  Loss_cos=0.0013 (0.0019)  Loss_wid=0.0003 (0.0003)  IoU=80.61 (67.78)  Prec@50=87.50 (76.24)
2026-03-24 22:16:02 | INFO     | utils.misc:107 - Training: Epoch=[6/50] [3900/7902]  Batch=0.35 (0.37)  Data=0.00 (0.04)  Lr=0.000100  Loss=0.0099 (0.0178)  Loss_ins=0.0069 (0.0144)  Loss_qua=0.0004 (0.0006)  Loss_sin=0.0003 (0.0006)  Loss_cos=0.0017 (0.0019)  Loss_wid=0.0001 (0.0002)  IoU=71.63 (67.78)  Prec@50=87.50 (76.21)
2026-03-24 22:16:02 | INFO     | utils.misc:107 - Training: Epoch=[6/50] [3900/7902]  Batch=0.35 (0.36)  Data=0.00 (0.04)  Lr=0.000100  Loss=0.0099 (0.0178)  Loss_ins=0.0082 (0.0144)  Loss_qua=0.0004 (0.0006)  Loss_sin=0.0003 (0.0006)  Loss_cos=0.0013 (0.0019)  Loss_wid=0.0001 (0.0003)  IoU=71.63 (67.78)  Prec@50=87.50 (76.21)
2026-03-24 22:16:34 | INFO     | utils.misc:107 - Training: Epoch=[6/50] [4000/7902]  Batch=0.19 (0.37)  Data=0.00 (0.04)  Lr=0.000100  Loss=0.0149 (0.0178)  Loss_ins=0.0066 (0.0144)  Loss_qua=0.0005 (0.0006)  Loss_sin=0.0005 (0.0006)  Loss_cos=0.0014 (0.0019)  Loss_wid=0.0003 (0.0003)  IoU=77.10 (67.82)  Prec@50=87.50 (76.27)
2026-03-24 22:16:34 | INFO     | utils.misc:107 - Training: Epoch=[6/50] [4000/7902]  Batch=0.19 (0.36)  Data=0.00 (0.03)  Lr=0.000100  Loss=0.0149 (0.0178)  Loss_ins=0.0159 (0.0144)  Loss_qua=0.0007 (0.0006)  Loss_sin=0.0008 (0.0006)  Loss_cos=0.0027 (0.0019)  Loss_wid=0.0004 (0.0003)  IoU=77.10 (67.82)  Prec@50=87.50 (76.27)
2026-03-24 22:17:06 | INFO     | utils.misc:107 - Training: Epoch=[6/50] [4100/7902]  Batch=0.32 (0.36)  Data=0.00 (0.04)  Lr=0.000100  Loss=0.0549 (0.0177)  Loss_ins=0.0404 (0.0143)  Loss_qua=0.0022 (0.0006)  Loss_sin=0.0008 (0.0006)  Loss_cos=0.0075 (0.0019)  Loss_wid=0.0012 (0.0003)  IoU=58.27 (67.79)  Prec@50=62.50 (76.25)
2026-03-24 22:17:06 | INFO     | utils.misc:107 - Training: Epoch=[6/50] [4100/7902]  Batch=0.32 (0.36)  Data=0.00 (0.03)  Lr=0.000100  Loss=0.0549 (0.0177)  Loss_ins=0.0530 (0.0144)  Loss_qua=0.0014 (0.0006)  Loss_sin=0.0011 (0.0006)  Loss_cos=0.0016 (0.0019)  Loss_wid=0.0005 (0.0003)  IoU=58.27 (67.79)  Prec@50=62.50 (76.25)
2026-03-24 22:17:39 | INFO     | utils.misc:107 - Training: Epoch=[6/50] [4200/7902]  Batch=0.32 (0.36)  Data=0.00 (0.04)  Lr=0.000100  Loss=0.0205 (0.0177)  Loss_ins=0.0084 (0.0143)  Loss_qua=0.0004 (0.0006)  Loss_sin=0.0005 (0.0006)  Loss_cos=0.0014 (0.0019)  Loss_wid=0.0002 (0.0003)  IoU=68.14 (67.79)  Prec@50=62.50 (76.20)
2026-03-24 22:17:39 | INFO     | utils.misc:107 - Training: Epoch=[6/50] [4200/7902]  Batch=0.32 (0.36)  Data=0.00 (0.03)  Lr=0.000100  Loss=0.0205 (0.0177)  Loss_ins=0.0261 (0.0145)  Loss_qua=0.0007 (0.0006)  Loss_sin=0.0007 (0.0006)  Loss_cos=0.0021 (0.0019)  Loss_wid=0.0003 (0.0003)  IoU=68.14 (67.79)  Prec@50=62.50 (76.20)
2026-03-24 22:18:11 | INFO     | utils.misc:107 - Training: Epoch=[6/50] [4300/7902]  Batch=0.32 (0.36)  Data=0.00 (0.04)  Lr=0.000100  Loss=0.0154 (0.0178)  Loss_ins=0.0048 (0.0143)  Loss_qua=0.0003 (0.0006)  Loss_sin=0.0004 (0.0006)  Loss_cos=0.0010 (0.0019)  Loss_wid=0.0001 (0.0003)  IoU=73.17 (67.76)  Prec@50=87.50 (76.19)
2026-03-24 22:18:11 | INFO     | utils.misc:107 - Training: Epoch=[6/50] [4300/7902]  Batch=0.32 (0.36)  Data=0.00 (0.03)  Lr=0.000100  Loss=0.0154 (0.0178)  Loss_ins=0.0177 (0.0145)  Loss_qua=0.0012 (0.0006)  Loss_sin=0.0017 (0.0006)  Loss_cos=0.0029 (0.0019)  Loss_wid=0.0007 (0.0003)  IoU=73.17 (67.76)  Prec@50=87.50 (76.19)
2026-03-24 22:18:43 | INFO     | utils.misc:107 - Training: Epoch=[6/50] [4400/7902]  Batch=0.32 (0.36)  Data=0.00 (0.04)  Lr=0.000100  Loss=0.0331 (0.0178)  Loss_ins=0.0371 (0.0143)  Loss_qua=0.0018 (0.0006)  Loss_sin=0.0006 (0.0006)  Loss_cos=0.0080 (0.0019)  Loss_wid=0.0014 (0.0003)  IoU=60.06 (67.76)  Prec@50=62.50 (76.20)
2026-03-24 22:18:43 | INFO     | utils.misc:107 - Training: Epoch=[6/50] [4400/7902]  Batch=0.32 (0.35)  Data=0.00 (0.03)  Lr=0.000100  Loss=0.0331 (0.0178)  Loss_ins=0.0153 (0.0145)  Loss_qua=0.0006 (0.0006)  Loss_sin=0.0002 (0.0006)  Loss_cos=0.0010 (0.0019)  Loss_wid=0.0003 (0.0003)  IoU=60.06 (67.76)  Prec@50=62.50 (76.20)
2026-03-24 22:19:14 | INFO     | utils.misc:107 - Training: Epoch=[6/50] [4500/7902]  Batch=0.32 (0.36)  Data=0.00 (0.04)  Lr=0.000100  Loss=0.0156 (0.0178)  Loss_ins=0.0140 (0.0143)  Loss_qua=0.0007 (0.0006)  Loss_sin=0.0007 (0.0006)  Loss_cos=0.0010 (0.0019)  Loss_wid=0.0006 (0.0003)  IoU=69.04 (67.74)  Prec@50=75.00 (76.19)
2026-03-24 22:19:14 | INFO     | utils.misc:107 - Training: Epoch=[6/50] [4500/7902]  Batch=0.32 (0.35)  Data=0.00 (0.03)  Lr=0.000100  Loss=0.0156 (0.0178)  Loss_ins=0.0097 (0.0145)  Loss_qua=0.0006 (0.0006)  Loss_sin=0.0006 (0.0006)  Loss_cos=0.0023 (0.0019)  Loss_wid=0.0008 (0.0003)  IoU=69.04 (67.74)  Prec@50=75.00 (76.19)
2026-03-24 22:19:46 | INFO     | utils.misc:107 - Training: Epoch=[6/50] [4600/7902]  Batch=0.34 (0.36)  Data=0.00 (0.04)  Lr=0.000100  Loss=0.0478 (0.0178)  Loss_ins=0.0266 (0.0143)  Loss_qua=0.0005 (0.0006)  Loss_sin=0.0005 (0.0006)  Loss_cos=0.0018 (0.0019)  Loss_wid=0.0001 (0.0003)  IoU=40.82 (67.76)  Prec@50=37.50 (76.21)
2026-03-24 22:19:46 | INFO     | utils.misc:107 - Training: Epoch=[6/50] [4600/7902]  Batch=0.34 (0.35)  Data=0.00 (0.03)  Lr=0.000100  Loss=0.0478 (0.0178)  Loss_ins=0.0605 (0.0146)  Loss_qua=0.0017 (0.0006)  Loss_sin=0.0011 (0.0006)  Loss_cos=0.0023 (0.0019)  Loss_wid=0.0006 (0.0003)  IoU=40.82 (67.76)  Prec@50=37.50 (76.21)
2026-03-24 22:20:19 | INFO     | utils.misc:107 - Training: Epoch=[6/50] [4700/7902]  Batch=0.32 (0.36)  Data=0.00 (0.04)  Lr=0.000100  Loss=0.0094 (0.0178)  Loss_ins=0.0082 (0.0143)  Loss_qua=0.0005 (0.0006)  Loss_sin=0.0009 (0.0006)  Loss_cos=0.0016 (0.0019)  Loss_wid=0.0003 (0.0003)  IoU=72.05 (67.79)  Prec@50=75.00 (76.26)
2026-03-24 22:20:19 | INFO     | utils.misc:107 - Training: Epoch=[6/50] [4700/7902]  Batch=0.32 (0.35)  Data=0.00 (0.03)  Lr=0.000100  Loss=0.0094 (0.0178)  Loss_ins=0.0046 (0.0145)  Loss_qua=0.0004 (0.0006)  Loss_sin=0.0007 (0.0006)  Loss_cos=0.0014 (0.0019)  Loss_wid=0.0001 (0.0003)  IoU=72.05 (67.79)  Prec@50=75.00 (76.26)
2026-03-24 22:20:50 | INFO     | utils.misc:107 - Training: Epoch=[6/50] [4800/7902]  Batch=0.35 (0.36)  Data=0.00 (0.03)  Lr=0.000100  Loss=0.0105 (0.0178)  Loss_ins=0.0044 (0.0143)  Loss_qua=0.0003 (0.0006)  Loss_sin=0.0004 (0.0006)  Loss_cos=0.0013 (0.0019)  Loss_wid=0.0001 (0.0003)  IoU=54.11 (67.81)  Prec@50=62.50 (76.28)
2026-03-24 22:20:50 | INFO     | utils.misc:107 - Training: Epoch=[6/50] [4800/7902]  Batch=0.35 (0.35)  Data=0.00 (0.03)  Lr=0.000100  Loss=0.0105 (0.0178)  Loss_ins=0.0109 (0.0145)  Loss_qua=0.0006 (0.0006)  Loss_sin=0.0004 (0.0006)  Loss_cos=0.0026 (0.0019)  Loss_wid=0.0001 (0.0003)  IoU=54.11 (67.81)  Prec@50=62.50 (76.28)
2026-03-24 22:21:22 | INFO     | utils.misc:107 - Training: Epoch=[6/50] [4900/7902]  Batch=0.32 (0.36)  Data=0.00 (0.03)  Lr=0.000100  Loss=0.0117 (0.0177)  Loss_ins=0.0103 (0.0143)  Loss_qua=0.0009 (0.0006)  Loss_sin=0.0006 (0.0006)  Loss_cos=0.0018 (0.0019)  Loss_wid=0.0001 (0.0003)  IoU=62.94 (67.87)  Prec@50=75.00 (76.37)
2026-03-24 22:21:22 | INFO     | utils.misc:107 - Training: Epoch=[6/50] [4900/7902]  Batch=0.32 (0.35)  Data=0.00 (0.03)  Lr=0.000100  Loss=0.0117 (0.0177)  Loss_ins=0.0077 (0.0145)  Loss_qua=0.0002 (0.0006)  Loss_sin=0.0006 (0.0006)  Loss_cos=0.0011 (0.0019)  Loss_wid=0.0001 (0.0003)  IoU=62.94 (67.87)  Prec@50=75.00 (76.37)
2026-03-24 22:21:54 | INFO     | utils.misc:107 - Training: Epoch=[6/50] [5000/7902]  Batch=0.32 (0.36)  Data=0.00 (0.03)  Lr=0.000100  Loss=0.0100 (0.0177)  Loss_ins=0.0063 (0.0142)  Loss_qua=0.0002 (0.0006)  Loss_sin=0.0003 (0.0006)  Loss_cos=0.0009 (0.0019)  Loss_wid=0.0000 (0.0002)  IoU=53.92 (67.93)  Prec@50=50.00 (76.44)
2026-03-24 22:21:54 | INFO     | utils.misc:107 - Training: Epoch=[6/50] [5000/7902]  Batch=0.32 (0.35)  Data=0.00 (0.03)  Lr=0.000100  Loss=0.0100 (0.0177)  Loss_ins=0.0100 (0.0144)  Loss_qua=0.0004 (0.0006)  Loss_sin=0.0006 (0.0006)  Loss_cos=0.0012 (0.0019)  Loss_wid=0.0001 (0.0003)  IoU=53.92 (67.93)  Prec@50=50.00 (76.44)
